"ID","Description","setSize","enrichmentScore","NES","pvalue","p.adjust","qvalue","rank","leading_edge","core_enrichment","log2err"
"hsa04141","Protein processing in endoplasmic reticulum",166,0.569856443025184,2.79033445383519,1e-10,3.52e-09,3.33517916306031e-10,4334,"tags=63%, list=25%, signal=48%","5034/3998/3309/7494/9601/26270/6238/7415/578/10970/2923/7184/56886/29927/9871/3703/55666/51726/5611/9709/5887/9373/6747/23193/10525/9632/811/3320/821/79139/22872/51465/10483/56605/3310/10130/6185/10905/23190/81567/80331/80267/1650/823/23640/10802/55968/6184/468/23471/30001/27248/29979/3301/6400/6748/5599/3312/9695/6745/7841/5601/4780/84061/91319/2081/6396/64215/55829/3326/5589/8454/4121/1409/7353/118424/26232/7321/10294/201595/10113/1388/4217/7326/165324/64374/51009/55432/10952/746/3337/5609/7322/51128/56681/9451/55741/58505/6746/10956/10960/7323/200185/7466/54788",NA
"hsa03050","Proteasome",43,0.688383259706069,2.60086233851612,3.37743777364125e-10,9.14506227939784e-09,8.66489237475468e-10,3664,"tags=77%, list=21%, signal=61%","5690/5696/5720/5699/5717/5698/5707/5685/5684/5704/5721/10197/5708/5702/5709/5695/5719/5686/5700/5718/5705/5701/5683/10213/5687/7979/5693/5694/51371/5713/5692/11047/9491",0.814035837847908
"hsa01200","Carbon metabolism",103,0.550551931773965,2.46282249268956,1e-10,3.52e-09,3.33517916306031e-10,3409,"tags=51%, list=20%, signal=42%","5226/3418/7086/3419/2597/2023/5214/29968/6389/80201/3099/3421/6472/48/4200/84706/1743/1738/4329/39/2731/2821/8310/5223/5230/2539/226/3101/50/9104/3417/2806/6470/4191/2805/1737/113675/26275/128/5160/5096/55902/51/1431/6391/22934/6888/26227/847/5315/5211/283871/2098",NA
"hsa04110","Cell cycle",154,0.497307957028999,2.38871581288024,1e-10,3.52e-09,3.33517916306031e-10,4058,"tags=52%, list=23%, signal=40%","1871/595/894/1028/994/57082/7532/9319/990/7027/7534/5347/3066/898/993/991/4609/4175/4998/81620/995/699/891/113130/90381/9133/7531/10912/4173/8243/4085/23063/157570/5526/701/6502/8318/7529/890/1017/7272/10403/1111/23594/983/4171/996/151648/9212/10971/3065/4176/5885/51343/1869/5518/8454/9088/7157/8555/4616/4089/5591/9232/7029/26271/11200/5525/9587/9126/5515/4172/4193/5111/8697/7533/25/246184/5516/1026",NA
"hsa05169","Epstein-Barr virus infection",180,0.484687507359235,2.38808062191909,1e-10,3.52e-09,3.33517916306031e-10,3090,"tags=39%, list=18%, signal=33%","4067/6774/1871/595/5879/4615/894/9541/836/6890/578/2923/3106/8737/6772/5603/5717/5707/8503/3108/7874/811/3066/898/3654/6891/637/3134/3133/3107/4609/3105/5704/841/4793/1432/3113/54205/10912/5708/317/22938/6502/6892/5702/5599/57506/890/1017/29110/5709/5601/5719/5700/3123/3725/5718/5705/355/207/5701/567/3065/1869/6773/10213/7157/4616/3135/7979/8819",NA
"hsa00020","Citrate cycle (TCA cycle)",29,0.661280421758675,2.36599129195333,2.62835869151421e-06,1.96847289236809e-05,1.86511641297588e-06,2689,"tags=52%, list=16%, signal=44%","3418/3419/6389/3421/48/1743/1738/50/3417/4191/1737/47/5160/1431/6391",0.627256739718528
"hsa01230","Biosynthesis of amino acids",65,0.572176524700658,2.36108666329588,8.63492556031599e-09,1.59973357749012e-07,1.51573809491278e-08,3768,"tags=52%, list=22%, signal=41%","3418/7086/5831/3419/2597/2023/5214/29968/3421/6472/4144/48/84706/445/5223/27430/5230/226/435/50/3417/2806/6470/2805/113675/1431/22934/6888/26227/5315/5211/5634/95/2752",0.747739663149885
"hsa00030","Pentose phosphate pathway",26,0.677436792964907,2.32972386743041,2.48628780997795e-06,1.94482957580498e-05,1.84271451049096e-06,4107,"tags=62%, list=24%, signal=47%","5226/7086/5214/55276/5236/2821/23729/2539/226/9104/22934/6888/5211/5634/64080/2203",0.627256739718528
"hsa01212","Fatty acid metabolism",53,0.569135046977973,2.29701373465163,6.87843293988453e-07,6.5438064725388e-06,6.20021789611095e-07,4678,"tags=58%, list=27%, signal=43%","23305/1374/3295/10449/2194/2182/79071/51703/3033/37/39/8310/27349/79966/51144/34/30/51/9524/3030/1376/79993/6342/36/1962/201562/51102/6319/2181/9415/3032",0.659444398037935
"hsa00510","N-Glycan biosynthesis",52,0.577024589690434,2.29189895474282,3.75486626351742e-07,3.88739095517098e-06,3.68327991828277e-07,4361,"tags=63%, list=25%, signal=48%","3703/23193/4245/2683/1798/6185/10905/1650/6184/7841/11320/4124/84061/2530/79644/22845/4247/8704/4121/56052/29880/8818/201595/199857/10195/79087/746/85365/8703/58505/200185/440138/79796",0.674962860011025
"hsa05203","Viral carcinogenesis",169,0.464119843438582,2.2824339661301,1e-10,3.52e-09,3.33517916306031e-10,4343,"tags=47%, list=25%, signal=36%","4067/6774/595/5879/894/27044/836/578/9261/3106/81/9759/3249/7532/8503/7534/7874/3066/898/991/3134/3133/3107/3105/3845/841/8341/7531/1654/9114/468/387/1642/22938/1108/6502/7529/890/1017/1111/1232/2960/5700/1386/3725/983/84699/6722/2957/4055/10971/8363/5595/2958/3065/3190/7157/2967/3135/87/6714/85236/1388/5366/5315/5970/1234/4193/5566/90993/7533/1739/5829/1026/10488/896/5610/23513/64764/440689",NA
"hsa05133","Pertussis",68,0.532765117201497,2.27321083710535,1.23958178308166e-07,1.62168369020472e-06,1.5365356967743e-07,3847,"tags=50%, list=22%, signal=39%","717/4843/3659/834/4615/836/5603/727/3654/6372/1432/387/2773/5599/840/3576/5601/808/3725/713/6374/801/725/5595/3688/1072/148022/3553/114609/29108/5970/720/2353/714",0.690132458796796
"hsa01250","Biosynthesis of nucleotide sugars",35,0.608720701505626,2.27052107566831,8.96585285063978e-06,6.11130047059888e-05,5.79042101952898e-06,4588,"tags=69%, list=27%, signal=51%","2762/64841/7264/140838/80201/3099/2673/55907/55276/5236/2585/2821/5373/3101/7358/7360/5238/29925/29926/4351/2582/54187/6675/3098",0.593325476396405
"hsa05163","Human cytomegalovirus infection",191,0.450046062322592,2.2473848802525,1e-10,3.52e-09,3.33517916306031e-10,4408,"tags=51%, list=25%, signal=38%","6774/1871/595/5879/836/6890/578/2923/2783/3106/8737/2778/5578/5603/2782/8503/3579/1499/811/1398/6891/637/3134/3133/3107/5534/4609/3105/3845/6667/841/5747/1978/1432/54205/468/5604/387/2767/2773/6892/7132/29110/3576/23236/7422/1232/3710/808/1386/84699/9826/355/207/801/5331/5595/567/2002/356/1869/2475/23365/7157/6199/3135/4775/2768/3588/6714/1388/3553/9564/5970/1234/1399/107/5743/6009/115/4193/5566/90993/5881/5829/1026/108/6198/10488/2787/55970/64764/2793/1147/91860/2776/5605",NA
"hsa04612","Antigen processing and presentation",65,0.544240030645911,2.24580670914814,1.24390510328203e-07,1.62168369020472e-06,1.5365356967743e-07,3273,"tags=45%, list=19%, signal=36%","3309/6890/2923/5720/3106/1508/3108/811/1520/3320/821/6891/3134/3133/3107/3310/3105/3113/5721/10197/6892/3312/3123/567/3326/3308/3135/972/4802",0.690132458796796
"hsa05130","Pathogenic Escherichia coli infection",175,0.453379843304336,2.22084166118172,2.9283360968742e-10,8.90327002408089e-09,8.43579564415171e-10,3982,"tags=45%, list=23%, signal=35%","834/5879/4615/836/2597/2017/578/71/9069/8737/9871/79784/51208/4627/55971/5603/9632/4646/4691/375/5861/3654/382/2212/10097/5058/5781/841/4793/1432/54205/10802/203068/60/387/10095/7132/5599/84790/10552/840/3576/5601/5062/9368/55930/10376/8440/3725/9075/147179/8976/9265/9266/10383/9826/355/8795/5595/3688/4651/356/23365/4642/10972/2768/6714/3553/8743/114609/29108/5970/10092/2353/4645/1364/10787/25",0.814035837847908
"hsa05170","Human immunodeficiency virus 1 infection",185,0.443694393633295,2.2081911052356,3.03520569002758e-10,8.90327002408089e-09,8.43579564415171e-10,4408,"tags=49%, list=25%, signal=37%","5879/4615/836/6890/578/2923/2783/3106/8737/5578/5603/2782/8503/811/1398/3654/6891/637/3134/3133/3107/5534/3105/3845/995/5058/56924/841/5747/891/1432/9133/54205/598/5604/7133/1642/2767/2773/200315/6892/7132/5599/130340/9582/29110/3985/23291/1111/5601/3710/5062/808/3725/983/355/207/801/5595/567/10298/25939/164/356/2475/1072/8454/6199/3135/4775/8907/85363/5970/5609/1234/684/1399/2353/5881/27350/5829/162/9730/6198/2787/55970/2793/1147/91860/2776/5605",0.814035837847908
"hsa00010","Glycolysis / Gluconeogenesis",58,0.538060637428816,2.20643457584645,1.65199325644819e-06,1.38452768159467e-05,1.31183178248146e-06,3298,"tags=48%, list=19%, signal=39%","2597/127/2023/5214/669/80201/130589/3099/55276/1738/5236/2821/5223/5230/224/226/3101/1737/128/5160/55902/9562/3939/217/92579/218/5315/5211",0.643551836150722
"hsa04156","Integrated stress response (ISR) signaling pathway",51,0.543324534047005,2.19898387075355,7.40393829605192e-06,5.31874751063322e-05,5.03948178154624e-06,5477,"tags=67%, list=32%, signal=46%","3309/79094/494143/467/3329/3320/64223/84919/468/84335/27102/54541/8795/8892/64798/2887/3326/2475/8890/22809/5366/5500/8894/1968/440275/9451/5610/27113/5499/51142/9361/5501/1965/9894",0.610526878385931
"hsa05168","Herpes simplex virus 1 infection",152,0.446436927500363,2.18856441890268,5.63838414785294e-09,1.10261734446902e-07,1.04472340684715e-08,3660,"tags=40%, list=21%, signal=32%","4615/836/6890/578/6732/6429/2923/3106/6772/5819/8503/3108/811/9021/727/3654/6891/637/3134/3133/3107/3105/5781/841/1978/330/3113/54205/598/317/6892/7132/57506/29110/3717/7098/5818/3123/355/207/64135/10189/8892/567/5371/356/2475/6773/7157/8890/3135/3459/6714/972/148022/3553/5500/8740/5970/684/6009",0.761460801445585
"hsa04210","Apoptosis",128,0.465738205054165,2.18683145052218,9.14088288216782e-09,1.60879538726154e-07,1.52432410602904e-08,3289,"tags=43%, list=19%, signal=35%","843/836/578/71/8737/1508/84823/4001/8503/10038/9131/1520/3002/637/332/3845/841/143/330/823/4170/54205/10912/153090/60/598/468/5604/317/7132/5599/84790/840/5601/3710/10376/3725/10039/2081/355/207/8795/5170/5595/356/7157/331/4616/1677/6709/5551/4217/1519/5366/8743",0.747739663149885
"hsa01210","2-Oxocarboxylic acid metabolism",30,0.616196403968658,2.17104964070261,1.96595290863552e-05,0.000124793878401707,1.18241461057629e-05,3898,"tags=63%, list=23%, signal=49%","3418/3419/3421/48/84706/1743/1738/50/3417/2806/2805/1737/5160/1431/55526/593/95/1629/4967",0.575610261071129
"hsa05164","Influenza A",140,0.454936805826677,2.16002821784221,1.37734146589034e-08,2.30868664758762e-07,2.1874669321221e-08,3556,"tags=39%, list=21%, signal=31%","834/4615/836/578/71/103/6772/5611/5578/8503/3108/7706/9021/3838/292/637/5644/841/7113/4793/3113/54205/60/5604/293/317/7132/23633/57506/29110/3717/7098/3576/5646/11100/3123/8766/355/207/64135/8795/4928/5595/5371/356/6773/10241/3459/148022/3553/8743/7416/29108/5970/3337",0.747739663149885
"hsa05010","Alzheimer disease",343,0.404579967372404,2.15835925999214,1e-10,3.52e-09,3.33517916306031e-10,4416,"tags=44%, list=26%, signal=33%","4843/5690/7494/1131/836/2597/7976/25825/7922/7481/5717/351/5707/8503/3416/7474/23401/4891/6389/506/1499/3799/292/637/5685/5684/4035/5534/3845/10105/10313/5704/841/8326/488/823/54205/203068/468/5604/293/55626/5708/317/23385/2906/7132/7385/5702/5599/8313/84790/8678/840/4041/23236/5709/5695/5601/3710/55334/10376/5719/808/55851/5686/5700/7386/4702/518/2081/9377/55630/4728/5718/5705/10383/9776/355/207/801/90550/5701/498/29982/5331/5595/1454/4720/4726/10023/6391/2475/5683/10213/5687/7483/23621/4512/7979/5693/23130/4023/3553/5694/4217/516/7416/5713/64116/1452/5692/7417/5970/5609/5481/2535/11047/5743/1020/1128/55062/1537/374291/1857/8321/9451/4514/4719/5688/29985/539/54539/509/4715/9167/513/4710/4513/5610/522/1459/4723/1147/26100/91860/2776/51107/5605/30849",NA
"hsa05110","Vibrio cholerae infection",45,0.563444306816973,2.15387570005922,9.20167400402672e-06,6.11130047059888e-05,5.79042101952898e-06,3730,"tags=51%, list=22%, signal=40%","3784/9601/71/29927/2778/5578/10312/375/6558/60/9114/30001/526/10945/523/11014/9414/528/23545/11015/10952/115/5566",0.593325476396405
"hsa05012","Parkinson disease",243,0.415705046559392,2.14648068575931,1e-10,3.52e-09,3.33517916306031e-10,4395,"tags=44%, list=25%, signal=33%","5690/3309/7494/836/7317/2778/6647/10131/7922/5717/5707/4891/6389/817/506/3799/292/9246/5685/5684/51465/7332/10105/5704/54205/203068/9817/598/468/293/5708/2773/317/7385/5702/5599/84790/5709/5695/5601/3710/4780/55334/10376/5719/808/5686/5700/7386/4702/518/2081/9377/55630/4728/5718/5705/10383/801/90550/5701/498/4720/4726/9927/6391/25828/5683/10213/7157/5687/7318/118424/4512/7979/5693/6570/5694/4217/7326/516/7416/5713/64116/5692/7417/11047/5566/1537/374291/9451/4514/4719/5688/29985/539/54539/509/4715/9167/513/4710/4513/7314/522/4723/91860",NA
"hsa05417","Lipid and atherosclerosis",182,0.432488192305913,2.14543422894553,2.18410756637352e-09,5.1253724224232e-08,4.85626003016755e-09,3558,"tags=40%, list=21%, signal=32%","4067/834/6774/5879/4615/3309/7494/836/7184/2919/5578/5603/2920/8503/817/3329/3320/3654/637/3949/5534/3310/3845/2921/841/5747/1432/54205/598/468/30001/387/4688/317/7132/5599/3312/29110/3717/840/3576/23236/5601/4780/4312/1559/808/3725/2081/355/207/801/8795/5170/5331/5595/3326/356/4314/7157/3308/4775/6256/6714/148022/3553/4217/8743/4973/114609/29108/5970/5609",0.774939030136436
"hsa04917","Prolactin signaling pathway",59,0.522366404114616,2.14409133894245,5.40976731977376e-06,3.96716270116742e-05,3.75886317539876e-06,2533,"tags=37%, list=15%, signal=32%","3659/6774/595/894/6772/5603/8503/9021/8792/8651/3845/6464/1432/5604/5599/3717/5601/1154/207/5595/122809/2309",0.610526878385931
"hsa00071","Fatty acid degradation",40,0.564396466225841,2.14365401663761,4.05435481969505e-05,0.00022652903119566,2.14634916100001e-05,4982,"tags=65%, list=29%, signal=46%","23305/1374/127/10449/2182/51703/3033/37/39/8310/224/34/128/30/51/217/3030/1376/36/1962/2181/3032/223/10455/1632/219",0.557332238758646
"hsa04146","Peroxisome",77,0.488275836429648,2.14149479027074,2.23602227675489e-06,1.78881782140391e-05,1.69489429672081e-06,4813,"tags=48%, list=28%, signal=35%","4843/3418/7498/51268/23305/5826/3295/6647/2182/255027/84188/1891/51703/84769/8540/26061/8310/55711/55670/5194/3417/30/11264/51/55825/847/390916/6342/1962/10654/51555/1384/2181/4598/5195/10455/3155",0.627256739718528
"hsa00051","Fructose and mannose metabolism",35,0.572595317542722,2.13577381727624,5.83591771618317e-05,0.000293463290870925,2.78054730919266e-05,5338,"tags=63%, list=31%, signal=44%","2762/6652/7264/5214/80201/3099/226/5373/3101/5209/57103/5208/5211/29925/29926/4351/2203/7167/3098/5372/197258/57016",0.557332238758646
"hsa01240","Biosynthesis of cofactors",140,0.448623374709804,2.1300522097699,3.01825396732827e-08,4.61924085434587e-07,4.37670336550319e-08,5114,"tags=53%, list=30%, signal=38%","2730/4522/1728/2058/29968/53630/10797/55312/1355/2677/6472/2235/4144/55163/27235/125061/50808/51727/1738/3145/80347/54658/387787/27430/224/2643/5373/9104/6470/1719/129607/248/211/154807/54576/2729/122481/60490/7358/7360/2356/10229/217/55191/1723/51805/124454/10243/4830/93100/7390/29925/29926/790/2990/4351/4337/7366/249/54657/51109/79001/3620/1503/203/102157402/23498/204/5372/219/7372/65220/210/27010",0.719512826338911
"hsa04217","Necroptosis",125,0.452234074235928,2.12867582685567,2.31783867857757e-07,2.81337660296312e-06,2.66565767728523e-07,4483,"tags=49%, list=26%, signal=36%","834/6774/8737/6772/817/9131/3320/292/637/841/330/823/27183/293/27243/9825/192111/7132/5599/81030/3717/57132/7098/5601/255189/3014/355/8795/246/3326/9525/356/6773/5321/331/55506/3459/55072/92421/148022/3553/8743/7416/3015/9555/8329/79643/29108/7417/5481/5836/2752/25978/197259/92815/6609/3458/5610/5119/10616/94239",0.690132458796796
"hsa04137","Mitophagy - animal",96,0.469451084833556,2.12586023586662,1.02244782481445e-06,9.2282470342227e-06,8.74370943753199e-07,5469,"tags=58%, list=32%, signal=40%","7415/3091/5868/79594/22879/3845/84134/6667/664/10452/4077/84315/598/468/7030/55626/192111/5599/25813/29110/8678/5601/7879/57154/3725/8887/5878/2309/9927/1869/54708/4580/10241/81631/7157/9868/6714/79065/4976/5970/79671/9451/55288/11331/7314/1459/55669/5869/9804/10075/25820/267/6237/1965/7316/23770",0.643551836150722
"hsa04936","Alcoholic liver disease",118,0.454903397961285,2.10110641790671,1.62294872070933e-07,2.04027839174887e-06,1.93315169858041e-07,3874,"tags=44%, list=22%, signal=34%","717/595/4615/836/1374/127/8737/2194/2919/5603/2920/2168/1499/727/3654/2921/841/37/1432/8310/224/79966/32/7132/5599/29110/34/10645/3576/5601/51422/128/713/355/207/23175/9663/2309/51/79602/356/217/148022/3553/4217/5562/114609/5970/5609/720/714/64900",0.690132458796796
"hsa05022","Pathways of neurodegeneration - multiple diseases",425,0.383358647757616,2.09916078968625,1e-10,3.52e-09,3.33517916306031e-10,4416,"tags=42%, list=26%, signal=32%","4843/5879/5690/3309/7494/1131/836/7415/578/7976/7317/6647/10131/2877/7481/5578/5603/5717/351/5707/5868/7474/23401/6389/817/506/1639/1499/5861/6804/3799/292/9246/79139/637/5685/5684/51465/7332/5534/3845/84134/10105/5704/10671/841/8326/488/1432/823/10452/54205/203068/6712/598/468/5604/293/7133/55626/5708/317/2906/7132/7385/5702/5599/8313/84790/4744/29110/8678/840/4041/23236/5709/5695/5601/3710/6262/10376/5719/808/5686/5700/7386/4702/518/2081/9377/10280/4728/5718/5705/10383/9776/355/801/90550/10121/5701/498/29982/5331/5595/1454/4218/4720/4726/9927/10023/356/6391/2475/51164/5683/10213/81631/5687/7483/7318/118424/4512/53349/7979/5693/23130/847/3553/5694/4217/7326/516/7416/5713/1452/5692/7417/5970/5609/5481/2535/11047/5743/1020/1128/57679/10540/25978/55062/1537/374291/1857/8321/9451/4514/4719/5688/539/54539/2878/509/4715/9167/513/4710/4513/9217/1770/7314/522/1459/4723/26100/91860/2776/5605/30849",NA
"hsa05134","Legionellosis",50,0.527725582777185,2.09372124307701,3.10358844612581e-05,0.000179092316891194,1.69688910102189e-05,1841,"tags=36%, list=11%, signal=32%","834/4615/836/7415/2919/2920/375/5861/3329/3310/2921/841/664/54205/317/3312/840/3576",0.557332238758646
"hsa04215","Apoptosis - multiple species",30,0.594172397777285,2.09345228631908,6.96050164920535e-05,0.000341036629639969,3.23130187788506e-05,1906,"tags=47%, list=11%, signal=42%","836/578/637/332/841/330/54205/598/317/7132/5599/8678/840/5601",0.538434096309916
"hsa05120","Epithelial cell signaling in Helicobacter pylori infection",63,0.503598589411063,2.09138576743442,9.18759599770898e-06,6.11130047059888e-05,5.79042101952898e-06,2640,"tags=35%, list=15%, signal=30%","4067/5879/836/2919/5603/2920/3579/10312/5058/5781/2921/1432/9114/5599/526/3576/523/5601/3725/50848/528/23545",0.593325476396405
"hsa04657","IL-17 signaling pathway",74,0.492247441780855,2.08749445447991,1.98996871985302e-06,1.62899764974015e-05,1.54346563013851e-06,4345,"tags=53%, list=25%, signal=40%","836/3934/7184/6280/2919/5603/2920/1051/3320/6372/53342/1994/2921/841/6364/6279/1432/5599/5597/29110/9618/3576/5601/4312/3725/6374/5595/5598/3326/4314/3553/5970/5743/2353/10758/84818/3458/132014/1147",0.627256739718528
"hsa05167","Kaposi sarcoma-associated herpesvirus infection",161,0.433073287782666,2.08503722632378,1.61399734516957e-08,2.58239575227131e-07,2.44680468856555e-08,4408,"tags=47%, list=25%, signal=36%","4067/6774/1871/595/5879/836/578/3091/9261/2783/3106/6772/2919/5603/2920/2782/8503/1499/1827/637/3134/3133/3107/5534/4609/3105/3845/2921/841/1432/54205/5604/7132/5599/7538/29110/3717/7098/8678/3576/7422/1232/5601/3710/4277/808/3725/355/207/801/5595/1869/2475/6773/81631/7157/3135/3459/4775/6714/148022/5970/5609/1234/5743/64422/2353/1026/2787/55970/7314/5610/2793/1147/91860/5605",0.73376198835648
"hsa05160","Hepatitis C",126,0.441478079543505,2.08181857991211,3.41106342789913e-07,3.63846765642574e-06,3.44742656624432e-07,4562,"tags=45%, list=26%, signal=34%","6774/1871/595/836/578/9069/8737/6772/51208/7532/8503/7534/1499/9021/637/3949/4609/3845/841/7531/54205/5604/10197/949/317/7132/57506/7529/1017/29110/7098/9075/355/207/10971/5595/356/1869/6773/5518/7157/6256/148022/5970/5515/1364/7533/5516/1026/1366/3458/5610/1147/5465/5605/369/1950",0.674962860011025
"hsa05132","Salmonella infection",230,0.402196205803057,2.07575769328393,1.66812773589197e-09,4.19414973595696e-08,3.97393204719276e-09,3966,"tags=38%, list=23%, signal=30%","834/5879/4615/836/5898/2597/578/71/838/7184/8737/64746/5603/79792/4646/5868/1639/1499/375/3320/3654/3799/382/4609/10097/5286/1778/5058/140735/10671/841/330/1432/54205/203068/60/5604/387/10095/7132/5599/84790/1781/10552/10640/840/3576/5601/6993/10376/7879/3725/3839/8976/8767/391/9265/9266/10383/207/8795/10121/5878/5595/127829/3326/5216/1783/25828/51164/1434/51143/9842/1785/3553/51429/8743/114609/29108/5970/5609/10092/2353/10540/9648/8655/10787/197259",0.788186810800237
"hsa04668","TNF signaling pathway",112,0.451400130718286,2.07014350834875,4.82930441686395e-07,4.85690044210317e-06,4.60188441805707e-07,4345,"tags=48%, list=25%, signal=36%","3659/843/836/8737/2919/5603/2920/8503/9021/1051/6372/2921/841/330/6364/1432/3976/153090/468/5604/7133/3726/192111/7132/5599/840/5601/1386/3725/4323/84699/6374/355/207/5595/4314/331/602/1388/8986/3553/4217/83786/5970/5609/5743/2353/83737/90993/197259/64127/10488/64764/1147",0.659444398037935
"hsa05020","Prion disease",244,0.39450128742901,2.04854531013719,2.74280035110078e-09,6.03416077242171e-08,5.71733161214113e-09,4344,"tags=42%, list=25%, signal=32%","5879/5690/3309/836/6647/5603/5717/5707/8503/6389/506/727/3799/292/5685/5684/5534/3310/10105/5704/10963/1432/54205/203068/468/293/4688/5708/317/2906/7385/5702/5599/84790/3312/5709/5695/5601/3710/5580/6262/10376/5719/5686/5700/7386/1386/4702/518/713/9377/4728/5718/84699/5705/10383/90550/116443/5701/498/5595/4720/4726/6391/5683/10213/5687/4512/7979/5693/1388/3553/5694/516/7416/5713/5692/7417/11047/733/5566/90993/714/1537/374291/9451/4514/4719/5688/539/54539/509/4715/9167/513/4710/4513/10488/64764/522/1459/4723",0.774939030136436
"hsa04621","NOD-like receptor signaling pathway",150,0.419536483251852,2.04016799532854,2.93958228666988e-07,3.33784827389613e-06,3.16259148083954e-07,3628,"tags=39%, list=21%, signal=31%","834/4615/2633/114769/838/84674/56919/2634/8737/6772/1508/10135/115361/2919/5603/2920/79792/3320/2921/841/330/4793/1432/7531/1671/598/4210/387/115362/79184/5599/57506/29110/5586/3576/23236/5601/3710/5580/3725/8767/90550/5331/5595/3326/9927/25828/6773/81631/331/55072/148022/3553/7416/29108/7417/5970/1670",0.674962860011025
"hsa00052","Galactose metabolism",29,0.569084292512111,2.03612330891364,0.000256715509407603,0.00105861777410808,0.000100303407438937,3298,"tags=52%, list=19%, signal=42%","93432/5214/80201/130589/3099/2683/55276/5236/3938/3101/2720/7360/8704/92579/5211",0.49849310876659
"hsa05017","Spinocerebellar ataxia",126,0.430944134747474,2.032145078526,1.15491558594651e-06,1.01632571563293e-05,9.62962599335598e-07,3598,"tags=47%, list=21%, signal=37%","5690/7494/5578/5717/5707/8503/292/5685/5684/6667/10105/5704/3752/488/54205/9698/6712/293/55626/5708/2906/5702/5599/8678/23236/5709/5695/5601/3710/5719/5686/5700/2081/5718/5705/9776/207/56652/90550/116443/5701/29982/5331/2475/5683/10213/5687/10528/7979/5693/23130/5694/4217/7416/4976/5713/5692/7417/11047",0.643551836150722
"hsa03040","Spliceosome",146,0.425981746848776,2.03147479667326,3.07887241912879e-07,3.38675966104167e-06,3.20893473062482e-07,6436,"tags=60%, list=37%, signal=38%","6429/1659/4670/23020/5093/3192/3310/988/51645/9092/6632/6636/6634/22938/3312/10992/27238/9343/27339/23450/10262/9785/10189/3178/22794/84950/22827/10713/9128/57187/3190/494115/55660/9775/10084/79753/10594/11338/11017/9416/6629/51729/22985/6627/8896/80145/10569/4116/4809/26832/84811/101954266/9410/6626/8449/642659/6628/8563/55702/6431/10286/6426/8683/6427/6428/10291/51340/79228/26831/83443/26835/25949/9716/10907/6631/84991/1665/55696/9879/24148/26829/11325/8175/153527/58517/10465/3183",0.674962860011025
"hsa05161","Hepatitis B",142,0.426612120637293,2.03051702744517,6.7359449254101e-08,9.87938589060148e-07,9.36065964947899e-08,3801,"tags=41%, list=22%, signal=32%","843/6774/1871/4615/836/6772/5578/5603/8503/7534/898/3654/637/4609/332/3845/841/1432/54205/1654/468/5604/1642/317/5599/57506/7529/890/1017/29110/3717/7098/3576/5601/1386/3725/84699/355/207/64135/10971/5595/2002/356/1869/6773/7157/4775/4089/6714/1388/148022/114609/5970/5609/5111/2353/90993",0.704975715167238
"hsa05014","Amyotrophic lateral sclerosis",330,0.379762266625034,2.02605257535529,1e-10,3.52e-09,3.33517916306031e-10,5103,"tags=45%, list=29%, signal=33%","4843/834/5879/5690/3309/7494/836/7415/71/6647/2877/5603/5717/5707/5868/6389/506/1639/5861/3799/79139/637/5685/5684/10762/5534/84134/5704/10671/1432/10452/54205/203068/60/598/468/7133/55626/5708/29979/317/311/2906/23636/7132/7385/5702/84790/4744/2733/29110/8678/5709/5695/3710/10376/5719/5686/5700/7386/4702/518/2081/9377/10280/4728/5718/5705/10383/9776/10189/3178/4928/3181/90550/10121/5701/498/29982/6396/4218/4720/4726/5216/6391/2475/51164/5683/10213/81631/7157/5687/55706/4512/7979/5693/23130/847/5694/4217/516/7416/5713/5692/5903/11047/57679/10540/25978/55062/1537/374291/9451/4514/4719/5688/23165/539/54539/2878/509/4715/9167/513/4710/4513/9217/1770/522/4723/26100/30849/1337/5608/196385/642659/4704/10010/7384/140775/4722/55916/515/9688/2902/5689/79023/5714/11258/5715",NA
"hsa04742","Taste transduction",48,-0.499123537260025,-2.02209014720345,0.000136696331252855,0.000619337521721052,5.86818635609507e-05,3283,"tags=54%, list=19%, signal=44%","954/50839/29850/5028/259292/775/259289/259295/5030/50831/6335/5332/54429/22953/50840/50832/5136/2550/50838/6328/259296/259290/3359/259293/259294/5567",0.518848077743792
"hsa00480","Glutathione metabolism",50,0.509206729226178,2.02024874459943,8.19220351040882e-05,0.000395021319953959,3.74280362294041e-05,3375,"tags=46%, list=19%, signal=37%","5226/3418/26873/6241/79094/2730/2950/2877/494143/51056/79017/2539/124975/3417/6723/2729/2936/4257/4258/6240/6611/4953/290",0.538434096309916
"hsa03060","Protein export",30,0.573275999054026,2.0198278402043,0.000169144721598047,0.000726084658567226,6.87960915872491e-05,3915,"tags=60%, list=23%, signal=47%","3309/29927/9789/6731/90701/60559/6729/439/29100/6449/6728/6730/58477/6734/5018/10952/6727/7917",0.518848077743792
"hsa05416","Viral myocarditis",61,0.487497066389726,2.0178596193826,2.63669529831685e-05,0.000157307922882632,1.49048325733652e-05,1312,"tags=28%, list=8%, signal=26%","595/5879/836/71/1981/3106/3108/637/3134/3133/3107/6645/3105/841/3113/54205/60",0.575610261071129
"hsa05152","Tuberculosis",149,0.414867894458158,1.99250243964216,8.34159631750867e-07,7.72695237832382e-06,7.32124163810935e-07,3290,"tags=36%, list=19%, signal=29%","4843/843/4615/836/2215/2214/6772/5603/8915/5868/3108/817/10312/1051/1520/3329/3654/637/2212/5534/841/1432/3113/54205/2209/9114/387/317/2207/7132/5599/1054/3717/5601/808/7879/3123/8767/207/801/5878/5595/23545/23365/7421/3459/3588/6714/972/3553/4802/1594/56848",0.659444398037935
"hsa01040","Biosynthesis of unsaturated fatty acids",25,0.600186401463022,1.99206243570559,0.00051481742238739,0.00196973622478654,0.000186631341296396,4448,"tags=56%, list=26%, signal=42%","3295/79071/11332/8310/79966/51144/30/51/9524/79993/6342/201562/6319/9415",0.477270815362862
"hsa04622","RIG-I-like receptor signaling pathway",54,0.491135586249194,1.98499133214576,0.000148546278725196,0.000653603626390861,6.19285566943027e-05,2263,"tags=31%, list=13%, signal=27%","843/57169/103/8737/5603/7706/841/4793/1432/1654/5599/57506/29110/3576/64343/5601/64135",0.518848077743792
"hsa05230","Central carbon metabolism in cancer",64,0.470043483110578,1.98216713605126,5.38294937359134e-05,0.000279143249952214,2.64486576917488e-05,3298,"tags=41%, list=19%, signal=33%","3418/3091/9123/8140/5214/8503/80201/3099/4609/3845/5223/5604/2539/3101/3417/5163/6510/5160/207/57103/5595/2475/7157/3939/5315/5211",0.557332238758646
"hsa04972","Pancreatic secretion",73,0.461000557835952,1.96234692436211,2.28746962781797e-05,0.000138825742929642,1.31536569635031e-05,3792,"tags=48%, list=22%, signal=38%","5320/3784/5879/1131/2778/1358/5578/483/476/5644/9545/6558/488/481/387/22802/8671/885/23236/5646/3710/6262/8766/5331/4218/1179/6344/6522/5407/8399/6548/107/115/760/9635",0.575610261071129
"hsa04218","Cellular senescence",145,0.410809805198465,1.95766201556404,2.57885621371836e-06,1.96847289236809e-05,1.86511641297588e-06,5262,"tags=56%, list=30%, signal=39%","1871/595/894/91750/9261/3106/5603/8503/898/292/993/2305/3134/3133/3107/5534/4609/3105/3845/1978/891/1432/4605/823/9133/10912/5604/293/204851/890/1017/23291/132660/1111/3576/3710/808/5928/983/207/801/4683/90550/10114/5595/2309/1869/2475/7157/4616/3135/4775/5883/5500/7416/11200/7417/5970/5481/6009/4193/5054/10758/1026/7046/896/3364/91860/5605/286826/5608/1647/1874/5499/3805/824/28996/59341/5594/5501/6237",0.627256739718528
"hsa05208","Chemical carcinogenesis - reactive oxygen species",203,0.390177917622509,1.94833843508721,9.96773166464254e-08,1.40345661838167e-06,1.32976683803569e-07,4922,"tags=42%, list=28%, signal=31%","5879/4025/3091/6647/1728/5603/8503/1645/6389/506/292/3845/10105/5781/5747/1109/1432/405/9817/5604/293/4688/3162/7385/5599/7422/5601/5580/5337/4780/7386/3725/4702/518/9377/4728/207/5170/4257/498/5595/2309/4720/4726/6391/4512/4258/6714/847/4217/516/7416/7417/5970/5609/2353/1537/374291/4233/4514/4719/25/539/54539/509/4715/9167/513/4710/4513/1545/522/4723/1147/3082/5605/369/8644/1950/1337/4704/2885/7384/4722/515/196",0.704975715167238
"hsa05016","Huntington disease",278,0.377973805658908,1.94750801899095,4.40573137113363e-09,9.12245554493551e-08,8.64347262767411e-09,5103,"tags=46%, list=29%, signal=33%","7052/5690/836/6647/2877/5717/5707/1213/6389/506/1639/3066/6804/3799/292/163/5685/5684/6667/10105/5704/10671/841/23186/54205/203068/293/55626/5708/317/7385/5702/5599/84790/8678/23236/5709/5695/5601/10376/5719/5686/5700/7386/4702/518/2081/9377/4728/5718/84699/5705/10383/9776/10121/5701/498/29982/5331/161/4720/4726/3065/6391/2475/51164/5683/10213/7157/5687/5433/4512/7979/5693/23130/5694/4217/5434/5431/516/7416/5713/5692/160/7417/5609/11047/1173/10540/90993/55062/1537/374291/5441/4514/4719/5688/539/54539/2878/509/4715/5432/9167/513/4710/4513/10488/1770/64764/522/4723/26100/2776/30849/27113/1337/196385/4704/7384/6908/4722/515/4294/2902/5689/5714/11258/5715",0.761460801445585
"hsa04145","Phagocytosis",209,0.38623999202087,1.94683193963865,2.73205267576881e-07,3.20560847290207e-06,3.03729505220243e-07,2799,"tags=31%, list=16%, signal=26%","5879/6890/3934/71/2215/29927/2214/3106/1508/4069/8503/5868/3108/26130/3673/1639/811/10312/1520/821/22879/6891/3134/3133/3107/2212/9341/3105/1778/9885/140735/10671/3113/203068/84315/2209/60/1671/9114/4688/949/84790/1781/526/8678/523/248/6993/10376/7879/3123/10383/23673/115201/10121/5878/3688/528/1783/23545/51164/6810/51143/81631",0.674962860011025
"hsa05322","Systemic lupus erythematosus",77,0.443834547067923,1.94658285209875,6.97574924263573e-05,0.000341036629639969,3.23130187788506e-05,4886,"tags=48%, list=28%, signal=35%","717/2215/2214/81/6737/3108/727/2212/8341/3113/2209/6632/6634/6741/3014/3123/713/8363/55506/87/85236/3015/9555/8329/3021/720/733/3122/714/92815/3458/440689/94239/6628/3119/721/3017",0.538434096309916
"hsa00410","beta-Alanine metabolism",26,0.560219505841078,1.92661037503707,0.00107371513385657,0.00349951599182882,0.000331577068657494,3084,"tags=50%, list=18%, signal=41%","54498/84735/55748/1806/4329/8310/224/18/26275/51/217/218/3030",0.45505986738723
"hsa04613","Neutrophil extracellular trap formation",125,0.407121748973963,1.91633111037087,1.603704065506e-05,0.000104537746492243,9.90488959813095e-06,3548,"tags=35%, list=20%, signal=28%","834/5879/71/2215/2214/2358/9759/5578/5603/79792/8503/727/3066/2357/292/1182/2212/10105/8341/1432/2209/60/5604/293/4688/23236/3014/207/8363/5331/5595/3065/2475/55506/6714/85236/7416/8520/3015/9555/8329/3021/7417/5970",0.575610261071129
"hsa05145","Toxoplasmosis",104,0.420393808136992,1.9053151285992,2.12455193857317e-05,0.00013120040041715,1.24311602743309e-05,2501,"tags=31%, list=14%, signal=26%","4843/6774/4615/836/6772/5603/3108/3655/3654/3949/8651/3310/10105/841/330/4793/1432/3113/54205/598/3912/2773/7132/5599/3312/3717/5601/3123/207/5170/5595/3688",0.575610261071129
"hsa05162","Measles",114,0.41415227014445,1.90079199282951,3.34743264418162e-05,0.000190047788830956,1.80069154913264e-05,2846,"tags=28%, list=16%, signal=24%","6774/595/4615/894/836/578/103/6772/8503/898/3654/637/3310/841/4793/54205/598/317/5599/57506/3312/1017/29110/5601/3725/355/207/64135/356/6773/7157/3559",0.557332238758646
"hsa05131","Shigellosis",215,0.376748385088938,1.88971650507973,5.05756227937175e-07,4.94517200649682e-06,4.68552120278901e-07,4416,"tags=44%, list=26%, signal=33%","834/5879/4615/2017/71/25851/8737/81/5603/8915/8503/23176/80201/1398/375/3099/92610/382/10097/10670/5747/664/4793/1432/823/54205/60/598/387/7414/7336/3101/10095/7132/5599/11335/29110/84335/10552/4735/23291/8678/3576/23236/5601/3710/5580/3725/1729/8976/8767/9265/9266/207/5331/5595/3688/2309/54874/5216/2475/10241/8454/81631/7157/826/6199/55072/87/7321/6714/3553/9564/7416/3021/10318/29108/5970/7094/5481/1399/4193/7322/10092/55062/5829/2931/10094/6198/7323/7314/1147/26100/10616/30849",0.659444398037935
"hsa00100","Steroid biosynthesis",19,0.598084129879482,1.88733274155519,0.00221070617346876,0.00607944197703908,0.000576023528547014,3274,"tags=58%, list=19%, signal=47%","1718/3930/1717/2222/50814/6713/6646/3988/6307/6309/1594",0.431707695803346
"hsa00670","One carbon pool by folate",33,0.517566073552061,1.86969728844077,0.00172169102530152,0.0051358918720859,0.000486622714645218,1803,"tags=39%, list=10%, signal=35%","2618/4522/10768/10797/6472/4144/1738/471/2731/27430/6470/1719/160428",0.45505986738723
"hsa00860","Porphyrin metabolism",37,0.50752618526441,1.86703698874444,0.0013491110970552,0.00420254076250824,0.000398188249517871,4108,"tags=49%, list=24%, signal=37%","2058/1355/2235/3145/54658/3162/211/54576/645/2395/644/3052/124454/7390/2990/3163/7366/54657",0.45505986738723
"hsa04981","Folate transport and metabolism",22,0.572416787032532,1.86683430247199,0.00156668745417398,0.00475408606783829,0.000450446840705954,3465,"tags=45%, list=20%, signal=36%","4522/2346/6472/6470/1719/4524/2356/113235/1244/4363",0.45505986738723
"hsa05206","MicroRNAs in cancer",165,0.376761575146222,1.86091628362494,8.06503689124797e-06,5.67778597143857e-05,5.37966859780058e-06,2887,"tags=28%, list=17%, signal=24%","6541/6774/1871/595/894/836/578/1943/7976/994/5292/9759/5578/8503/1398/3066/898/993/4609/8651/3845/995/6464/9493/113130/4170/5604/387/3162/7168/6768/7422/672/10253/54541/6659/2146/5595/5598/10298/3065/3190/1869/406933/2475/7157/3925",0.593325476396405
"hsa05216","Thyroid cancer",36,0.49841474387045,1.85137768856963,0.00170745383611492,0.0051358918720859,0.000486622714645218,3112,"tags=42%, list=18%, signal=34%","595/10342/578/7170/1499/8030/4609/3845/10912/5604/999/5595/7157/4616/6256",0.45505986738723
"hsa04216","Ferroptosis",37,0.500101363852802,1.83972329220469,0.00209270300202578,0.00580024769065414,0.000549570035183476,3530,"tags=51%, list=20%, signal=41%","23305/2730/2182/5093/4891/51703/7037/10162/55240/3162/30061/2729/246/6520/81631/7157/23657/64116/7417",0.431707695803346
"hsa04520","Adherens junction",87,0.414798313108762,1.83913507400746,0.000263302851580378,0.00106531728455509,0.000100938182087958,4365,"tags=41%, list=25%, signal=31%","5879/71/5819/7525/81/1499/81607/51701/1495/117178/60/1500/387/7414/999/25945/9855/5818/57154/4008/8976/5792/5595/8826/4301/87/4089/6714/1496/5881/4233/7046/56288/11235/1459/7082",0.49849310876659
"hsa05220","Chronic myeloid leukemia",74,0.432873950710819,1.83570679073215,0.000127927206191316,0.000592504954991359,5.61394937470786e-05,4803,"tags=49%, list=28%, signal=35%","1871/595/578/8503/1488/1398/3066/4609/3845/6464/5781/10912/598/5604/2122/207/5595/3065/1869/7157/4616/4089/5970/1399/4193/613/25/1026/7046/861/1147/5605/369/25759/2885/1647",0.518848077743792
"hsa00541","Biosynthesis of various nucleotide sugars",19,0.581124486583625,1.83381436767054,0.00386353277654694,0.00957720800946847,0.000907434789587316,4795,"tags=63%, list=28%, signal=46%","2762/7264/140838/55907/7358/51167/7360/29925/29926/54187/6675/1727",0.431707695803346
"hsa04962","Vasopressin-regulated water reabsorption",40,0.482618940426078,1.83305192725245,0.00266523178741446,0.00705384653511196,0.000668347783617345,4586,"tags=62%, list=26%, signal=46%","2778/5868/1639/396/1778/140735/10671/4905/1781/8766/84699/5878/1783/51164/6810/51143/115/5566/10540/90993/8655/10488/64764/360/5869",0.431707695803346
"hsa00061","Fatty acid biosynthesis",15,0.625648656828328,1.81760878769475,0.00590014578549634,0.0136634955032547,0.00129460811071089,1608,"tags=40%, list=9%, signal=36%","23305/2194/2182/51703/27349/32",0.407017918923954
"hsa05135","Yersinia infection",131,0.384308969829507,1.8159413952916,3.00070812585658e-05,0.000176041543383586,1.66798320263043e-05,4512,"tags=42%, list=26%, signal=31%","834/5879/4615/71/5603/8503/1398/3654/382/2212/10097/5747/8394/1432/60/5604/4210/387/10095/5599/29110/5586/10552/3576/5601/3725/147179/8976/391/207/8395/6195/5595/3688/23365/6196/4775/6714/148022/3553/9564/29108/5970/5609/1399/10092/2353/5881/5829/10094/23396/1147/2776/5605/3606",0.575610261071129
"hsa04144","Endocytosis",238,0.355891949729063,1.81537673777951,1.23743662024961e-06,1.06238461055577e-05,1.00660312962543e-06,5672,"tags=50%, list=33%, signal=34%","30844/3106/378/5868/3579/1213/375/8027/3799/10564/163/3134/382/3949/3133/2869/3107/7037/9897/10097/3310/3105/137492/58533/26286/8394/84440/8729/10890/27183/27243/387/377/10095/51100/3312/10552/57132/51534/5337/7879/57154/8766/5584/147179/8976/9265/9266/8395/5878/4218/161/116987/9525/5371/11021/3559/6455/60682/8853/3135/1785/92421/6714/829/8723/253725/79643/160/55040/1234/7251/23624/2868/10254/4193/1173/10092/83737/5867/25978/10938/57403/7046/11267/408/10094/56288/23396/29924/254122/5119/112936/5869/3560/2060/51324/3482/30011/55738/10096/832/55048/5590/23327/1175/93343/409/9798/81873/116988/84612/26119/51028/1211/64145/998/1212/9727/6456",0.643551836150722
"hsa00280","Valine, leucine and isoleucine degradation",48,0.46452895445115,1.81325792009732,0.00154519192159043,0.00472963092521592,0.000448129730418914,4982,"tags=58%, list=29%, signal=42%","10449/65985/3157/3033/11112/1738/4329/39/224/34/3712/18/26275/30/5096/64087/217/3030/593/36/1962/1629/3032/223/3155/5019/64064/219",0.45505986738723
"hsa05332","Graft-versus-host disease",32,0.504054880076135,1.81147671169022,0.0030441062714555,0.007878863290826,0.000746517632845558,5661,"tags=66%, list=33%, signal=44%","3106/3108/3002/3134/3133/3107/3105/3113/3123/355/356/3135/5551/3553/3122/3458/3119/3127/3109/7124/3115",0.431707695803346
"hsa05212","Pancreatic cancer",74,0.427021935055338,1.81088990151857,0.000162977265836428,0.000708246883634849,6.71059729716291e-05,4562,"tags=46%, list=26%, signal=34%","6774/1871/595/5879/5898/578/6772/8503/3845/10912/598/5604/5599/7422/5601/5337/207/5595/1869/2475/7157/6199/4616/4089/5888/5899/5970/5881/1026/7046/6198/1147/369/1950",0.518848077743792
"hsa04623","Cytosolic DNA-sensing pathway",60,0.437168218938602,1.8016200299594,0.000904021228776277,0.00309097366280482,0.00029286792482258,4512,"tags=47%, list=26%, signal=35%","834/836/103/8737/5093/79792/10146/11128/841/4793/4210/57506/81030/29110/10623/840/25939/55703/3553/5434/29108/5970/51428/5441/197259/1147/51082/3606",0.477270815362862
"hsa04932","Non-alcoholic fatty liver disease",145,0.37770710195986,1.79991528234914,4.42289573486546e-05,0.000239516815180406,2.26940764543255e-05,5643,"tags=48%, list=33%, signal=33%","5879/7494/836/5603/8503/6389/9021/637/6945/841/1432/54205/468/4296/7132/7385/5599/840/3576/5601/51422/7386/3725/4702/2081/9377/4728/355/207/4720/4726/79602/356/6391/4512/6256/3553/4217/5562/5970/2353/83737/1537/374291/9451/4514/4719/2931/54539/4715/9167/4710/4513/4723/5465/53632/1337/4704/7384/4722/5571/3667/51094/8660/2932/1965/6390/7124/998/3643",0.557332238758646
"hsa04722","Neurotrophin signaling pathway",113,0.388514083529154,1.79682879804951,0.000126680004033841,0.000592504954991359,5.61394937470786e-05,5466,"tags=51%, list=32%, signal=35%","5879/9261/5603/8503/817/1398/3654/396/3845/6272/6464/5781/4793/1432/7531/468/5604/387/5599/5601/5580/9500/808/3725/8767/207/801/5170/6195/5595/5598/2309/356/7157/6196/4217/10818/5970/5609/1399/25/91860/5605/4914/25759/10019/3656/2885/5663/5908/3667/11108/5594/2932/4908/5664/2549/9252",0.518848077743792
"hsa00513","Various types of N-glycan biosynthesis",41,0.47691522552597,1.79625033060816,0.00199104180496802,0.00559364173397149,0.00052999424308995,4361,"tags=63%, list=25%, signal=48%","3703/4245/2683/6185/10905/1650/6184/11320/4124/84061/2530/4247/8704/4121/56052/201595/199857/10195/79087/746/85365/8703/58505/200185/440138/79796",0.431707695803346
"hsa01524","Platinum drug resistance",67,0.433440368797634,1.79467931941449,0.000551807342337714,0.00206634238832846,0.000195784718105152,3688,"tags=45%, list=21%, signal=35%","836/578/2950/540/1317/8503/7153/637/538/332/841/330/54205/598/317/672/355/207/5170/4257/5595/356/7157/331/4258/4217/5366/1244/2956/4193",0.477270815362862
"hsa05225","Hepatocellular carcinoma",151,0.370514744133002,1.7850072042832,5.47184211554055e-05,0.000279143249952214,2.64486576917488e-05,4803,"tags=40%, list=28%, signal=29%","1871/595/578/7976/71/2950/1728/7481/5578/8503/7474/23401/1499/4609/3845/6464/8326/10912/7296/9817/60/598/5604/6599/3162/8313/4041/4780/207/4257/5595/2002/10023/1869/2475/7157/6199/55193/7483/6597/4616/4258/4089/1452/2535/6603/1857/8321/4233/1026/7046/6198/3082/5605/369/25759/7855/6602/6601/2885/1647",0.557332238758646
"hsa04814","Motor proteins",160,0.366498187978878,1.78179552926922,4.29185754083441e-05,0.000236052164745892,2.23658028765846e-05,2821,"tags=32%, list=16%, signal=27%","63971/71/124602/79784/4627/24137/3832/3833/7170/4646/1639/9928/9371/547/146909/3799/56992/1778/9493/1062/140735/11004/10671/4635/203068/60/55083/7171/10112/81930/4648/7168/7283/84790/1781/23095/9585/6993/55930/10376/10749/10383/10121/23303/347240/1783/4651/80022/51164/51143/4642",0.557332238758646
"hsa00630","Glyoxylate and dicarboxylate metabolism",27,0.514270634515981,1.78110931334399,0.00235102030302736,0.00641518718345451,0.000607835188107643,3768,"tags=56%, list=22%, signal=44%","6472/48/125061/1738/39/2731/50/6470/4191/5096/55902/1431/847/283871/2752",0.431707695803346
"hsa04919","Thyroid hormone signaling pathway",111,0.386149384805339,1.77963829925263,0.000111026869564049,0.000528127811980343,5.00397975553827e-05,3730,"tags=39%, list=22%, signal=31%","595/3091/71/6772/5578/5214/8503/483/1499/476/3066/1827/9611/4609/3845/6567/8648/488/9862/60/481/5604/9969/23236/10499/207/5170/5331/5595/3065/2475/10025/7157/5208/6256/6714/5211/6548/4625/5469/6009/4193/5566",0.538434096309916
"hsa04140","Autophagy - animal",156,0.371663408789946,1.7785697547531,5.40137052461169e-05,0.000279143249952214,2.64486576917488e-05,5755,"tags=55%, list=33%, signal=37%","81671/3091/1508/10652/8503/55014/5861/64223/3845/10670/9342/664/26003/4077/598/5604/23001/55626/51100/5599/29110/84335/10645/8678/5601/5580/7879/54541/2081/8887/9776/207/115201/5170/29982/64798/5595/4218/58476/2475/10241/81631/6199/9842/53349/6794/23130/79065/5562/5515/6009/440275/5566/64422/55062/9451/5516/83734/9110/6198/7314/1509/26100/5605/30849/56270/64689/57617/10010/140775/8897/3667/23339/5594/8660/6237/1965/11152/8673/7316/55823/84971/3146/10133/57448/64121",0.557332238758646
"hsa04966","Collecting duct acid secretion",19,0.563438740123413,1.77800468022752,0.00614857951269582,0.0140574227114935,0.00133193248050295,2640,"tags=37%, list=15%, signal=31%","10312/9114/526/523/10723/528/23545",0.407017918923954
"hsa00330","Arginine and proline metabolism",43,0.470034758530163,1.77589400093287,0.00121700260404791,0.00385932357319697,0.000365668624000966,3411,"tags=40%, list=20%, signal=32%","4843/5831/54498/84735/55748/51056/262/1159/224/2806/6723/2805/8974/217/6611/4953/8659",0.45505986738723
"hsa04975","Fat digestion and absorption",35,0.474473820862424,1.76978178572927,0.00402230809613106,0.00990106608278415,0.000938120150323432,5582,"tags=66%, list=32%, signal=45%","5320/29881/2168/10999/64240/39/949/2806/64241/8613/5407/8399/10555/80168/10554/8694/337/4547/948/2169/50487/81579/8612",0.407017918923954
"hsa05210","Colorectal cancer",84,0.399313394234443,1.76968293850292,0.000676902321111798,0.00241825502476803,0.00022912823209012,4803,"tags=48%, list=28%, signal=35%","595/5879/836/5898/578/8503/1499/4609/332/3845/54205/10912/5604/387/5599/8313/5601/3725/207/5595/2475/7157/6199/4616/4089/5366/5899/2956/2353/5881/1026/7046/374/6198/5605/369/1950/27113/2885/1647",0.477270815362862
"hsa04650","Natural killer cell mediated cytotoxicity",95,0.393565120908977,1.76530428101361,0.000378121230202822,0.00147887414479326,0.00014012244978702,3289,"tags=32%, list=19%, signal=26%","5879/836/2215/2214/3106/5578/8503/3002/637/3133/3107/5534/3105/3845/6464/5058/5781/5604/117157/2207/4277/355/8795/5595/356/51744/3135/3459/5551/8743",0.49849310876659
"hsa04918","Thyroid hormone synthesis",61,0.4259392124029,1.76305786491098,0.00101247678648769,0.00336218706456291,0.000318565234092077,4492,"tags=52%, list=26%, signal=39%","3309/9601/405753/7184/50506/2778/2877/5578/483/476/821/481/468/7276/23236/3710/1386/2936/432/84699/5331/1388/107/115/5566/90993/2878/108/10488/64764/2776/8458",0.45505986738723
"hsa05207","Chemical carcinogenesis - receptor activation",163,0.361261841471077,1.76289701747607,4.8032906247372e-05,0.000256175499985984,2.42724769784037e-05,4408,"tags=43%, list=25%, signal=32%","6774/595/164091/7184/2778/5578/990/8503/3837/3320/3838/993/4609/332/9970/3845/1978/54658/9314/405/468/5604/2773/23633/3717/7422/54576/1386/3725/3839/84699/10728/207/4257/6195/5595/3326/54567/1869/406933/2475/331/6199/7421/6196/4258/6256/6714/688/1388/5970/107/115/5566/2353/90993/1141/7366/54657/3840/408/108/28514/6198/10488/896/1545/64764/5465/5605",0.557332238758646
"hsa03008","Ribosome biogenesis in eukaryotes",73,0.413010515762394,1.75806710330262,0.000649027659032,0.0023552343915388,0.000223157064397251,6186,"tags=56%, list=36%, signal=36%","54464/10813/1736/81691/79631/10199/22803/26354/28987/9724/9790/54433/10528/54913/51077/10940/55131/23560/6949/55651/55226/10799/4809/3692/1459/5901/10557/23160/2091/102157402/55916/65083/27341/10885/57455/1460/29889/10775/84916/83732/1457",0.477270815362862
"hsa05330","Allograft rejection",32,0.488226719882704,1.75459333507264,0.00471102249152726,0.0113580816234082,0.00107617151030481,5661,"tags=62%, list=33%, signal=42%","3106/3108/3002/3134/3133/3107/3105/3113/3123/355/356/3135/5551/3122/3458/3119/3127/3109/7124/3115",0.407017918923954
"hsa00983","Drug metabolism - other enzymes",63,0.421767093305095,1.75154917955988,0.00192489862848017,0.00550865298556926,0.000521941609488652,4164,"tags=37%, list=24%, signal=28%","7498/6241/2950/8833/7172/1890/51727/1806/1066/54658/7378/54576/9/4257/7083/4258/6240/4830/2990/3615/7366/54657/81602",0.45505986738723
"hsa04066","HIF-1 signaling pathway",101,0.383371804536747,1.74442242561002,0.000563921587483617,0.00208947788204456,0.0001979767924395,2837,"tags=30%, list=16%, signal=25%","4843/6774/2597/3091/2023/5578/5214/8503/817/80201/3099/7037/1978/405/5230/5604/226/3162/2034/3101/5209/5163/7422/5160/207/4055/5595/2475/6199/3939",0.477270815362862
"hsa05140","Leishmaniasis",69,0.409520716393952,1.74066934164818,0.00064312642900906,0.0023552343915388,0.000223157064397251,3826,"tags=38%, list=22%, signal=29%","4843/4615/2215/2214/6772/5603/3108/3654/2212/4793/1432/3113/2209/4688/3717/3123/3725/5595/3688/2002/3459/3553/5970/5743/2353/3122",0.477270815362862
"hsa03320","PPAR signaling pathway",66,0.414659036406613,1.73955489405101,0.00192062534807422,0.00550865298556926,0.000521941609488652,5101,"tags=50%, list=29%, signal=35%","23305/1374/2182/2168/51703/10999/3157/8310/1622/79966/34/4312/30/5170/51/6256/4023/1376/4973/6342/2710/1962/123/6319/7314/2181/5465/9415/948/4199/5360/2171/2169",0.45505986738723
"hsa05323","Rheumatoid arthritis",77,0.396249138304079,1.73788134086729,0.00146556565610867,0.00452525535921272,0.000428765266521967,2721,"tags=29%, list=16%, signal=24%","8741/2919/2920/3108/10312/6372/8792/2921/6364/3113/9114/526/3576/523/7422/4312/3123/3725/6374/528/23545/4314",0.45505986738723
"hsa05166","Human T-cell leukemia virus 1 infection",206,0.347237862880937,1.73655722123884,1.98535715639079e-05,0.000124793878401707,1.18241461057629e-05,4408,"tags=39%, list=25%, signal=30%","1871/595/2114/894/3601/3106/8503/3108/811/898/821/292/991/3134/3133/3107/5534/4609/3105/3845/3113/9133/598/4085/468/5604/293/701/7132/5599/890/1017/7538/1111/8829/5601/1386/3123/3725/84699/6722/996/207/4055/5595/567/2002/1869/7157/331/3559/8498/3135/4775/4089/1388/9232/7416/11200/7417/5970/7094/107/115/5566/2353/90993/8697/10524/3122/1739/246184/1026/7046/108/10488/896/64764/5901/1147/5605",0.575610261071129
"hsa04115","p53 signaling pathway",73,0.40764160515315,1.73521319338398,0.000929402528875471,0.00311571133489682,0.000295211804609622,4231,"tags=44%, list=24%, signal=33%","595/894/836/6241/51512/898/637/841/891/55240/9133/54205/10912/598/317/9538/1017/1111/983/355/8795/84883/7157/4616/5366/11200/4193/83667/5054/1026/8493/896",0.477270815362862
"hsa05100","Bacterial invasion of epithelial cells",73,0.407592227873979,1.73500300849316,0.000929402528875471,0.00311571133489682,0.000295211804609622,3975,"tags=41%, list=23%, signal=32%","5879/2017/71/8503/1213/23176/1499/1398/10097/1495/6464/5747/60/387/7414/10095/10552/999/4735/8976/391/3688/1785/6714/9564/1496/1399/10092/4233/5829",0.477270815362862
"hsa01523","Antifolate resistance",26,0.503834295464414,1.73270007705979,0.0070858659863104,0.0158867823387341,0.00150526322227899,3548,"tags=46%, list=20%, signal=37%","2618/6472/471/6470/1719/4524/2356/113235/3553/1244/4363/5970",0.407017918923954
"hsa04390","Hippo signaling pathway",144,0.359292747190134,1.72331319456341,0.000137239564472279,0.000619337521721052,5.86818635609507e-05,5583,"tags=50%, list=32%, signal=34%","595/894/7976/71/7481/7532/7474/7004/7534/60485/1499/1741/1453/4609/332/1495/23286/330/8326/7531/9231/60/7159/4771/8313/7529/4086/999/23291/5584/10971/1454/3993/5518/7483/55233/154796/6788/4089/5500/1496/5515/2535/5054/7533/1739/1857/8321/5516/7046/7005/374/56288/896/23513/657/27113/7855/659/5521/5499/85407/5590/3996/2932/5501/654/84612/5519/54361/10413/8312",0.518848077743792
"hsa04910","Insulin signaling pathway",125,0.365984449228632,1.72269692723694,0.000440381386826114,0.0017034532765142,0.00016140118957605,5249,"tags=50%, list=30%, signal=35%","10211/2194/8503/80201/9021/1398/3099/5255/8651/3845/6464/1978/5576/6517/5257/5604/3101/32/5599/5601/51422/808/5584/207/801/5170/5792/5595/122809/2002/2475/3636/6199/92579/5500/5562/1399/5836/6009/5566/3632/9470/2203/6198/2997/91860/5605/369/53632/5573/3098/25759/2885/5499/5571/3667/5590/5594/1977/8660/2932/5501",0.49849310876659
"hsa00500","Starch and sucrose metabolism",29,0.479380039526396,1.71517099514193,0.00532281118220229,0.0124908635742347,0.0011835019295857,4588,"tags=59%, list=27%, signal=43%","93432/80201/8908/3099/2992/55276/5236/2821/3101/7360/283209/92579/178/5836/2997/2632/3098",0.407017918923954
"hsa04152","AMPK signaling pathway",110,0.378662439512006,1.7138918675197,0.000279185860142388,0.00111674344056955,0.000105810779928177,4980,"tags=50%, list=29%, signal=36%","595/1374/2194/5214/8503/1994/3156/1978/6517/10890/5526/79966/32/890/84335/5209/10645/1938/51422/84699/207/5170/4218/2309/79602/2475/5518/6199/92579/5208/6794/5211/5562/5525/5515/3172/6009/90993/23216/51719/5516/2203/6319/6198/10488/64764/2997/81617/53632/5529/948/5521/5528/5571/3667",0.49849310876659
"hsa03015","mRNA surveillance pathway",86,0.387035983420695,1.70901452858481,0.000904461043377546,0.00309097366280482,0.00029286792482258,5520,"tags=52%, list=32%, signal=36%","80335/26986/4440/5976/29894/53981/5526/2107/2935/2733/26528/51692/10189/22794/55308/1477/5518/1478/9775/29101/10921/5500/5525/53918/5515/10914/5411/22985/5516/11051/4116/23381/8761/23283/84305/5529/5521/55916/5528/5499/5501/10978/1479/5519/10284",0.477270815362862
"hsa04666","Fc gamma R-mediated phagosome formation",91,0.37987522530978,1.70776668838125,0.0017763060047199,0.00525296052037484,0.000497714899770813,3088,"tags=35%, list=18%, signal=29%","4067/5879/2215/2214/5578/8503/1398/382/2212/10097/5058/8394/2209/5604/10095/3985/10552/5580/5337/255189/207/8395/5595/8613/7408/4651/3636/1072/5321/6199/8853/1785",0.45505986738723
"hsa04940","Type I diabetes mellitus",36,0.459726371695372,1.70766847865382,0.00843050448406913,0.0186637583546688,0.0017683800559342,5661,"tags=64%, list=33%, signal=43%","3106/3108/3002/3329/3134/3133/3107/3105/3113/3123/355/356/3135/5551/3553/3122/3458/3382/3119/3127/3109/7124/3115",0.380730400722792
"hsa05221","Acute myeloid leukemia",61,0.412094567624222,1.70575177720366,0.00179078199558233,0.00525296052037484,0.000497714899770813,4503,"tags=44%, list=26%, signal=33%","6774/595/5292/8503/4609/3845/1978/2209/5604/1848/890/3728/207/11040/5595/5371/2475/1053/6199/5970/8864/6198/861/1147/5605/5914/369",0.45505986738723
"hsa00600","Sphingolipid metabolism",50,0.429363546248799,1.70347545603744,0.00409835132642542,0.0100181921312621,0.00094921777408296,4350,"tags=48%, list=25%, signal=36%","9334/339221/259230/55331/9517/2581/2720/2629/8613/130367/57704/142891/56624/253782/56848/10558/7357/8879/8560/7368/29956/2531/6609/55627",0.407017918923954
"hsa04136","Autophagy - other",30,0.481200044730846,1.69541590553021,0.00502952749169765,0.0119621194397133,0.00113340373583439,6562,"tags=67%, list=38%, signal=41%","64223/8678/9776/115201/2475/23130/79065/5515/64422/55062/5516/83734/26100/30849/84971/11337/55102/60673/9140/10533",0.407017918923954
"hsa05235","PD-L1 expression and PD-1 checkpoint pathway in cancer",82,0.386191861819975,1.68756689024279,0.00198451673646284,0.00559364173397149,0.00052999424308995,4706,"tags=41%, list=27%, signal=30%","6774/4615/3091/6772/5603/8503/5534/29126/3845/5781/4793/1432/5604/116071/3717/3725/207/5595/2475/6199/3459/4775/148022/114609/5970/2353/6198/3458/1459/1147/5605/1950/5608/7097",0.431707695803346
"hsa00062","Fatty acid elongation",27,0.486111653020951,1.6835843511375,0.00542554539324435,0.0126476289961723,0.00119835536051566,4880,"tags=44%, list=28%, signal=32%","10449/79071/3033/11332/51144/9524/3030/79993/201562/51102/3032/284486",0.407017918923954
"hsa04920","Adipocytokine signaling pathway",64,0.398888365945875,1.68210695040122,0.00259907196937246,0.00693085858499323,0.00065669474814736,5207,"tags=53%, list=30%, signal=37%","6774/23305/1374/2182/9021/51703/5781/4793/6517/7133/32/7132/5599/3717/10645/5601/51422/207/79602/2475/92579/6794/6256/5562/5970/2181/1147/5465/53632/948/5571/3667/51094/8660",0.431707695803346
"hsa00512","Mucin type O-glycan biosynthesis",34,0.470103826174012,1.67934626699849,0.00482678648727589,0.011558019343681,0.00109511549094582,2647,"tags=32%, list=15%, signal=27%","9334/9245/56913/2590/192134/2591/2650/55808/26290/10331/55568",0.407017918923954
"hsa05320","Autoimmune thyroid disease",33,0.46476757696744,1.6789637551925,0.00929885428474335,0.0202049179520349,0.0019144040154821,3144,"tags=39%, list=18%, signal=32%","3106/3108/3002/3134/3133/3107/3105/3113/3123/355/356/3135/5551",0.380730400722792
"hsa05034","Alcoholism",120,0.359513340302168,1.67023925904359,0.000789583232917457,0.00277933297986945,0.000263340154592809,5249,"tags=49%, list=30%, signal=34%","2783/2778/9759/2782/3066/3845/6464/8341/468/5604/2773/2906/10645/808/3014/1386/84699/801/84152/116443/8363/5595/3065/55506/3177/85236/1388/6570/5500/8520/3015/9555/8329/3021/5566/90993/92815/10488/2787/55970/64764/2793/440689/91860/94239/369/25759/2790/2030/2885/3017/5499/6571/2902/2771/2784/5594/10013/5501",0.477270815362862
"hsa04625","C-type lectin receptor signaling pathway",92,0.37405396693335,1.66826714605896,0.00200226948431934,0.00559364173397149,0.00052999424308995,3688,"tags=38%, list=21%, signal=30%","3659/834/9261/6772/5603/8915/8503/53342/5534/3845/5058/5781/841/1432/387/2207/5599/5601/3710/5580/808/3725/207/801/5595/6773/23365/4775/602/6714/3553/29108/5970/5743/4193",0.431707695803346
"hsa05150","Staphylococcus aureus infection",58,0.406239398487174,1.6658729379953,0.00364368393976889,0.0091612624771332,0.000868024196621048,1348,"tags=22%, list=8%, signal=21%","717/3426/629/2215/2214/2358/3108/727/2357/2212/3113/2209/1671",0.431707695803346
"hsa00790","Folate biosynthesis",22,0.509933695602666,1.66305694819405,0.0121442944560306,0.025534556233473,0.0024193840877236,6043,"tags=68%, list=35%, signal=44%","55034/2643/1719/248/2356/7166/10243/4337/249/5860/8644/57016/4338/8836/873",0.380730400722792
"hsa00190","Oxidative phosphorylation",122,0.357415126544298,1.66158775700133,0.000547859576119621,0.00206634238832846,0.000195784718105152,4895,"tags=34%, list=28%, signal=25%","6389/506/10312/1355/54205/9114/7385/526/523/7386/4702/518/9377/4728/498/4720/4726/528/23545/6391/4512/516/5464/1537/374291/4514/4719/539/54539/509/4715/9167/513/4710/4513/522/4723/1337/4704/7384/4722/515",0.477270815362862
"hsa04071","Sphingolipid signaling pathway",117,0.356845852636126,1.66133259684859,0.000838255612257515,0.0029214453021252,0.000276805213001943,4408,"tags=41%, list=25%, signal=31%","5879/259230/5578/5603/94103/8503/9517/637/3845/171546/1432/5604/387/5526/2773/2207/7132/5599/23236/5601/5337/207/5170/5331/5595/130367/5518/7157/56624/2768/253782/4217/56848/10558/5525/8879/4363/8560/5970/5515/5881/29956/5516/6609/624/1509/2776/5605",0.477270815362862
"hsa05205","Proteoglycans in cancer",182,0.334872270073683,1.66119316855844,0.000209844928174469,0.000889944755631483,8.43217387857079e-05,4058,"tags=32%, list=23%, signal=25%","6774/595/5879/836/2017/3091/7976/71/7481/5578/5603/8503/7474/817/3673/1499/6469/4609/3845/5058/5781/5747/8326/1432/60/5604/387/7422/3710/355/207/5170/5329/5595/3688/2002/6382/356/2475/23365/7157/6199/8826/7483/6714/10818/5500/6548/10855/2535/4193/5566/8321/4233/5829/2065/3791/1026",0.518848077743792
"hsa05219","Bladder cancer",41,0.440968030061781,1.66085905291143,0.00643802278770201,0.0146205420727168,0.00138528770663556,4562,"tags=46%, list=26%, signal=34%","1871/595/4609/3845/1890/5604/999/3576/7422/4312/5595/1869/7157/6714/4193/1026/5605/369/1950",0.407017918923954
"hsa05415","Diabetic cardiomyopathy",190,0.332049168013333,1.6600754258686,0.00014137427532994,0.000629920821723278,5.9684624971287e-05,5013,"tags=40%, list=29%, signal=29%","5879/2597/5578/5603/8503/6389/817/506/2673/292/6667/10105/488/6517/1432/293/2539/4688/7385/5599/23236/5601/5580/6262/7386/2936/4702/518/9377/4728/5160/207/498/5331/5166/4720/4726/6391/2475/4512/1376/5500/516/7416/7417/5970/51660/1537/374291/4514/4719/539/54539/509/7046/4715/9167/513/4710/4513/522/4723/5524/1509/2997/5465/1337/4704/948/7384/142/4722/515/5499/3667/1535",0.518848077743792
"hsa05418","Fluid shear stress and atherosclerosis",123,0.351819367817918,1.65805425640158,0.00134351197817554,0.00420254076250824,0.000398188249517871,4395,"tags=40%, list=25%, signal=30%","5879/71/7184/2950/1728/5603/8503/1499/3320/51588/5747/1432/9817/445/60/387/4688/3162/7132/5599/7422/5601/4780/808/3725/207/801/4257/5598/3326/6382/25828/7157/7056/4258/6714/3553/4217/5562/5970/5609/2353/5881/3791/90/3458/657/1147/91860",0.45505986738723
"hsa05213","Endometrial cancer",57,0.405781437889735,1.65740452921569,0.00615012243627842,0.0140574227114935,0.00133193248050295,5244,"tags=49%, list=30%, signal=34%","595/578/8503/1499/4609/3845/1495/10912/5604/8313/999/207/5170/5595/2002/2309/7157/4616/1496/1026/5605/369/1950/2885/1647/5594/2932/842",0.407017918923954
"hsa00220","Arginine biosynthesis",21,0.517362375878155,1.65305724766109,0.0164594974918024,0.0327330119610985,0.00310143350672897,3768,"tags=43%, list=22%, signal=34%","4843/84706/445/435/2806/2805/790/95/2752",0.352487857583619
"hsa04530","Tight junction",153,0.343997880149993,1.64600986673957,0.000231911170756767,0.00097181823936169,9.20792029034393e-05,4365,"tags=41%, list=25%, signal=31%","595/5879/8531/2017/71/9069/79784/51208/4627/81/1741/10097/9693/60/4771/387/10095/5599/84790/27134/10552/123720/5601/51422/9368/10376/51762/3725/5584/9075/9414/50848/3688/4218/7408/3993/5518/5872/57530/3308/4301/154796/6794/87/6714/4217/5562/5609/5515/5566/23370/5111/10092/1364/1739/5516/1366/10094/91862/56288/861/23513/7082",0.518848077743792
"hsa04068","FoxO signaling pathway",120,0.353060427309111,1.64026009719347,0.00111154310629679,0.00358957039831624,0.000340109670363705,4980,"tags=43%, list=29%, signal=31%","6774/595/894/80854/5603/8503/7874/5347/51701/3845/664/891/6517/1432/9133/10912/5604/10733/6502/5599/1017/5601/51422/207/5170/5595/1454/2309/356/10110/4616/92579/6794/4089/847/8743/5562/23678/4193/6446/1026/7046/1147/5605/369/3276/1950/53632/2885/1647/5571/3667",0.45505986738723
"hsa05142","Chagas disease",92,0.367157369841372,1.63750857279083,0.00311975900023204,0.00800314943489487,0.000758293671423842,4397,"tags=42%, list=25%, signal=32%","4843/4615/2778/5603/8503/811/3654/841/1432/2767/2773/7132/5599/3576/23236/5601/3725/713/355/207/5331/5595/356/5518/3459/148022/3553/5970/5515/107/2353/714/5054/5516/7046/624/3458/1147/2776",0.431707695803346
"hsa00520","Amino sugar and nucleotide sugar metabolism",36,0.44012982037252,1.63487645486596,0.0205784405811892,0.0391546545112358,0.00370988033700849,3937,"tags=50%, list=23%, signal=39%","64841/80201/3099/2673/55276/5236/2585/2821/5373/3101/7358/7360/10007/5238/29925/29926/4351/2582",0.352487857583619
"hsa04714","Thermogenesis",217,0.319247632009941,1.62837542264811,0.000335933443374097,0.00132863564120991,0.000125887440507459,4988,"tags=39%, list=29%, signal=28%","23305/71/1374/63976/2778/2182/5603/6389/506/65260/51703/64223/1355/3845/1432/788/23028/60/6599/7385/84335/9658/51422/7386/1386/4702/518/9377/4728/84699/498/6195/4720/4726/6391/28958/2475/6199/6196/6597/51103/4512/1376/4217/10818/516/5562/107/6009/115/5566/6603/90993/1537/374291/4514/4719/51780/539/54539/509/4715/9167/108/513/4710/4513/6198/10488/64764/522/2181/4723/285521/53632/1337/6602/4704/6601/2885/7384/4722/515/5571/11343",0.49849310876659
"hsa05226","Gastric cancer",128,0.34562337550209,1.62284317537512,0.00120402329908512,0.00385287455707237,0.00036505758354071,4803,"tags=41%, list=28%, signal=30%","1871/595/578/7976/7481/8503/7474/23401/1499/898/6469/4609/3845/1495/6464/8326/10912/5604/8313/1017/999/4041/3728/207/9965/5595/10023/1869/2475/7157/6199/7483/4616/4089/6256/1452/1496/2535/1045/1857/8321/4233/1026/7046/6198/3082/5605/369/1950/25759/7855/2885/1647",0.45505986738723
"hsa04971","Gastric acid secretion",58,0.395632201970851,1.62237582350974,0.00527678493737998,0.0124659617312601,0.00118114249470471,4397,"tags=47%, list=25%, signal=35%","3784/1131/71/2778/6750/5578/483/817/476/60/481/2773/3274/23236/3710/808/801/5331/6522/6548/107/115/5566/760/108/91860/2776",0.407017918923954
"hsa04120","Ubiquitin mediated proteolysis",139,0.338934912436801,1.6082675630875,0.0010599381262153,0.00348689925633444,0.000330381640437986,4454,"tags=42%, list=26%, signal=31%","55236/7317/4281/9021/11065/991/9246/51465/7332/8651/51588/7328/3093/330/23759/9817/1642/6502/27338/23291/11060/672/27339/140739/57154/63893/996/54926/65264/5371/51343/378884/8454/331/10477/7318/118424/26232/7321/10055/7326/22954/7319/23624/4193/7322/9320/55585/83737/8697/89910/246184/55284/9354/7323/7314/23295/10277",0.45505986738723
"hsa00785","Lipoic acid metabolism",18,0.516980162475524,1.60588649857823,0.022578889888327,0.042501439789792,0.00402698626099365,3898,"tags=56%, list=23%, signal=43%","1743/1738/387787/2731/1737/5160/55526/593/1629/4967",0.352487857583619
"hsa04950","Maturity onset diabetes of the young",17,0.5505189483066,1.6029069969404,0.0113353458014758,0.0240363959163823,0.00227743428452802,4104,"tags=65%, list=24%, signal=49%","168620/222546/4760/50674/3170/3174/3171/4821/3280/3172/5080",0.380730400722792
"hsa04964","Proximal tubule bicarbonate reclamation",18,0.515236595399892,1.60047048645754,0.0235535017632068,0.0441001735140894,0.00417846533498679,2283,"tags=33%, list=13%, signal=29%","483/476/762/481/8671/6550",0.352487857583619
"hsa00260","Glycine, serine and threonine metabolism",33,0.439167966079382,1.58648566300603,0.0183266543801827,0.0356407864189187,0.00337694341532559,1972,"tags=30%, list=11%, signal=27%","51268/29968/669/6472/1738/2731/5223/6470/211/113675",0.352487857583619
"hsa05224","Breast cancer",126,0.336354560593453,1.58610179333405,0.00313759835799856,0.00800314943489487,0.000758293671423842,4803,"tags=38%, list=28%, signal=28%","1871/595/578/7976/7481/8503/7474/23401/1499/4609/3845/6667/6464/8326/8648/10912/5604/8313/4041/672/3725/207/9965/5595/54567/10023/1869/2475/7157/6199/7483/4616/3280/1452/2535/2353/1857/8321/1026/28514/6198/5605/369/1950/25759/7855/2885/1647",0.431707695803346
"hsa04150","mTOR signaling pathway",142,0.331880335843729,1.57962852062953,0.000680134225716008,0.00241825502476803,0.00022912823209012,4408,"tags=39%, list=25%, signal=29%","7976/8140/7481/5578/8503/7474/64223/3845/10670/1978/8326/5604/387/6249/6502/7132/84335/526/4041/523/55615/54541/207/23175/9663/5170/6195/64798/2887/5595/6396/528/6520/2475/6199/6196/7483/6794/28956/5562/2535/6009/83667/64900/1857/8321/55004/9470/51719/6446/10542/51256/6198/1147/5605",0.477270815362862
"hsa03013","Nucleocytoplasmic transport",100,0.349570382210666,1.57873875864166,0.00303145378805936,0.007878863290826,0.000746517632845558,6464,"tags=55%, list=37%, signal=35%","3837/3838/10762/5976/10073/5905/55161/23636/23633/2733/11260/3839/10189/4928/22794/6396/30000/55308/10527/57187/1434/55706/9775/10921/5903/5411/22985/23165/79711/80145/3840/4116/5901/57510/84305/8563/55916/9688/79023/8480/79228/3843/6613/55705/10284/9670/7329/26019/7175/57122/51808/9972/9818/23214/81929",0.431707695803346
"hsa05222","Small cell lung cancer",88,0.354975525224101,1.5733595203359,0.00773660058750594,0.0172359709291272,0.00163309804255506,3207,"tags=32%, list=19%, signal=26%","4843/1871/595/836/578/8503/3655/3673/898/4609/5747/330/54205/10912/598/3912/317/6502/1017/9618/207/3688/1869/7157/331/4616/6256/1164",0.407017918923954
"hsa00601","Glycosphingolipid biosynthesis - lacto and neolacto series",25,0.472537397770826,1.56838608350797,0.0222864810320528,0.0421765662542075,0.00399620468580867,3787,"tags=48%, list=22%, signal=38%","84002/10678/2526/2524/2683/8702/2525/10331/2523/8704/2528/8703",0.352487857583619
"hsa04914","Progesterone-mediated oocyte maturation",88,0.353852592682462,1.56838234168684,0.00914868254394939,0.0201271015966887,0.0019070309618771,2881,"tags=34%, list=17%, signal=29%","994/5603/8503/5347/80315/3320/993/3845/995/6790/699/891/1432/9133/4085/5604/2773/5599/890/1017/5601/983/996/207/6195/5595/3326/51343/9088/6196",0.380730400722792
"hsa04935","Growth hormone synthesis, secretion and action",106,0.339599583697994,1.56209445801658,0.0037140871774008,0.00927204742159631,0.000878521004528837,5324,"tags=51%, list=31%, signal=35%","6774/112609/6772/2778/6750/5578/5603/8503/9021/1398/8651/3845/6464/5747/1432/468/5604/2767/3726/2773/5599/3717/23236/5601/3710/1386/84699/207/5331/5595/2475/1388/9564/1399/107/115/5566/2353/90993/6751/108/10488/64764/2776/5605/5608/25759/2885/3667/2771/5594/8660/2932/6416",0.431707695803346
"hsa04114","Oocyte meiosis",112,0.340579470729103,1.56191443561349,0.00330699268081747,0.00837454261617086,0.000793482955500387,4041,"tags=44%, list=23%, signal=34%","5603/7532/7534/817/5347/80315/898/991/5534/995/6790/699/891/1432/9133/7531/8243/4085/5604/5526/7529/1017/23291/3710/808/983/996/151648/801/6195/10971/5595/5518/8454/9088/6196/9232/5500/26271/5525/9126/5515/107/115/5566/8697/7533/246184/5516",0.431707695803346
"hsa04960","Aldosterone-regulated sodium reabsorption",28,0.454255816058591,1.55837816361751,0.0153279392548533,0.0306558785097067,0.00290462634178642,2458,"tags=32%, list=14%, signal=28%","5578/8503/483/476/6337/3845/481/5170/5595",0.380730400722792
"hsa04062","Chemokine signaling pathway",160,0.320358195287491,1.55747782349447,0.00191929255073494,0.00550865298556926,0.000521941609488652,4397,"tags=38%, list=25%, signal=29%","4067/6774/5879/56477/2783/6370/6772/2919/2920/2782/8503/3579/1398/6372/58191/2869/3845/6464/5058/2921/5747/6364/10663/4793/5604/387/2773/3717/3576/23236/1232/5580/6374/207/5331/5595/2309/6369/6773/2833/6714/9564/5970/1234/1399/107/2868/115/5566/5881/2826/5829/2931/408/108/56288/2787/55970/2793/1147/2776",0.45505986738723
"hsa04976","Bile secretion",66,0.371225140862102,1.55734339272474,0.0121869472932485,0.025534556233473,0.0024193840877236,4180,"tags=42%, list=24%, signal=32%","2778/483/476/64240/3949/3156/6523/54658/481/949/8671/64241/54576/6550/6344/6522/6256/1244/6548/343/107/8431/115/5566/760/7366/54657/108",0.380730400722792
"hsa05165","Human papillomavirus infection",292,0.296322489723443,1.55547451339644,0.000258639569810498,0.00105861777410808,0.000100303407438937,5163,"tags=40%, list=30%, signal=28%","3659/595/894/836/578/7976/3106/6772/2778/7481/8503/7474/3655/3673/1499/10312/3066/898/3134/3133/1741/3107/3105/3845/55502/841/5747/1978/8326/3691/9114/5604/5526/3912/1108/7132/7283/256076/8313/890/1017/29110/526/7098/523/7422/9368/5700/5584/84699/355/207/5595/3688/3993/528/3065/23545/356/1869/2475/6773/5518/7157/6199/7483/1298/3135/148022/5315/3280/5525/1452/5970/5515/2535/5743/6009/4193/5566/90993/3679/10474/1739/1857/8321/5829/5516/1026/56288/6198/10488/896/5610/23513/64764/3675/1147/5605/3908/10319/1950/7855/5529/2885/5663/6908/5521/5528/1282/8516/3672/3690/5590/3996/5594",0.49849310876659
"hsa01522","Endocrine resistance",91,0.345754688808372,1.55437443812517,0.0111672032412934,0.0238233669147593,0.00225724991272857,4772,"tags=42%, list=28%, signal=30%","1871/595/2778/5603/8503/9611/10498/3845/6667/6464/5747/1432/5604/5599/5601/3725/207/5595/54567/1869/2475/7157/6199/6714/107/5469/115/4193/5566/2353/1026/108/28514/6198/5605/369/25759/2885",0.380730400722792
"hsa05211","Renal cell carcinoma",66,0.370332048914999,1.55359674226974,0.0125014448504774,0.0258853446315766,0.00245262108079174,2606,"tags=29%, list=15%, signal=25%","5879/3091/8503/1398/3845/5058/5781/56924/405/5604/7030/2034/7422/5062/3725/5546/207/5595/10298",0.380730400722792
"hsa05143","African trypanosomiasis",32,0.432090897070316,1.55285193798339,0.0273698196331222,0.0496607036642217,0.00470532227510866,4878,"tags=50%, list=28%, signal=36%","8542/4615/5578/23236/355/3040/5331/2150/356/3039/3553/3458/2776/3606/3620/3043",0.352487857583619
"hsa00430","Taurine and hypotaurine metabolism",12,-0.566915727961227,-1.54968085724597,0.0249635495657542,0.046006122759924,0.00435905289778674,3100,"tags=58%, list=18%, signal=48%","2330/51380/1036/2328/2686/2327/2326",0.352487857583619
"hsa00533","Glycosaminoglycan biosynthesis - keratan sulfate",13,0.566614019401931,1.54872331374543,0.0479846449136276,0.080528723945094,0.0076300489241339,4223,"tags=62%, list=24%, signal=47%","10678/2683/8702/93010/2530/8704/8703/6483",0.287857117255149
"hsa05214","Glioma",71,0.365845659735011,1.54667118421928,0.00921162300627484,0.0201396975044021,0.00190822441667669,4803,"tags=38%, list=28%, signal=28%","1871/595/578/5578/8503/817/3845/6464/10912/5604/808/207/801/5595/1869/2475/7157/4616/4193/1026/91860/5605/369/1950/25759/2885/1647",0.380730400722792
"hsa05231","Choline metabolism in cancer",91,0.343898194335142,1.54602838340165,0.0123826633168289,0.0257911093936318,0.00244369234777982,2824,"tags=27%, list=16%, signal=23%","5879/5130/3091/5578/8503/3845/6667/1978/8394/5604/5599/5601/5337/255189/3725/56994/207/5170/8395/5595/8613/80736/2475/5321/6199",0.380730400722792
"hsa04012","ErbB signaling pathway",80,0.352735197638738,1.54309807007876,0.0132841503270317,0.0271861681111347,0.00257587333544634,4772,"tags=45%, list=28%, signal=33%","5578/8503/817/1398/4609/3845/6464/5058/56924/5747/1978/5604/5599/5601/5062/8440/3725/207/5595/2002/10298/2475/6199/6714/5609/1399/25/2065/1026/374/6198/5605/369/1950/25759/2885",0.380730400722792
"hsa04630","JAK-STAT signaling pathway",116,0.329865810386733,1.53180601173755,0.00443099667909382,0.0107566264209726,0.00101918398591056,3145,"tags=26%, list=18%, signal=21%","6774/595/894/53832/3601/6772/5292/8503/9021/8027/4609/8651/51588/5781/3976/4170/598/3595/3717/149233/1154/207/5008/122809/1441/2475/6773/3559/3459/3588",0.407017918923954
"hsa00130","Ubiquinone and other terpenoid-quinone biosynthesis",12,0.571187786081045,1.52916421271105,0.0305825916409632,0.0552054987570208,0.00523068832786271,3008,"tags=50%, list=17%, signal=41%","1728/2677/27235/154807/10229/51805",0.352487857583619
"hsa03030","DNA replication",36,0.409151796005259,1.51980758129262,0.0381537014504801,0.0668164323908906,0.00633081741648085,3860,"tags=44%, list=22%, signal=35%","4175/2237/4173/23649/10714/4171/10535/246243/4176/54107/5983/5425/4172/5111/5985/5982",0.321775918075361
"hsa04670","Leukocyte transendothelial migration",97,0.333940339011794,1.51663526824165,0.0172323047161405,0.0338869902797847,0.00321077226931719,2539,"tags=27%, list=15%, signal=23%","5879/71/9069/51208/81/5578/5603/8503/1499/1495/5781/5747/1432/60/1500/387/7414/4688/2773/11069/9075/4267/2909/50848/3688/7408",0.352487857583619
"hsa04130","SNARE interactions in vesicular transport",32,0.422008533944289,1.51661785569687,0.032981877180418,0.0583398028517947,0.00552766178546454,4476,"tags=50%, list=26%, signal=37%","10652/55014/6804/9341/9342/6811/9570/9527/6810/10791/6845/10228/6809/53407/8676/51272",0.321775918075361
"hsa04973","Carbohydrate digestion and absorption",36,0.407181988560473,1.51249066782065,0.041157870094473,0.0713673412475592,0.00676201333670095,3179,"tags=42%, list=18%, signal=34%","93432/8503/483/80201/476/3099/6523/481/3938/3101/23236/207/5331/92579/2542",0.321775918075361
"hsa00640","Propanoate metabolism",31,0.427592428112681,1.50988974514785,0.0196995479243852,0.0376860916814326,0.00357073487821291,3829,"tags=45%, list=22%, signal=35%","1738/4329/8310/32/18/26275/5096/55902/51/3939/3030/593/1962/1629",0.352487857583619
"hsa00380","Tryptophan metabolism",36,0.406161072510813,1.50869844213012,0.0447628775650904,0.076861136111765,0.00728254714798581,4982,"tags=50%, list=29%, signal=36%","3033/125061/1743/1738/39/224/55526/217/3030/7166/847/1962/1545/3620/223/23498/56267/219",0.321775918075361
"hsa04620","Toll-like receptor signaling pathway",79,0.348753921900099,1.50420950388695,0.0168601968689437,0.0333415129093717,0.00315908861137053,3763,"tags=33%, list=22%, signal=26%","5879/4615/8737/6772/5603/8503/3654/841/1432/5604/5599/29110/7098/3576/5601/54472/3725/207/5595/6773/148022/3553/114609/5970/5609/2353",0.352487857583619
"hsa04080","Neuroactive ligand-receptor interaction",199,-0.2868294166806,-1.5037262916623,0.00248019132714917,0.00671559497812699,0.000636298648823908,3038,"tags=30%, list=18%, signal=25%","2918/1901/2892/153/1140/5028/5540/7253/117/8698/1907/6752/148/1136/2917/154/4987/718/2798/1135/257313/5030/8620/1906/10161/4852/2897/2894/5026/10800/51738/3269/255061/1146/339403/2796/1133/183/3953/59350/4157/22953/1902/4886/2890/6869/1269/2550/3356/8001/554/2901/1903/5737/2893/1268/2898/147/5729",0.431707695803346
"hsa04810","Regulation of actin cytoskeleton",197,0.29687619732591,1.49981335393773,0.00250650508539785,0.00673503656534384,0.000638140727704092,4292,"tags=35%, list=25%, signal=26%","5879/1131/71/128239/79784/4627/81/81624/8503/3655/3673/1398/727/2245/55740/10097/3845/5058/56924/5747/1132/8394/50649/60/3691/5604/387/7414/10095/3985/10552/10788/5062/1729/8976/3682/207/8395/2909/9965/221178/5595/3688/10298/5216/23365/1072/8826/87/2768/6714/9564/5500/6548/1399/1128/733/10092/79837/3679/5881/10787/5829/624/10094/55970/3675/23396",0.431707695803346
"hsa04934","Cushing syndrome",133,0.312649455857482,1.47761415515761,0.00668505311032341,0.015084222402781,0.00142922114342962,4482,"tags=38%, list=26%, signal=28%","1871/595/7976/2778/7481/7474/817/3777/1499/898/3949/50940/6667/8326/405/468/5604/2767/949/2773/8313/1017/3164/23236/3710/1386/84699/11091/5331/5595/1869/7483/1388/5929/2535/107/115/5566/90993/1857/8321/1026/9070/108/10488/64764/2776/5605/2271/4221",0.407017918923954
"hsa04148","Efferocytosis",151,0.306218650297115,1.47525167492395,0.0101054954081722,0.0216898438029061,0.00205509986083765,3290,"tags=29%, list=19%, signal=24%","834/5879/836/3091/1374/23250/9261/5603/7301/5868/8754/817/811/1398/1051/4035/6566/5781/5747/488/1432/405/5604/196527/5627/3717/840/5031/7879/7386/713/3988/5878/246/5595/64284/80824/389668/161291/4775/6256/4953/9564/56848",0.380730400722792
"hsa04930","Type II diabetes mellitus",38,0.399481157550191,1.47052511786317,0.0386738494165975,0.0673920544289223,0.00638535726383999,3590,"tags=39%, list=21%, signal=31%","8503/80201/9021/3099/8651/6517/3101/5599/5601/5580/5595/122809/2475/5315/3767",0.321775918075361
"hsa00920","Sulfur metabolism",10,0.567102951624979,1.45176054189079,0.0955882352941176,0.145030425963489,0.0137415470080451,5735,"tags=60%, list=33%, signal=40%","10380/54928/58472/6821/23474/9061",0.195789002148949
"hsa03082","ATP-dependent chromatin remodeling",100,0.321089496951775,1.45011265149183,0.014357788992167,0.0290456420990965,0.00275205739507426,5345,"tags=44%, list=31%, signal=31%","71/3066/9219/9031/60/6599/1108/54815/10263/5928/3014/8099/10856/7528/9275/3065/54107/55193/54108/55506/6597/11177/54617/55257/3015/9555/8329/5931/8467/6603/10524/29844/11176/92815/94239/10933/6602/6601/53615/9643/8607/29994/10445/64431",0.380730400722792
"hsa04517","IgSF CAM signaling",267,0.278783552301703,1.447560626886,0.00269140643686215,0.00706996317742892,0.000669874825936494,2501,"tags=24%, list=14%, signal=21%","4067/5879/71/5819/79784/4627/81/8573/5578/5603/351/8503/8541/1499/26047/382/81607/10097/23136/5058/5781/56924/140735/5747/117178/1432/203068/9693/4155/60/6712/5604/90249/387/7414/117157/10095/5599/84790/57823/10552/999/25945/8829/3786/5601/5818/5062/10376/8440/6711/5584/81928/4008/8976/10383/9414/207/5170/5792/50848/5595/3688",0.431707695803346
"hsa05223","Non-small cell lung cancer",70,0.340154479873515,1.44747359556634,0.0268259528926489,0.0489260902498053,0.00463571808895337,4803,"tags=37%, list=28%, signal=27%","6774/1871/595/578/5578/8503/3799/3845/10912/5604/207/5170/5595/2309/1869/7157/4616/6256/4233/1026/3082/5605/369/1950/2885/1647",0.352487857583619
"hsa04659","Th17 cell differentiation",96,0.319080379351604,1.44492219194532,0.0246543091684313,0.0456753517225675,0.00432771253779994,5261,"tags=43%, list=30%, signal=30%","6774/3091/6772/5603/3108/3320/5534/4793/1432/3113/5599/3717/149233/5601/3123/3725/5595/3326/2475/3559/3459/4775/4089/6256/3553/5970/2353/3122/30009/7046/861/3458/1147/5914/3560/3119/196/3594/3127/5594/3109",0.352487857583619
"hsa03022","Basal transcription factors",34,0.403023401027245,1.43971566778445,0.053475935828877,0.0883733775200221,0.00837332520664886,4902,"tags=38%, list=28%, signal=27%","2962/129685/6884/2960/27097/2957/2068/2958/2967/6873/6877/6908/2959",0.261663521711573
"hsa05215","Prostate cancer",95,0.320795040110155,1.43890001310701,0.024328568642395,0.0453103500641431,0.00429312884673006,5244,"tags=43%, list=30%, signal=30%","1871/595/7184/2346/2950/8503/1499/3320/898/3845/7113/468/5604/1017/4824/84699/207/5170/5595/3326/1869/2475/4314/7157/113235/5970/4193/90993/1026/10488/64764/1147/5605/369/1950/2885/6692/5594/5328/2932/842",0.352487857583619
"hsa00900","Terpenoid backbone biosynthesis",22,0.440762981062067,1.43746911506932,0.0618374558303887,0.099847635102279,0.00946050432028323,4771,"tags=50%, list=28%, signal=36%","3157/3156/4597/10269/23590/39/116150/10654/57107/4598/79947",0.241339976815091
"hsa04922","Glucagon signaling pathway",91,0.319686050232942,1.4371802922467,0.0345241011102615,0.0607624179540603,0.00575720313231657,4569,"tags=45%, list=26%, signal=33%","1374/2778/5214/817/5255/5534/5531/5223/5257/468/32/23236/3710/51422/808/1386/84699/5160/207/801/5331/3939/92579/5315/5211/5562/5836/5566/90993/2642/2203/108/10488/64764/150094/2997/91860/2776/5465/3276/53632",0.321775918075361
"hsa04911","Insulin secretion",71,0.339227982004257,1.43414068387985,0.0307838620936485,0.0552853033518584,0.00523824976598257,4397,"tags=42%, list=25%, signal=32%","2695/1131/2778/5578/483/817/476/6804/481/468/2767/885/23236/3710/6262/1386/11069/84699/5331/6616/1388/3767/107/115/5566/90993/108/10488/64764/2776",0.352487857583619
"hsa04721","Synaptic vesicle cycle",62,0.345737305903726,1.43346810663733,0.0324392137533179,0.0579624530008523,0.00549190811046321,3694,"tags=37%, list=21%, signal=29%","1213/10312/6804/163/4905/9114/6536/526/523/6539/161/528/23545/6616/1785/8775/6570/6512/6809/160/6505/10815/1173",0.321775918075361
"hsa04550","Signaling pathways regulating pluripotency of stem cells",112,0.309803790373031,1.42077563088438,0.0188773059240631,0.0365099543146715,0.00345929655893682,2458,"tags=21%, list=14%, signal=19%","6774/7976/3670/7481/5603/8503/7474/1499/4609/3845/8326/1432/3720/9314/3976/5604/91/8313/4086/3717/207/130399/6926/5595",0.352487857583619
"hsa04260","Cardiac muscle contraction",61,0.342854593536201,1.41915200585731,0.0605504587155963,0.0982200989303682,0.00930629623142858,4194,"tags=33%, list=24%, signal=25%","444/7170/483/476/4635/488/481/7171/7168/7385/6262/7386/9377/4512/6548/4625/1537/4514/9167/4513",0.248911114434702
"hsa04261","Adrenergic signaling in cardiomyocytes",119,0.303448542554338,1.41397796398032,0.0129163570052678,0.0265880565254635,0.00251920261676124,4397,"tags=39%, list=25%, signal=29%","3784/2778/5578/5603/7170/483/817/476/4635/488/1432/5502/481/468/7171/5526/6324/2773/7168/23236/6262/808/1386/11069/84699/207/801/5331/5595/5518/1388/5500/6548/5525/4625/5515/107/115/5566/90993/5516/108/10488/64764/91860/2776",0.380730400722792
"hsa04061","Viral protein interaction with cytokine and cytokine receptor",75,0.328747722091875,1.41206976908289,0.0567795961239542,0.0929600829564273,0.00880791283160892,3562,"tags=33%, list=21%, signal=27%","53832/56477/6370/51554/2919/2920/3579/6372/2921/6364/7133/7132/3576/1232/6374/8795/4055/8807/6369/3559/2833/3588/8743/8740/1234",0.321775918075361
"hsa04915","Estrogen signaling pathway",109,0.303784299457647,1.40654565642945,0.0177061290420203,0.0346253190155063,0.00328072847996683,4445,"tags=40%, list=26%, signal=30%","7184/2778/8503/3320/3310/3845/6667/6464/8648/468/5604/3762/2773/3312/23236/3710/5580/10499/808/1386/3725/84699/207/801/5331/5595/3326/3875/6714/1388/107/115/5566/2289/2353/90993/108/10488/64764/1509/91860/2776/5605/5914",0.352487857583619
"hsa00240","Pyrimidine metabolism",54,0.346781913877174,1.4015663137915,0.0478723404255319,0.080528723945094,0.0076300489241339,5090,"tags=43%, list=29%, signal=30%","6241/51251/1890/51727/1806/79077/7378/129607/124583/7083/9583/1723/6240/4830/790/1635/1841/81602/7371/1503/8623/7372/93034",0.276500599254472
"hsa04664","Fc epsilon RI signaling pathway",58,0.337899763695196,1.38563141386841,0.0549450549450549,0.0903769128068194,0.00856315898906313,2458,"tags=26%, list=14%, signal=22%","4067/5879/5578/5603/8503/3845/1432/5604/2207/5599/5601/255189/207/5170/5595",0.261663521711573
"hsa04370","VEGF signaling pathway",55,0.347173097176499,1.37996151973715,0.0461254612546125,0.0784355669643653,0.00743172353927195,4020,"tags=40%, list=23%, signal=31%","5879/9261/5578/5603/8503/5534/3845/5747/1432/5604/7422/255189/207/5595/5321/6714/56848/5743/5881/5829/9047/3791",0.287857117255149
"hsa01232","Nucleotide metabolism",80,0.315345430506827,1.37953039129827,0.0504059719703684,0.083884439424043,0.00794800097931996,5090,"tags=42%, list=29%, signal=30%","7498/4860/6241/8833/51251/1890/50808/51727/79077/7378/129607/124583/122481/7083/271/9583/6240/4830/270/100/1635/1841/3615/2766/7371/1503/203/131870/9615/102157402/204/8623/2987/93034",0.321775918075361
"hsa04064","NF-kappa B signaling pathway",95,0.30710038783463,1.37747376620499,0.0461155973374775,0.0784355669643653,0.00743172353927195,3645,"tags=28%, list=21%, signal=23%","4067/79092/4615/8737/2919/2920/8915/7706/3654/8792/51588/2921/330/10912/598/7132/3576/4055/29775/331/4616/148022/3553/8740/114609/5970/5743",0.321775918075361
"hsa00620","Pyruvate metabolism",46,0.354319842526058,1.37430085590714,0.0480427046263345,0.080528723945094,0.0076300489241339,5219,"tags=43%, list=30%, signal=30%","127/4200/1738/39/224/32/4191/1737/128/5160/55902/3939/217/5315/2739/2271/223/4199/219/84532",0.276500599254472
"hsa04310","Wnt signaling pathway",153,0.284723713842057,1.36238642538847,0.0147251054147481,0.029618497748522,0.00280633512875054,5243,"tags=42%, list=30%, signal=29%","595/5879/894/7976/2239/7481/5578/7474/23401/1488/817/1499/51701/5534/4609/8326/387/5599/8313/6424/57216/23291/4041/23236/5601/3725/57680/5331/1454/10023/4919/8454/7157/54894/7483/4775/4089/2487/1452/2535/79718/5566/5881/57805/1857/8321/81839/56998/896/1459/1952/7088/7855/147495/5663/7090/6422/84133/85407/8607/440193/59352/2932/1487",0.380730400722792
"hsa04360","Axon guidance",170,0.273471293381865,1.36134884992488,0.0190428963269057,0.0366289590550318,0.00347057218764009,3147,"tags=26%, list=18%, signal=22%","5879/6405/1943/7976/5998/5578/84448/8503/7474/80031/817/27289/10512/6469/10509/55740/5534/3845/5058/5781/56924/5747/10501/2048/90249/387/2773/7223/3985/8829/5062/8440/2041/1969/5170/2049/5595/3688/10298/23365/1072/1947/4775/2047/6714",0.352487857583619
"hsa04980","Cobalamin transport and metabolism",17,0.465691887014353,1.35592205574359,0.124031007751938,0.17932418869187,0.0169908607260744,4928,"tags=47%, list=28%, signal=34%","5826/166785/25974/7702/27249/6947/3054/51293",0.175204047558551
"hsa04912","GnRH signaling pathway",82,0.310228398222465,1.35562456128953,0.0583941605839416,0.0951608542849419,0.00901643461222035,3730,"tags=37%, list=22%, signal=29%","2778/5578/5603/817/3845/1432/468/5604/2767/5599/23236/5601/3710/5580/5337/808/255189/3725/4323/801/5331/5595/5598/2002/5321/6714/5609/107/115/5566",0.252961123069611
"hsa04672","Intestinal immune network for IgA production",42,0.360255614394482,1.35503407178491,0.0935672514619883,0.142578668894458,0.013509244477093,1193,"tags=17%, list=7%, signal=16%","5284/8741/3601/56477/6370/3108/3113",0.204294756516886
"hsa04380","Osteoclast differentiation",126,0.28645263760876,1.35078603190305,0.0413838506008365,0.0714074284877178,0.00676581157897601,3558,"tags=28%, list=21%, signal=22%","5879/2215/2214/6772/353514/5603/8503/9021/8792/2212/5534/2274/8651/488/1432/2209/5604/4688/3726/2355/7132/5599/5601/3710/3725/207/5595/6773/3459/79168/11024/3553/10288/5970/5609",0.321775918075361
"hsa04977","Vitamin digestion and absorption",23,0.406512628274629,1.34975799646858,0.0883458646616541,0.136393615617992,0.0129232143404428,3465,"tags=30%, list=20%, signal=24%","5826/2346/5948/949/25974/113235/4363",0.206587922696891
"hsa00310","Lysine degradation",58,0.327779663852606,1.34413174515,0.0750915750915751,0.117476597476597,0.0111308380696355,3084,"tags=31%, list=18%, signal=26%","51268/63976/80854/7468/3033/1743/1738/51111/39/224/2122/6839/2146/79723/55526/217/387893/3030",0.222056046145248
"hsa04151","PI3K-Akt signaling pathway",299,0.255358737205187,1.34351682552277,0.0100249527867008,0.021648977797047,0.00205122783097348,5244,"tags=40%, list=30%, signal=28%","595/5879/894/1943/7184/2783/5578/7532/2782/8503/4602/7534/3655/3673/3320/898/64223/4609/3845/5747/1978/7531/4170/3691/598/468/5604/5526/3912/29941/256076/7529/1017/5586/3717/3164/7422/672/1386/54541/1969/84699/5623/207/5008/5170/9965/23239/10971/5595/3688/2309/3326/1441/356/2475/5518/7157/6199/3559/1298/10110/92579/6794/6256/1388/5562/5525/3574/5970/5515/23678/6009/4193/1128/90993/3679/7533/4233/9470/2065/3791/5516/6446/1026/374/6198/10488/2787/896/55970/64764/3675/2793/1147/2997/3082/5605/3908/10319/1950/3560/4914/5529/7097/2790/2885/5521/5528/1282/3667/8516/3672/3690/2784/5594/1977/2932/842",0.380730400722792
"hsa03410","Base excision repair",44,0.348416187460386,1.34308510338356,0.0722433460076046,0.11454800808413,0.0108533559583026,5998,"tags=59%, list=35%, signal=39%","328/10038/2237/7374/143/10714/10039/3980/54107/55247/5983/5425/5111/5985/5982/8505/6996/5426/142/5424/5427/54840/27343/3146/252969/54936",0.231126709673834
"hsa00270","Cysteine and methionine metabolism",49,0.345029713743396,1.34109694612978,0.0795660036166365,0.123379882260159,0.0116901708083783,3189,"tags=33%, list=18%, signal=27%","2730/10768/29968/4144/262/27430/2806/6723/4191/2805/113675/2729/3939/6611/26227/51074",0.213927855492356
"hsa00250","Alanine, aspartate and glutamate metabolism",33,0.370487260286441,1.33837796052861,0.0984848484848485,0.148783977110157,0.0140971937572454,3768,"tags=39%, list=22%, signal=31%","2346/2673/84706/445/435/2806/2805/18/80150/5471/8659/790/2752",0.195789002148949
"hsa04916","Melanogenesis",86,0.302765394262939,1.33690530005744,0.0672897196261682,0.107663551401869,0.0102010577629712,4408,"tags=36%, list=25%, signal=27%","7976/2778/7481/5578/7474/817/1499/3845/8326/5604/2773/23236/808/84699/801/5331/5595/7483/2535/107/115/5566/90993/1857/8321/108/10488/64764/91860/2776/5605",0.237793834423688
"hsa04510","Focal adhesion",188,0.267225935458683,1.33108674984579,0.0266605851901056,0.0488777395151936,0.00463113688547054,5249,"tags=40%, list=30%, signal=28%","595/5879/894/71/2013/81/5578/8503/3655/3673/1499/1398/6464/5058/56924/5747/330/8394/60/3691/5604/387/7414/3912/5599/256076/7422/5601/5062/3725/1729/207/5170/8395/2909/5595/3688/2002/7408/10298/331/1298/87/6714/9564/5500/55742/7094/1399/3679/5881/4233/5829/3791/896/3675/23396/3082/3908/10319/1950/25759/7791/2885/5499/5908/1282/8516/3672/824/3690/5594/103910/2932/5501",0.352487857583619
"hsa00770","Pantothenate and CoA biosynthesis",19,0.421130724410214,1.32893311316322,0.12406015037594,0.17932418869187,0.0169908607260744,2893,"tags=32%, list=17%, signal=26%","8876/1806/80347/224/60490/217",0.172324344900946
"hsa04142","Lysosome biogenesis",238,0.260473556333701,1.32865504638383,0.0141570550062187,0.0288051061398207,0.00272926675532019,5229,"tags=38%, list=30%, signal=27%","135112/55353/1508/8943/2799/1213/4891/55014/55317/10312/9741/1520/64223/163/2581/10670/6272/9885/9342/53/55745/9114/7030/130340/24141/2720/84335/526/7098/523/9516/7879/8546/5007/3988/1486/411/2629/64798/54982/127829/161/528/23457/23545/164/2475/9583/6845/9842/3177/28956/1519/8907/4864/160/2519/1522/55283/1173/2990/57707/57192/55004/162/1075/6609/10542/4125/79036/1509/26985/112936/91056/26258/57617/23230/4669/2030/3482/8649/51311/2517/114876/23339/4668/10053/6677/1175/2760",0.380730400722792
"hsa00053","Ascorbate and aldarate metabolism",23,0.399365783558773,1.32602807977279,0.101503759398496,0.152039673652216,0.0144056690773681,4982,"tags=48%, list=29%, signal=34%","54658/224/9104/54576/7358/217/2990/7366/54657/223/219",0.191892240384838
"hsa03020","RNA polymerase",32,0.36509104560908,1.31206730240879,0.115241635687732,0.17044141076505,0.0161492227757442,4889,"tags=38%, list=28%, signal=27%","11128/25885/10623/5433/55703/5434/5431/5441/5432/27297/51082/221830",0.178219874951973
"hsa04213","Longevity regulating pathway - multiple species",55,0.330086223755735,1.31204373461774,0.0904059040590406,0.138964533750141,0.013166807311587,4218,"tags=40%, list=24%, signal=30%","6647/8503/3066/3310/3845/3170/81570/3312/84335/51422/207/2309/3065/2475/6199/847/5562/107/115/5566/108/6198",0.20207170902116
"hsa00562","Inositol phosphate metabolism",75,0.305158342386107,1.31074632951052,0.0742753623188406,0.116718426501035,0.0110590018185068,4292,"tags=39%, list=25%, signal=29%","3628/55300/9677/23007/80271/5286/4329/8394/4534/5297/23236/3612/5298/8395/5331/9562/3705/3636/253430/55361/9107/8898/9807/79837/3632/5287/9110/7167/23396",0.222056046145248
"hsa04725","Cholinergic synapse",97,0.288149148803803,1.30866837736014,0.0627306273062731,0.100827309642959,0.00955332790308602,4397,"tags=37%, list=25%, signal=28%","3784/1131/2783/5578/2782/8503/817/3845/1132/468/5604/3761/2767/2773/3717/23236/3786/3710/84699/207/5331/5595/107/115/1128/5566/2353/90993/1141/108/10488/2787/55970/64764/2793/2776",0.245041785430996
"hsa04082","Neuroactive ligand signaling",130,-0.269814103470853,-1.30483734487706,0.0505213101076623,0.083884439424043,0.00794800097931996,3589,"tags=33%, list=21%, signal=26%","2565/10681/135/181/3363/2918/2892/153/2791/5028/113/148/1136/2917/2786/154/1103/111/4987/5579/64805/5030/246213/2897/5026/3269/255061/1133/5332/22953/2890/6869/2550/3356/8001/2901/2893/2898/2774/3359/6506/147/5567",0.321775918075361
"hsa04728","Dopaminergic synapse",112,0.28431818793125,1.3038973872577,0.0678260869565217,0.108030690537084,0.0102358439787017,5290,"tags=48%, list=31%, signal=34%","2783/2778/5578/5603/2782/817/3799/1432/468/3762/5526/2773/5599/23236/5601/3710/808/9575/1386/84699/207/801/84152/5331/5518/1388/6570/5500/5525/5515/5566/2353/90993/2931/5516/408/10488/2787/55970/64764/2793/91860/2776/5529/2790/5521/5528/5499/6571/2771/2784/2932/5501/409",0.227987202850442
"hsa04926","Relaxin signaling pathway",116,0.279525406488308,1.29803903469165,0.0734265734265734,0.115902035184546,0.0109816492245393,5324,"tags=46%, list=31%, signal=32%","4843/2783/2778/5578/5603/2782/8503/3845/6464/1432/468/5604/2773/5599/23236/7422/5601/4312/1386/3725/84699/207/5331/5595/6714/1388/5970/5609/107/115/5566/2353/90993/7046/408/108/10488/2787/55970/64764/2793/5605/25759/2790/2885/1282/2771/2784/5590/5594/2769/409/6416",0.219250346703755
"hsa04933","AGE-RAGE signaling pathway in diabetic complications",98,0.289886420669982,1.29653322367886,0.0930232558139535,0.142366026289181,0.0134890967161185,2458,"tags=23%, list=14%, signal=20%","6774/595/5879/836/6772/5292/5578/5603/8503/3845/1432/5599/3717/3576/23236/7422/5601/5580/3725/1729/207/5331/5595",0.195789002148949
"hsa00980","Metabolism of xenobiotics by cytochrome P450",55,0.324757157229599,1.29086148633297,0.0996309963099631,0.149872267953449,0.0142003086704242,4265,"tags=29%, list=25%, signal=22%","127/2950/1645/874/54658/1559/54576/128/4257/22977/218/4258/8574/7366/54657/1545",0.191892240384838
"hsa04070","Phosphatidylinositol signaling system",89,0.291034682000735,1.28867006505183,0.0781818181818182,0.121769911504425,0.0115376270323084,4395,"tags=38%, list=25%, signal=29%","3628/5578/55300/9677/8503/80271/5286/8394/4534/54928/5297/23236/3710/3612/808/1040/801/5298/8395/5331/3705/3636/253430/55361/8525/9107/8898/9807/79837/3632/5287/9110/23396/91860",0.216542836735348
"hsa00650","Butanoate metabolism",23,0.38797937038759,1.2882213767089,0.129699248120301,0.185585916009536,0.0175841556827405,5559,"tags=57%, list=32%, signal=38%","65985/3157/3033/39/18/3030/1962/79944/3155/5019/64064/622/116285",0.16823816568964
"hsa05030","Cocaine addiction",38,0.346832782588943,1.27672183995646,0.14365671641791,0.199097986097674,0.0188644163250066,5096,"tags=53%, list=29%, signal=37%","2778/468/2773/2906/1386/3725/84699/84152/116443/1388/6570/5970/1020/5566/90993/10488/64764/6571/2902/2771",0.158514105424824
"hsa00360","Phenylalanine metabolism",13,0.463523278941601,1.26694589964136,0.199616122840691,0.261207714646555,0.0247492763386304,3010,"tags=23%, list=17%, signal=19%","2806/2805/218",0.134273452883202
"hsa00561","Glycerolipid metabolism",56,0.314911143872798,1.26688035181263,0.12430426716141,0.17932418869187,0.0169908607260744,5007,"tags=43%, list=29%, signal=31%","9388/154141/80339/224/253558/23175/9663/8613/56894/217/4023/5407/10555/8525/84513/2710/80168/64900/10554/8694/223/219/11343/84803",0.170932335370056
"hsa01521","EGFR tyrosine kinase inhibitor resistance",76,0.295005450077013,1.26589697548862,0.110909090909091,0.164725738396624,0.0156076662022768,5241,"tags=39%, list=30%, signal=28%","6774/5578/8503/3845/6464/1978/598/5604/3717/7422/207/5595/2309/2475/6199/6714/4233/9470/2065/3791/6198/3082/5605/369/1950/25759/2885/5594/1977/2932",0.179782316298324
"hsa04010","MAPK signaling pathway",266,0.244438624884546,1.2645238886042,0.0327678445647988,0.0582539458929756,0.00551952688944019,4966,"tags=37%, list=29%, signal=27%","5879/4615/836/1943/9261/994/5578/5603/1398/3654/51701/5534/4609/3310/3845/5058/1432/10912/9693/468/5604/4296/2122/1848/7132/5599/3312/8550/3164/7422/5601/5062/51347/255189/1386/3725/5801/1969/5623/6722/355/207/84451/9965/6195/5595/5598/2002/5495/356/7157/5321/80824/6196/3925/4616/5536/6788/4775/2768/4293/8986/3553/4217/1847/5970/5609/1399/5566/2353/5881/4233/2065/3791/9175/7046/374/408/55970/8491/1147/3082/5605/5494/369/1950/4914/5608/51776/9344/2885/1647/8649/1846/5908/4294/1850/4149",0.321775918075361
"hsa05321","Inflammatory bowel disease",54,0.310705584355222,1.2557589168085,0.134751773049645,0.191260581102723,0.0181218268411536,6323,"tags=56%, list=37%, signal=35%","6774/6772/3108/3113/3595/149233/3123/3725/8807/3459/3553/5970/3122/30009/64127/3458/3606/7097/3119/3594/3127/3109/8809/7124/3115/6778/3586/4094/4790/4087",0.159646701919906
"hsa05340","Primary immunodeficiency",33,-0.341919296805609,-1.25522690373636,0.160337552742616,0.214596268309509,0.0203328693902379,4134,"tags=39%, list=24%, signal=30%","3561/5788/7535/326/5994/57379/973/926/927/695/23495/930/115650",0.159646701919906
"hsa04978","Mineral absorption",48,0.321197937447302,1.25377481514232,0.141284403669725,0.198135896779853,0.01877325893166,2844,"tags=35%, list=16%, signal=30%","540/1317/4891/483/476/538/6523/261729/481/3162/30061/475/142680/55630/6550/10568/7421",0.158514105424824
"hsa04931","Insulin resistance",102,0.281603482666365,1.25206022464139,0.122994652406417,0.17932418869187,0.0169908607260744,5249,"tags=44%, list=30%, signal=31%","6774/1374/8503/9021/2673/10999/6945/133522/5781/6517/32/7132/5599/5601/5580/51422/84699/207/5170/5792/6195/2475/6199/6196/92579/5500/5562/5970/5836/90993/6198/10488/64764/5524/2997/5465/53632/948/5499/5571/3667/5590/8660/2932/5501",0.16823816568964
"hsa04211","Longevity regulating pathway",81,0.288378549681173,1.25090479065956,0.121996303142329,0.178927911275416,0.0169533136754452,5207,"tags=49%, list=30%, signal=35%","8503/3845/1978/468/84335/10645/51422/1386/84699/9776/207/2309/79602/2475/7157/6199/6794/1388/847/5562/5970/107/6009/115/5566/90993/83667/9470/108/6198/10488/64764/53632/79813/10919/5571/3667/51094/1977/8660",0.172324344900946
"hsa04924","Renin secretion",59,-0.297482035883545,-1.24943626486616,0.136563876651982,0.193054154945774,0.0182917669010614,2607,"tags=29%, list=15%, signal=25%","117/1907/3708/5530/154/775/111/4881/2983/1906/2982/183/5332/5136/5533/3709/5567",0.178219874951973
"hsa00564","Glycerophospholipid metabolism",92,0.279697334327187,1.24743998178599,0.120300751879699,0.177179350048762,0.0167876385342954,4551,"tags=37%, list=26%, signal=27%","5320/5130/259230/85465/154141/10162/10400/5833/11145/5337/1040/255189/2820/253558/56994/55500/23175/9663/8613/5321/56894/142891/54947/8399/10555/8525/84513/9926/64900/56261/10554/79143/79888/11313",0.175204047558551
"hsa04724","Glutamatergic synapse",94,-0.272881312278314,-1.24552673893173,0.144827586206897,0.199918864097363,0.0189421940295514,3038,"tags=30%, list=18%, signal=25%","2918/2892/2791/100137049/3708/113/5530/8681/2917/2786/775/111/5579/27165/246213/2897/7220/8605/5332/2890/9229/2901/5533/2893/2898/3709/6506/5567",0.176694268938498
"hsa04925","Aldosterone synthesis and secretion",80,0.284065355891225,1.24269056614226,0.109712230215827,0.163638580660895,0.0155046586503688,4397,"tags=39%, list=25%, signal=29%","2778/5578/483/817/3777/476/3949/481/468/3762/2767/949/3164/23236/3710/808/1386/84699/801/5331/1388/107/115/5566/90993/466/108/10488/64764/91860/2776",0.179782316298324
"hsa04710","Circadian rhythm",33,0.343421045791286,1.24060179157951,0.181818181818182,0.239700374531835,0.0227114685942139,5564,"tags=58%, list=32%, signal=39%","1453/23291/51422/9575/8863/1454/9975/8454/1407/8553/5562/8864/53632/9572/5571/4862/1628/5187/4783",0.140406238523342
"hsa05031","Amphetamine addiction",56,0.30777630080003,1.23817704080561,0.142857142857143,0.199097986097674,0.0188644163250066,4395,"tags=45%, list=25%, signal=33%","2778/5578/817/3066/6804/5534/468/2906/808/1386/3725/84699/801/84152/116443/3065/1388/6570/5500/5566/2353/90993/10488/64764/91860",0.158514105424824
"hsa04330","Notch signaling pathway",59,0.299185681457816,1.22802964221364,0.12956204379562,0.185585916009536,0.0175841556827405,5674,"tags=42%, list=33%, signal=29%","9541/151636/8650/1488/3066/441478/22938/23385/55851/54567/3065/3280/83737/1857/28514/113878/51107/7088/5663/7090/1487/5664/23220/8850/5986",0.165656695205483
"hsa00565","Ether lipid metabolism",44,0.316475485562189,1.21995913376723,0.157794676806084,0.21199895509825,0.0200867755009727,4720,"tags=45%, list=27%, signal=33%","5320/85465/8540/5049/5050/11145/5337/255189/56994/8613/5048/387521/5321/54947/8399/7368/7941/79888/5051/254531",0.152144922367565
"hsa05218","Melanoma",60,0.294603256859372,1.21409358104246,0.143667296786389,0.199097986097674,0.0188644163250066,4562,"tags=35%, list=26%, signal=26%","1871/595/578/8503/3845/10912/5604/999/207/9965/5595/1869/7157/4616/4193/4233/1026/3082/5605/369/1950",0.159646701919906
"hsa04658","Th1 and Th2 cell differentiation",81,0.279710162425581,1.21330377228527,0.155268022181146,0.210367750597636,0.0199322198401449,5261,"tags=38%, list=30%, signal=27%","6772/5603/3108/5534/4793/1432/3113/3595/5599/3717/5601/3123/3725/5595/54567/3559/3459/4775/5970/2353/3122/30009/28514/3458/1147/3560/3119/3594/3127/5594/3109",0.151148761385484
"hsa04961","Endocrine and other factor-regulated calcium reabsorption",42,0.321988532002802,1.21109960304476,0.175438596491228,0.233035418735518,0.0220799679778901,3730,"tags=40%, list=22%, signal=32%","2778/5578/1213/483/476/163/481/23236/8766/5331/161/7421/1785/160/115/1173/5566",0.14551614609036
"hsa05146","Amoebiasis",88,0.272460088733684,1.20762600252532,0.139194139194139,0.195985347985348,0.0185694957064164,2449,"tags=23%, list=14%, signal=20%","4843/836/2778/81/2919/5578/2920/5269/8503/5868/2921/5747/7414/2767/3912/3576/23236/7879/5878/5331",0.159646701919906
"hsa04512","ECM-receptor interaction",79,-0.26691390470957,-1.2041240871623,0.155982905982906,0.210367750597636,0.0199322198401449,2057,"tags=18%, list=12%, signal=16%","3371/1297/1280/284217/2811/1299/9899/341640/1286/7143/131873/8515/1285/80144",0.163180127180689
"hsa00340","Histidine metabolism",19,0.379914185478388,1.19886893066218,0.225563909774436,0.291906236178682,0.0276579430815483,3010,"tags=26%, list=17%, signal=22%","84735/55748/224/217/218",0.12384217120105
"hsa04382","Cornified envelope formation",108,0.26614833503066,1.19854290518453,0.150519031141869,0.206158361719602,0.0195333827357348,5029,"tags=40%, list=29%, signal=28%","5318/9069/51208/6280/3655/9517/10999/6279/823/3691/5526/6282/3849/6768/5046/3728/9075/2629/5518/57704/3875/1829/23254/5045/10558/5525/7357/3856/147409/5515/5652/1364/2531/5516/1366/11187/7082/5529/642/5521/5528/1282/1365",0.148261500475107
"hsa05217","Basal cell carcinoma",56,0.297846547792951,1.19822987085693,0.176252319109462,0.233236151603499,0.0220989872983058,4058,"tags=29%, list=23%, signal=22%","578/7976/7481/7474/1499/6469/8326/10912/8313/7157/7483/4616/2535/1857/8321/1026",0.141225119642531
"hsa00592","alpha-Linolenic acid metabolism",20,0.380431245069793,1.19597795356637,0.25044404973357,0.317519617469326,0.0300847957967778,3236,"tags=40%, list=19%, signal=33%","5320/8310/11145/255189/30/51/5321/8399",0.112843355675562
"hsa04072","Phospholipase D signaling pathway",128,0.254677846117976,1.19581670045142,0.134715025906736,0.191260581102723,0.0181218268411536,3668,"tags=30%, list=21%, signal=24%","5898/2778/5578/8503/3579/375/382/3845/6464/5781/8394/5604/387/2207/3576/23236/5337/255189/11069/9265/9266/207/8395/5331/5595/8613/2475/5321/56894/1785/2768/5899/56848/10555/8525/107/6009/115",0.157402899305283
"hsa04726","Serotonergic synapse",88,0.268702473424037,1.19097110831124,0.155677655677656,0.210367750597636,0.0199322198401449,3209,"tags=27%, list=19%, signal=22%","836/2783/2778/5578/351/2782/3360/3845/5604/3762/2773/23236/3710/1559/2560/255189/246/5331/5595/5321/2561/260293/7166/6570",0.150169802128406
"hsa04720","Long-term potentiation",57,0.290114732538871,1.18496665151249,0.20253164556962,0.26404125644632,0.025017752746819,5249,"tags=49%, list=30%, signal=34%","5578/817/5534/3845/5502/468/5604/2906/23236/3710/808/801/6195/5331/5595/6196/5500/107/5566/91860/2776/5605/369/5499/5908/2902/5594/5501",0.128788713061714
"hsa04371","Apelin signaling pathway",116,0.253216611105199,1.17586823171521,0.167832167832168,0.223776223776224,0.0212026647365563,5262,"tags=43%, list=30%, signal=30%","4843/595/2783/9759/2782/3845/4635/5604/2773/999/8678/23236/3710/51422/6262/808/207/801/5331/5595/2475/81631/6199/4089/56848/5562/6548/8862/107/115/5566/5054/7046/108/6198/2787/55970/2793/91860/2776/5605/30849/53632/2790/5571/2771/2784/5594/8877/6237",0.140406238523342
"hsa03450","Non-homologous end-joining",12,0.437518747318443,1.1713100789144,0.273076923076923,0.337273954116059,0.0319565075003079,4003,"tags=50%, list=23%, signal=38%","2237/3981/7520/5591/7518/2547",0.112378519110475
"hsa03265","Virion - Ebolavirus, Lyssavirus and Morbillivirus",11,0.44454346777794,1.16703001292616,0.281188118811881,0.343674367436744,0.0325629428736636,3911,"tags=45%, list=23%, signal=35%","81607/432/4864/30835/6504",0.112378519110475
"hsa05202","Transcriptional misregulation in cancer",159,0.239909377533045,1.1599398506587,0.155052264808362,0.210367750597636,0.0199322198401449,4619,"tags=35%, list=27%, signal=26%","64332/51513/894/578/2130/1051/3002/7468/3066/9611/4609/6667/51274/5747/330/7113/10912/2209/1671/598/7030/1848/890/4086/3576/3728/5546/2530/5371/3065/1053/4314/7157/4616/6256/2120/51804/3021/5970/84444/8864/1670/4193/3248/466/4233/1026/904/4298/861/79058/5914/4221/3560/4914",0.14641623786055
"hsa00040","Pentose and glucuronate interconversions",29,0.32113886326467,1.14900083079926,0.257142857142857,0.3209726443769,0.0304119680522216,4108,"tags=31%, list=24%, signal=24%","6652/54658/54576/7358/7360/51084/2990/7366/54657",0.115734447701689
"hsa03250","Viral life cycle - HIV-1",63,0.276318652480064,1.14751889545457,0.244402985074627,0.312835820895522,0.0296410088440231,4340,"tags=35%, list=25%, signal=26%","22936/27183/6829/200315/9582/27125/9525/25939/8178/5045/85363/79643/1234/684/7251/5903/55201/27350/10955/904/4298/5901",0.11776578836269
"hsa05171","Coronavirus disease",194,0.229037844594691,1.14458763430738,0.148972602739726,0.204837328767123,0.0194082156454842,2458,"tags=16%, list=14%, signal=14%","717/834/6774/4615/629/103/6772/5578/5603/8503/6217/727/3654/2212/7113/4793/1432/7132/5599/57506/29110/6176/7098/8829/3576/5601/4312/3725/713/64135/6187/5595",0.148261500475107
"hsa04913","Ovarian steroidogenesis",38,-0.299876697066967,-1.13430994143499,0.255364806866953,0.3209726443769,0.0304119680522216,2725,"tags=26%, list=16%, signal=22%","100137049/113/8681/111/240/8605/3284/3283/6770/5567",0.124434168630393
"hsa04923","Regulation of lipolysis in adipocytes",49,-0.281563649557516,-1.13347137128212,0.251670378619154,0.317519617469326,0.0300847957967778,2952,"tags=29%, list=17%, signal=24%","153/5346/5291/7253/113/5742/154/111/4881/4852/5290/4886/10000/5567",0.128142916898415
"hsa04660","T cell receptor signaling pathway",112,0.246360560494903,1.12982181509373,0.23304347826087,0.300480968307055,0.028470393874826,4884,"tags=34%, list=28%, signal=25%","5603/8915/8503/5534/3845/5058/5781/56924/4793/1432/5604/387/5526/5599/5601/5062/8440/3725/207/5170/5595/10298/5518/4775/5525/5970/5609/5515/2353/1739/5516/3458/1147/5605/5529/2885/5521/5528",0.116234148779716
"hsa00591","Linoleic acid metabolism",23,0.339119833026443,1.12599135808224,0.285714285714286,0.34679802955665,0.0328589080104464,3236,"tags=30%, list=19%, signal=25%","5320/11145/1559/255189/246/5321/8399",0.107972360317345
"hsa04928","Parathyroid hormone synthesis, secretion and action",102,0.252354842386012,1.12201545824458,0.25668449197861,0.3209726443769,0.0304119680522216,4503,"tags=41%, list=26%, signal=31%","27347/2778/5578/6667/468/5604/387/2767/2773/4041/23236/3710/5337/9368/1386/142680/4323/84699/9826/5331/5595/9943/10568/7421/6256/2768/1388/1594/107/115/5566/2353/90993/6446/1026/408/108/10488/4324/64764/2776/369",0.11146266692298
"hsa04929","GnRH secretion",54,-0.27034565833642,-1.12118587787909,0.271689497716895,0.336741912663194,0.0319060968875954,2800,"tags=28%, list=16%, signal=23%","5291/8913/3708/775/5579/7224/2852/5290/7220/2796/5332/10000/2550/3709/3783",0.124434168630393
"hsa04820","Cytoskeleton in muscle cells",187,-0.221217547398299,-1.12076717717246,0.199052132701422,0.261207714646555,0.0247492763386304,2139,"tags=19%, list=12%, signal=17%","8082/6383/127294/2026/4606/7136/1297/7431/91010/27295/4621/7140/284217/85301/1466/200539/2199/4703/1299/9499/84033/1286/825/79188/131873/2201/8572/7125/7273/1301/8515/272/1285/23002/161176",0.151148761385484
"hsa05412","Arrhythmogenic right ventricular cardiomyopathy",69,0.26216233683492,1.11432199641006,0.279461279461279,0.343674367436744,0.0325629428736636,2061,"tags=19%, list=12%, signal=17%","5318/71/3655/3673/1499/6645/1495/488/60/3691/2010/6262/3728",0.102449405629826
"hsa04015","Rap1 signaling pathway",184,0.224618858047566,1.11181770939622,0.221441124780316,0.287628324437902,0.0272526134764557,2616,"tags=20%, list=15%, signal=17%","5879/5898/1943/71/2778/5578/5603/8503/1499/1398/2357/26037/55740/3845/1432/9693/60/5604/1500/387/2773/999/9855/23236/7422/808/11069/5584/1969/207/801/9965/5331/5595/3688/7408/5216",0.120433371642259
"hsa04921","Oxytocin signaling pathway",132,0.238276846077709,1.1092606056436,0.250889679715303,0.317519617469326,0.0300847957967778,3763,"tags=29%, list=22%, signal=23%","595/71/2778/5578/817/1827/5534/3845/60/5604/3762/3761/387/2773/10645/1938/23236/3710/51422/6262/808/255189/3725/801/5331/5595/5598/2002/5321/4775/6714/5500/5562/107/5743/115/5566/2353",0.112843355675562
"hsa04979","Cholesterol metabolism",45,0.290072043574029,1.10885693290636,0.292196007259528,0.353446716685065,0.0334888671801167,4939,"tags=42%, list=29%, signal=30%","9388/255738/64240/3949/4035/6272/949/64241/6646/3988/4023/7416/4864/7417/9217/337/948/9218/5360",0.104343952581949
"hsa04727","GABAergic synapse",65,0.26835798830894,1.10737934856142,0.283450704225352,0.34524099614991,0.0327113800168569,4314,"tags=35%, list=25%, signal=27%","2783/5578/2782/4905/92745/2773/2568/18/2560/2557/6539/2561/6714/10243/107/115/5566/2752/6540/108/2787/55970/2793",0.104343952581949
"hsa05310","Asthma",20,0.351945330019346,1.10642556577222,0.335701598579041,0.397868561278863,0.03769781065949,6061,"tags=60%, list=35%, signal=39%","3108/3113/2207/3123/3122/3119/3127/3109/7124/3115/6356/3586",0.0946646223153342
"hsa04640","Hematopoietic cell lineage",79,-0.243935772507152,-1.10046323632338,0.260683760683761,0.324242698801003,0.0307218037731688,4295,"tags=32%, list=25%, signal=24%","3117/3120/7850/3684/1438/3112/3563/913/1378/3676/3111/909/2322/926/927/3590/911/2811/951/931/930/933/2208/1380/912",0.122679189568808
"hsa04024","cAMP signaling pathway",174,0.222949182832561,1.09962356209483,0.241379310344828,0.310093128618173,0.0293811403743042,4408,"tags=30%, list=25%, signal=23%","5879/2867/2695/2778/6750/8503/483/817/476/3360/5058/488/8310/481/5604/387/2773/2906/5599/6662/338442/5601/6262/5337/808/3725/11069/84699/207/801/84152/116443/5595/51/4301/5500/6548/5970/107/115/1128/5566/2353/10846/90993/5881/6751/108/10488/64764/91860/5465/5605",0.116739204791222
"hsa04730","Long-term depression",51,0.271304619366583,1.09804443691187,0.28021978021978,0.343674367436744,0.0325629428736636,3139,"tags=29%, list=18%, signal=24%","4067/2778/5578/3845/5604/2767/2773/23236/3710/255189/5331/5595/5518/5321/2768",0.107554375265169
"hsa03430","Mismatch repair",23,0.329801264421697,1.09505059114154,0.321428571428571,0.384839650145773,0.0364633290422045,5706,"tags=48%, list=33%, signal=32%","9156/10714/5983/5425/2956/5111/5985/5982/5424/4436/6117",0.100633389423036
"hsa04392","Hippo signaling pathway - multiple species",28,0.31876997082534,1.09357798885535,0.328947368421053,0.392506690454951,0.0371897765729294,3068,"tags=29%, list=18%, signal=24%","7004/60485/5058/23286/4771/1454/55233/6788",0.0992333343771191
"hsa04340","Hedgehog signaling pathway",50,0.273972748426064,1.08697130123031,0.311711711711712,0.375556302203988,0.0355837373200773,4463,"tags=36%, list=26%, signal=27%","595/894/6469/1453/57758/23288/23291/57154/53944/1455/1454/8454/1452/1954/5566/408/23295/1456",0.0999276973731092
"hsa04020","Calcium signaling pathway",196,-0.210100014223406,-1.07668460672718,0.25,0.317519617469326,0.0300847957967778,2631,"tags=20%, list=15%, signal=18%","8913/487/3708/5333/113/5530/148/8536/154/775/255231/93129/845/4772/5579/5260/5026/10800/3269/1133/2252/5332/22953/7424/6869/5136/5256/7852/3356/5533/5737/3709/80310/6261/2246/4915/2774/7125/147/5567",0.131457611642763
"hsa03083","Polycomb repressive complex",80,0.243846743650404,1.0667476397048,0.334532374100719,0.397822282714369,0.0376934257928992,4597,"tags=35%, list=27%, signal=26%","7027/7874/3066/3607/3720/11335/8314/5928/221937/23429/11091/9212/7528/2146/10238/3065/8535/7321/10389/91133/5931/7322/83746/6322/7323/1912/57332/10600",0.0956031492204301
"hsa00830","Retinol metabolism",49,0.273479786086639,1.06298933494692,0.365280289330922,0.426165599234839,0.0403789382551462,4710,"tags=33%, list=27%, signal=24%","127/53630/54658/1559/54576/128/8854/216/157506/7366/54657/51109/8694/8228/1576/54905",0.0908241419007155
"hsa05032","Morphine addiction",70,0.248536205450408,1.05760651767834,0.362369337979094,0.425180023228804,0.0402855555119944,4314,"tags=31%, list=25%, signal=24%","2783/2778/5578/2782/2869/50940/3762/2773/2568/2560/2557/2561/107/2868/115/5566/10846/408/108/2787/55970/2793",0.0891647117820678
"hsa04662","B cell receptor signaling pathway",77,-0.238303683043953,-1.05666532820782,0.344827586206897,0.407313121962509,0.0385926771934773,3399,"tags=31%, list=20%, signal=25%","84433/5336/3635/5291/25780/5530/3551/973/4772/5579/971/695/55024/5290/2213/640/10451/10000/930/5533/974/933/23547/1380",0.108820126769161
"hsa04519","Cadherin signaling",308,0.201314914907436,1.05424481442083,0.312607944732297,0.375556302203988,0.0355837373200773,3947,"tags=27%, list=23%, signal=21%","5879/5318/7976/71/79838/81/7481/5603/7532/7474/7004/7534/60485/1499/55740/10097/3845/1495/5747/23286/8326/1432/7531/60/5604/1500/4771/387/7414/3849/6324/23385/10095/5599/8313/7529/10552/57216/999/2568/4041/5601/51347/55851/2560/3728/51474/84152/2909/10971/5595/2557/7408/2561/4642/3875/7483/4301/5097/55233/1829/4647/87/6788/5500/1452/1496/3856/5970/147409/2535/10092/1824/5881/7533/147798/1857/8321/64881/4233/81839/10787",0.0972150808846466
"hsa00350","Tyrosine metabolism",28,0.305316088088568,1.04742285702947,0.379699248120301,0.441102756892231,0.0417942251010064,3010,"tags=18%, list=17%, signal=15%","127/2806/2805/128/218",0.0908241419007155
"hsa03018","RNA degradation",72,0.248787161932703,1.04427523718957,0.39463601532567,0.455448778343069,0.0431535021412237,4634,"tags=31%, list=27%, signal=22%","2023/54464/5214/3329/26986/80153/22803/28960/23019/10766/5211/219988/11044/6499/10140/57472/5394/22894/23517/8761/25904/131870",0.0897104652742981
"hsa04970","Salivary secretion",62,0.251790642942138,1.04395403690618,0.36563071297989,0.426165599234839,0.0403789382551462,2449,"tags=24%, list=14%, signal=21%","1755/1131/4025/2778/5578/4069/483/476/6558/481/23236/3710/808/801/5331",0.0913924325943768
"hsa04014","Ras signaling pathway",200,0.208844917772053,1.03658532085653,0.356047700170358,0.419159834314267,0.0397151461760442,2683,"tags=20%, list=15%, signal=17%","5320/5879/2114/5898/1943/2783/5578/2782/8503/5868/382/3845/57186/6464/5058/5781/56924/598/5604/387/5599/29110/7422/5601/11145/5337/5062/808/9462/255189/1969/207/801/5878/9965/5595/2002/10298/356",0.088894528862045
"hsa04927","Cortisol synthesis and secretion",52,0.260153141555466,1.03330901985288,0.393280632411067,0.455377574370709,0.0431467556069925,4397,"tags=42%, list=25%, signal=32%","2778/3777/3949/6667/468/2767/949/3164/23236/3710/1386/84699/5331/1388/107/115/5566/90993/108/10488/64764/2776",0.0916795246008379
"hsa04611","Platelet activation",108,0.228754895562799,1.03014943554479,0.397923875432526,0.457742497229572,0.0433708306479335,3730,"tags=29%, list=22%, signal=23%","4067/71/2778/5603/8503/3673/2212/1432/60/387/2773/2207/23236/3710/255189/5584/207/2909/5331/5595/3688/7408/23365/6916/5321/6714/5500/7094/107/115/5566",0.0835990603684159
"hsa02010","ABC transporters",41,-0.260868392778292,-1.02072184618876,0.421841541755889,0.482104619149587,0.0456791272784894,1259,"tags=17%, list=7%, signal=16%","10349/21/8647/23461/9619/20/5244",0.0922597260527354
"hsa04540","Gap junction",75,0.237403060806893,1.01971713482923,0.420289855072464,0.481895859887646,0.0456593474619973,2483,"tags=23%, list=14%, signal=20%","2778/5578/1453/3845/203068/5604/2767/2773/84790/23236/3710/10376/983/10383/5331/5595/5598",0.083129129135339
"hsa00590","Arachidonic acid metabolism",51,0.248846652122986,1.00715086475761,0.445054945054945,0.506988157473594,0.0480368278046667,3849,"tags=27%, list=22%, signal=21%","5320/874/80142/11145/1559/255189/10728/246/6916/5321/8399/5743/3248/4048",0.0806388495950661
"hsa04750","Inflammatory mediator regulation of TRP channels",85,0.227199210110922,1.00698335612365,0.458801498127341,0.519286583089466,0.0492020963516129,4650,"tags=35%, list=27%, signal=26%","2778/5578/5603/8503/817/40/1432/5599/23236/5601/3710/5580/808/255189/801/5331/2150/5321/6714/3553/5500/107/115/5566/624/108/91860/2776/4914/5608",0.0802023444698144
"hsa04723","Retrograde endocannabinoid signaling",123,0.213524493251121,1.00629819522682,0.450606585788561,0.511656510314754,0.0484791514728954,5163,"tags=35%, list=30%, signal=25%","2783/5578/5603/2782/1432/3762/2773/5599/2568/23236/5601/3710/2560/4702/4728/5331/5595/2557/4720/4726/2561/107/5743/115/5566/374291/4719/54539/4715/108/4710/2787/55970/2793/4723/2776/4704/2790/4722/11343/2771/2784/5594",0.0770736734944102
"hsa03272","Virion - Hepatitis viruses",37,0.269538690772748,0.991552200027464,0.47047619047619,0.529097824433288,0.0501317056610921,2571,"tags=24%, list=15%, signal=21%","9069/51208/3949/27183/949/57132/9075/4072/9525",0.0797705918628453
"hsa04022","cGMP-PKG signaling pathway",131,0.209628730193982,0.990540212919172,0.464864864864865,0.524462924462925,0.0496925516325687,4408,"tags=32%, list=25%, signal=24%","483/476/292/5534/10105/488/481/468/5604/293/387/2767/2773/150/23236/3710/808/1386/84699/6722/207/801/5331/5595/7408/4775/2768/1388/5500/7416/4625/7417/107/115/90993/624/108/10488/64764/91860/2776/5605",0.0774767547848578
"hsa00531","Glycosaminoglycan degradation",18,0.313466121373639,0.973714367810862,0.488416988416988,0.54578660292946,0.0517129575445399,5793,"tags=50%, list=33%, signal=33%","2799/2720/411/10855/2990/4669/6677/8372/8692",0.0785029047348687
"hsa05204","Chemical carcinogenesis - DNA adducts",48,0.249236817677955,0.972879363716667,0.515596330275229,0.570722981939876,0.054075664694475,7123,"tags=50%, list=41%, signal=30%","2950/54658/1559/54576/9/4257/6799/4258/5743/7366/54657/1545/1576/2052/7367/9446/873/2941/6817/373156/54575/119391/2948/1562",0.0730744399126987
"hsa00120","Primary bile acid biosynthesis",13,0.3537954093703,0.967027253166525,0.487523992322457,0.54578660292946,0.0517129575445399,3442,"tags=31%, list=20%, signal=25%","3295/1109/80270/6342",0.0782955249944794
"hsa04974","Protein digestion and absorption",80,-0.217852598224778,-0.963576076315347,0.553811659192825,0.607295028149142,0.0575408444236687,2222,"tags=18%, list=13%, signal=15%","1295/1308/1297/1280/85301/1296/1299/1286/131873/3783/1301/1285/1300/1310",0.0797705918628453
"hsa04350","TGF-beta signaling pathway",99,0.213645521284793,0.96045951105045,0.52014652014652,0.573954780851333,0.0543818757282446,5620,"tags=39%, list=32%, signal=27%","3077/7027/3066/9611/7037/4609/6667/91/387/79639/4086/57154/130399/5595/2615/3065/5518/8454/6199/4089/23592/5515/5516/7046/6198/90/3458/657/659/1874/4091/5594/654/3624/5519/285704/4756/7036/7124",0.0725351864394589
"hsa04060","Cytokine-cytokine receptor interaction",201,0.190437174178815,0.957548387831144,0.551546391752577,0.606701030927835,0.0574845635385717,4321,"tags=28%, list=25%, signal=21%","53832/8741/3601/56477/6370/51554/2919/2920/3579/6372/58191/53342/8792/2921/6364/10663/3976/7133/91/3595/7132/3576/149233/1232/8784/6374/355/5008/8795/130399/4055/94/8807/1441/356/6369/3559/3557/2833/3459/3588/3553/8743/8740/3574/1234/9235/2826/7046/1896/84818/90/3458/338376/132014/657",0.066436413766281
"hsa03273","Virion - Lassa virus and SFTS virus",16,0.325312595030333,0.95739790484283,0.507326007326007,0.565122641072008,0.0535450357124139,3904,"tags=44%, list=23%, signal=34%","79784/4627/7037/5097/1605/30835/64881",0.0738052724171275
"hsa05410","Hypertrophic cardiomyopathy",76,0.221607147047856,0.950937744103737,0.563636363636364,0.616149068322981,0.0583797594889156,1937,"tags=17%, list=11%, signal=15%","71/7170/3655/3673/6645/488/60/3691/7171/7168/2010/51422/6262",0.0681513438679483
"hsa00534","Glycosaminoglycan biosynthesis - heparan sulfate / heparin",19,0.300627627246529,0.948669820135098,0.513157894736842,0.569815706458575,0.0539897008796912,3377,"tags=32%, list=20%, signal=25%","2137/2131/3340/9957/2132/9394",0.0745500777420554
"hsa03420","Nucleotide excision repair",57,0.228248522258209,0.932275602710889,0.582278481012658,0.632598843569308,0.0599383659559205,4094,"tags=28%, list=24%, signal=22%","5887/1642/10714/2068/2967/54107/5433/5434/5431/5983/5425/5111/5985/5982/5441/5432",0.0662842187012672
"hsa04514","Cell adhesion molecule (CAM) interaction",137,0.195294297158281,0.931398090484257,0.614035087719298,0.66097966629111,0.0626274321085416,2633,"tags=18%, list=15%, signal=16%","9069/3106/5819/51208/3108/3655/26047/3134/3133/3107/29126/3105/214/3113/80381/999/25945/5818/3123/9075/4267/5792/50848/3688/6382",0.062249042949858
"hsa00603","Glycosphingolipid biosynthesis - globo and isoglobo series",14,-0.321321952767685,-0.922770652356849,0.576595744680851,0.628364402872011,0.0595371552064649,3936,"tags=43%, list=23%, signal=33%","6482/53947/26301/8706/6489/3073",0.0749278818393739
"hsa00230","Purine metabolism",118,0.198182453462215,0.915364507612219,0.641414141414141,0.686254643701452,0.0650222212564335,1252,"tags=11%, list=7%, signal=10%","7498/2618/4860/6241/10606/53343/8833/50940/55276/50808/5236/471/11164",0.0582216241124161
"hsa04081","Hormone signaling",137,0.189879811725029,0.905575311904101,0.685964912280702,0.725104051419841,0.0687031796405131,4397,"tags=29%, list=25%, signal=22%","6774/2695/2783/2778/6750/2782/8503/114131/6567/387/2767/2773/30061/10267/4086/3717/885/150/23236/11069/5331/79602/6794/4089/2768/6714/107/115/5566/117247/2642/6751/108/2787/55970/90/2793/657/2984/2776",0.0570059526582387
"hsa00515","Mannose type O-glycan biosynthesis",21,0.282301695750416,0.902000002213432,0.621572212065813,0.667053105631605,0.0632028868908294,1151,"tags=14%, list=7%, signal=13%","2526/2683/84892",0.0636424081651019
"hsa05414","Dilated cardiomyopathy",80,0.205914097459618,0.900805047296054,0.678057553956835,0.721076311156513,0.068321553634818,1937,"tags=16%, list=11%, signal=14%","71/2778/7170/3655/3673/6645/488/60/3691/7171/7168/2010/6262",0.0587185879555941
"hsa04744","Phototransduction",13,0.32718375658614,0.894289753434998,0.589251439539347,0.638204636054924,0.060469511475536,4395,"tags=38%, list=25%, signal=29%","2782/808/801/2780/91860",0.0686325631836726
"hsa04270","Vascular smooth muscle contraction",111,-0.188677116505269,-0.893607012957225,0.713004484304933,0.744740588947586,0.0705637299472514,2725,"tags=22%, list=16%, signal=18%","100137049/9138/26279/27094/1907/3708/113/8681/148/10242/775/111/4881/5579/2983/1906/2982/8605/183/5332/5322/3709/147/5567",0.0668966276500666
"hsa04610","Complement and coagulation cascades",66,-0.208320987782631,-0.892858355129106,0.664488017429194,0.70878721859114,0.0671571693888819,3224,"tags=26%, list=19%, signal=21%","2159/2157/1378/3053/2155/718/5104/5648/1191/3818/722/10747/5624/2153/1380/5270/729",0.0689567351672811
"hsa04713","Circadian entrainment",83,0.203127072952252,0.888181835687205,0.693577981651376,0.730956435752349,0.0692576895916495,4397,"tags=34%, list=25%, signal=25%","2783/2778/5578/2782/817/3762/2773/2906/23236/3710/6262/808/8863/801/5331/5595/9722/8864/107/115/5566/2353/108/2787/55970/2793/91860/2776",0.0585937568945671
"hsa04518","Integrin signaling",141,0.188618577379976,0.886799278778942,0.733826247689464,0.764221417712104,0.0724095269408471,4562,"tags=29%, list=26%, signal=22%","595/5879/894/71/255743/81/8503/3655/3673/1499/5747/60/3691/7414/3912/256076/999/7422/8440/3682/207/3688/2475/1298/3987/87/6714/55742/7094/3679/5881/4233/55612/5829/3791/896/3675/3082/3908/10319/1950",0.0562940749700968
"hsa00450","Selenocompound metabolism",17,0.302902213587547,0.88193890335962,0.61046511627907,0.659152518190897,0.0624543109076423,2426,"tags=24%, list=14%, signal=20%","22928/7296/4141/92935",0.0673623868166279
"hsa03440","Homologous recombination",41,0.232079235164388,0.874101686377428,0.68411214953271,0.725104051419841,0.0687031796405131,4214,"tags=34%, list=24%, signal=26%","79184/7516/8438/672/10714/4683/7979/5888/5932/5425/580/25788/83990/146956",0.0601186142531851
"hsa00140","Steroid hormone biosynthesis",44,0.225424426091042,0.868972796093436,0.711026615969582,0.744740588947586,0.0705637299472514,5860,"tags=36%, list=34%, signal=24%","1645/1109/54658/51144/412/54576/79644/7366/54657/1545/8644/1576/6715/1588/7367/3294",0.0590954798717342
"hsa00514","Other types of O-glycan biosynthesis",46,-0.211025354560641,-0.830206927845409,0.786363636363636,0.812300271329515,0.07696496986041,3775,"tags=28%, list=22%, signal=22%","285203/374378/114805/6480/79695/6487/10585/3955/100528030/64409/8473/23127/145173",0.0628003977812234
"hsa00910","Nitrogen metabolism",15,0.28246586378487,0.820608228972899,0.699801192842942,0.735313492181241,0.0696705181090904,1623,"tags=20%, list=9%, signal=18%","768/762/377677",0.0619762736001998
"hsa05144","Malaria",41,0.213940540369035,0.805784227049052,0.786915887850467,0.812300271329515,0.07696496986041,4878,"tags=34%, list=28%, signal=25%","4615/4035/3576/3040/6382/3039/3553/4233/3458/3082/3606/7097/948/3043",0.0535669384770951
"hsa04740","Olfactory transduction",35,-0.211856724166143,-0.78516898855102,0.822810590631365,0.846869379831112,0.0802403724274582,1007,"tags=9%, list=6%, signal=8%","5136/2774/5567",0.0554793308704233
"hsa05033","Nicotine addiction",22,0.233353166822288,0.761039344552901,0.832155477031802,0.853990460394153,0.080915090595422,2816,"tags=27%, list=16%, signal=23%","2906/2568/2560/116443/2557/2561",0.0484087618816951
"hsa00604","Glycosphingolipid biosynthesis - ganglio series",14,-0.264826128906578,-0.760526249848057,0.778723404255319,0.808585953681039,0.0766130404619389,1491,"tags=21%, list=9%, signal=20%","6489/3073/2583",0.0601186142531851
"hsa03460","Fanconi anemia pathway",51,-0.184869339544429,-0.747692968121247,0.892543859649123,0.90540472218009,0.0857865614645296,3581,"tags=22%, list=21%, signal=17%","8940/80010/51455/22909/5429/29935/5980/57697/2067/11201/55120",0.0551351763385257
"hsa00982","Drug metabolism - cytochrome P450",52,0.187857663550375,0.746156733047577,0.889328063241107,0.904749937170143,0.0857245209724427,3048,"tags=17%, list=18%, signal=14%","127/2950/54658/1559/54576/128/4257/218/4258",0.0504983044100709
"hsa00563","Glycosylphosphatidylinositol (GPI)-anchor biosynthesis",28,0.212365020436491,0.728543254406516,0.881578947368421,0.899466056445461,0.0852238764016173,4698,"tags=32%, list=27%, signal=23%","84720/93183/54965/8818/51604/9091/128869/5277/8733",0.0486034247259069
"hsa00730","Thiamine metabolism",12,0.268077087369404,0.717686719223616,0.834615384615385,0.854025044722719,0.0809183674400812,5114,"tags=50%, list=30%, signal=35%","248/122481/249/203/204/27010",0.0521630305460055
"hsa00760","Nicotinate and nicotinamide metabolism",35,0.190455977109423,0.710398560364961,0.896281800391389,0.906583890051061,0.0858982869222856,329,"tags=6%, list=2%, signal=6%","4860/10135",0.0496901392724606
"hsa04614","Renin-angiotensin system",18,-0.220693779415761,-0.684440875568771,0.909090909090909,0.916905444126074,0.0868762480609614,1288,"tags=11%, list=7%, signal=10%","183/4012",0.051530912208539
"hsa00532","Glycosaminoglycan biosynthesis - chondroitin sulfate / dermatan sulfate",21,-0.199521896991916,-0.645824389047718,0.934065934065934,0.936727090573244,0.0887543373282384,6763,"tags=52%, list=39%, signal=32%","50515/337876/51363/64131/29940/64132/92126/55790/56548/10090/166012",0.0531298054705469
"hsa00511","Other glycan degradation",17,0.218032365414056,0.634829382633742,0.924418604651163,0.929700996677741,0.0880886190907955,5070,"tags=41%, list=29%, signal=29%","2720/2629/57704/2519/4125/2517/23324",0.0478299633114229
"hsa03010","Ribosome",166,0.11645643999736,0.570235575771605,1,1,0.094749408041486,5182,"tags=27%, list=30%, signal=19%","51116/6217/6182/65080/51021/51253/6176/51073/7818/64969/6187/740/57129/51081/29088/10573/55168/51121/6132/54948/6175/64963/9801/90480/124995/51318/23107/64928/29093/64965/64960/6158/10884/54148/56945/64979/65993/6122/6183/54998/28973/55052/28977/6170",0.036993251998507
