"ID","Description","setSize","enrichmentScore","NES","pvalue","p.adjust","qvalue","rank","leading_edge","core_enrichment","log2err"
"R-HSA-9907900","Proteasome assembly",50,0.677183757630992,2.5095774100107,1.50509947082579e-09,4.29204199097155e-07,4.10656863553674e-07,1759,"tags=66%, list=18%, signal=55%","5699/5687/5721/51371/5689/5702/5685/5704/5691/5690/5698/56984/5683/5694/5714/5682/9861/11047/5713/5710/10197/5695/5705/5719/5700/10213/5720/5686/5692/5684/5696/9491/5688",0.788186810800237
"R-HSA-9010553","Regulation of expression of SLITs and ROBOs",132,0.561007101046147,2.4414528795498,1e-10,4.2775e-08,4.09265505217767e-08,2704,"tags=61%, list=27%, signal=45%","6231/116832/5687/6204/5689/5702/5685/5704/5691/51065/6129/5690/65110/5683/6208/5694/5714/5682/6144/6142/9861/6203/6222/11047/6166/6122/5713/5695/5705/5719/9978/5700/6191/10921/10213/4116/6132/6139/5686/4736/6233/6134/8453/5692/5684/55110/6194/6223/6136/6209/6173/5688/6170/6207/6143/7314/6138/6171/6135/6154/5718/5706/6124/6141/65109/6189/5701/26986/22916/6147/6176/9939/51121/6159/9045/6175/6229/6228/5707/6188",NA
"R-HSA-1236978","Cross-presentation of soluble exogenous antigens (endosomes)",36,0.72287795166168,2.42311419668804,1.14830266883289e-08,2.45593233296635e-06,2.34980335951402e-06,1759,"tags=78%, list=18%, signal=64%","5699/5687/5721/5689/5702/5685/5704/5691/5690/5698/5683/5694/5714/5682/9861/11047/5713/5695/5705/5719/5700/10213/5720/5686/5692/5684/5696/5688",0.747739663149885
"R-HSA-1799339","SRP-dependent cotranslational protein targeting to membrane",102,0.577875933681499,2.38793333941845,1e-10,4.2775e-08,4.09265505217767e-08,2704,"tags=60%, list=27%, signal=44%","6231/90701/116832/10952/6204/23480/60559/9789/51065/6129/1650/6208/6185/6746/6144/6142/6203/6748/6222/6166/6122/6184/6747/6191/28972/29927/6132/6139/4736/6233/6731/6134/6194/6223/6726/23478/6136/6209/6173/6170/6207/6143/58477/6138/6171/6135/6154/6124/6141/6189/6727/6147/6728/6176/51121/6159/9045/6175/6229/6228/6188",NA
"R-HSA-180585","Vif-mediated degradation of APOBEC3G",38,0.686421029821275,2.38168857367353,1.37223430596439e-07,1.26562279074336e-05,1.21093103651362e-05,1847,"tags=71%, list=18%, signal=58%","5687/60489/5689/5702/5685/5704/5691/5690/5683/5694/5714/5682/9861/11047/5713/5695/5705/5719/9978/5700/10213/5686/6233/5692/5684/5688/7314",0.690132458796796
"R-HSA-9824272","Somitogenesis",37,0.693802953120609,2.37186252532304,6.24731930710315e-08,9.71742121313953e-06,9.29749924537555e-06,1481,"tags=65%, list=15%, signal=55%","3955/5687/5689/5702/5685/5704/5691/4851/5690/5683/5694/5714/5682/9861/11047/5713/5695/5705/5719/5700/10213/5686/5692/5684",0.704975715167238
"R-HSA-9912633","Antigen processing: Ub, ATP-independent proteasomal degradation",19,0.818045846945197,2.36469648422689,1.68304222592944e-07,1.30894784025694e-05,1.25238386708699e-05,1759,"tags=95%, list=18%, signal=78%","5699/5687/5721/5689/5685/5691/5690/5698/5683/5694/5682/5695/5720/5686/5692/5684/5696/5688",0.690132458796796
"R-HSA-5610780","Degradation of GLI1 by the proteasome",44,0.661112236700582,2.36406313018916,1.23793909271195e-07,1.24594928684126e-05,1.19210768990018e-05,1481,"tags=64%, list=15%, signal=54%","5687/5689/5702/5685/8945/5704/5691/5690/5683/5694/83737/5714/5682/9861/11047/5713/5695/5705/5719/9978/5700/5566/10213/8454/5686/6233/5692/5684",0.690132458796796
"R-HSA-5676590","NIK-->noncanonical NF-kB signaling",45,0.652398443636239,2.35788779432838,1.13090581021175e-07,1.21348499221605e-05,1.16104628501106e-05,1481,"tags=60%, list=15%, signal=51%","9040/5687/4791/5689/5702/5685/8945/5704/5691/5690/5683/5694/5714/5682/9861/11047/5713/5695/5705/5719/5700/10213/8454/5686/6233/5692/5684",0.704975715167238
"R-HSA-180534","Vpu mediated degradation of CD4",38,0.678022455494491,2.35254787483093,2.59236775557922e-07,1.64971312201753e-05,1.57842355195063e-05,1847,"tags=71%, list=18%, signal=58%","5687/5689/5702/5685/8945/5704/5691/5690/5683/5694/5714/5682/9861/11047/5713/5695/5705/920/5719/5700/10213/5686/6233/5692/5684/5688/7314",0.674962860011025
"R-HSA-187577","SCF(Skp2)-mediated degradation of p27/p21",45,0.646222374252639,2.33556634528361,1.99877550371636e-07,1.48691516819943e-05,1.42266063712239e-05,2350,"tags=71%, list=23%, signal=55%","5687/1163/5689/5702/5685/5704/5691/5690/5683/5694/5714/5682/9861/11047/5713/5695/5705/5719/5700/10213/8454/5686/6233/1019/5692/5684/5688/7314/1017/5718/5706/5701",0.690132458796796
"R-HSA-9929356","GSK3B-mediated proteasomal degradation of PD-L1(CD274)",42,0.657240521482491,2.32896152999185,2.69313116657346e-07,1.64971312201753e-05,1.57842355195063e-05,1847,"tags=67%, list=18%, signal=55%","5687/5689/5702/5685/8945/5704/5691/5690/5683/5694/5714/5682/9861/11047/5713/5695/5705/5719/9978/5700/10213/8454/5686/6233/5692/5684/5688/7314",0.674962860011025
"R-HSA-8852276","The role of GTSE1 in G2/M progression after G2 checkpoint",49,0.640329556947255,2.32681864383028,5.9866055792238e-08,9.71742121313953e-06,9.29749924537555e-06,2350,"tags=67%, list=23%, signal=52%","5687/5689/7280/5702/5685/5704/10376/5691/5690/5683/5694/5714/5682/9861/11047/5713/5695/5705/22919/5719/5700/10213/5686/6233/5692/5684/10383/5688/7314/3320/5718/5706/5701",0.704975715167238
"R-HSA-5632684","Hedgehog 'on' state",54,0.617367996756864,2.31885911904566,3.53141861950746e-07,1.64971312201753e-05,1.57842355195063e-05,1481,"tags=54%, list=15%, signal=46%","5687/5689/409/5702/5685/5704/5691/5690/5683/5694/5727/83737/5714/5682/9861/11047/5713/5695/5705/5719/9978/5700/79577/11127/10213/5686/6233/5692/5684",0.674962860011025
"R-HSA-5358346","Hedgehog ligand biogenesis",45,0.640676257999967,2.31552166255075,2.97574068731235e-07,1.64971312201753e-05,1.57842355195063e-05,1847,"tags=60%, list=18%, signal=49%","5687/5689/5702/5685/5704/5691/5690/5683/5694/51009/5714/5682/9861/11047/5713/5695/5705/5719/5700/10956/10213/5686/6233/5692/5684/5688/7314",0.674962860011025
"R-HSA-8854050","FBXL7 down-regulates AURKA during mitotic entry and in early mitosis",40,0.66545834927542,2.31393371550679,3.0345636366257e-07,1.64971312201753e-05,1.57842355195063e-05,1847,"tags=68%, list=18%, signal=55%","5687/5689/5702/5685/5704/5691/5690/5683/5694/5714/5682/9861/11047/5713/5695/5705/5719/9978/5700/10213/8454/5686/6233/5692/5684/5688/7314",0.674962860011025
"R-HSA-5387390","Hh mutants abrogate ligand secretion",42,0.65189110431742,2.31000562819014,4.61919268027287e-07,1.88177111332068e-05,1.80045354856198e-05,1847,"tags=64%, list=18%, signal=53%","5687/5689/5702/5685/5704/5691/5690/5683/5694/51009/5714/5682/9861/11047/5713/5695/5705/5719/5700/10956/10213/5686/6233/5692/5684/5688/7314",0.674962860011025
"R-HSA-1236974","ER-Phagosome pathway",67,0.596549794872128,2.30796174887598,9.71770495064649e-08,1.21348499221605e-05,1.16104628501106e-05,1847,"tags=57%, list=18%, signal=47%","5699/5687/5721/10952/23480/8673/5689/5702/5685/5704/5691/6891/5690/5698/5683/5694/5714/5682/9861/567/11047/5713/6810/5695/5705/5719/5700/10213/5720/4615/29927/5686/6233/5692/5684/5696/5688/7314",0.704975715167238
"R-HSA-5619084","ABC transporter disorders",50,0.622576659310612,2.30720879318139,3.76030460307911e-07,1.64971312201753e-05,1.57842355195063e-05,2214,"tags=64%, list=22%, signal=50%","5687/5689/5702/5685/5704/6048/5691/5690/5683/5694/51009/5714/5682/9861/11047/5713/335/5695/5705/5719/5700/10956/10213/5686/6233/5692/5684/5688/7314/215/5718/5706",0.674962860011025
"R-HSA-5610783","Degradation of GLI2 by the proteasome",44,0.645164228438731,2.30703484325265,3.4346382768075e-07,1.64971312201753e-05,1.57842355195063e-05,1481,"tags=61%, list=15%, signal=53%","5687/5689/5702/5685/8945/5704/5691/5690/5683/5694/5714/5682/9861/11047/5713/5695/5705/5719/9978/5700/5566/10213/8454/5686/6233/5692/5684",0.674962860011025
"R-HSA-5610785","GLI3 is processed to GLI3R by the proteasome",44,0.645164228438731,2.30703484325265,3.4346382768075e-07,1.64971312201753e-05,1.57842355195063e-05,1481,"tags=61%, list=15%, signal=53%","5687/5689/5702/5685/8945/5704/5691/5690/5683/5694/5714/5682/9861/11047/5713/5695/5705/5719/9978/5700/5566/10213/8454/5686/6233/5692/5684",0.674962860011025
"R-HSA-9793380","Formation of paraxial mesoderm",44,0.64415625310831,2.30343043664436,3.70940369474639e-07,1.64971312201753e-05,1.57842355195063e-05,1481,"tags=55%, list=15%, signal=47%","3955/5687/5689/5702/5685/5704/5691/4851/5690/5683/5694/5714/5682/9861/11047/5713/5695/5705/5719/5700/10213/5686/5692/5684",0.674962860011025
"R-HSA-9604323","Negative regulation of NOTCH4 signaling",42,0.649557463931436,2.30173626787813,5.59466291415139e-07,2.04092225317465e-05,1.95272724034063e-05,2724,"tags=79%, list=27%, signal=57%","5687/5689/5702/5685/5704/5691/5690/5683/5694/5714/5682/9861/11047/5713/5695/5705/5719/9978/5700/10213/8454/5686/6233/5692/5684/5688/7314/5718/5706/5701/5707/7534/6500",0.659444398037935
"R-HSA-174113","SCF-beta-TrCP mediated degradation of Emi1",40,0.661675133431193,2.30077870632473,4.29210151351721e-07,1.83594642240699e-05,1.75660909437556e-05,1847,"tags=70%, list=18%, signal=57%","5687/5689/5702/5685/8945/5704/5691/5690/5683/5694/5714/5682/9861/11047/5713/5695/5705/5719/5700/10213/8454/5686/6233/5692/5684/26271/5688/7314",0.674962860011025
"R-HSA-9931269","AMPK-induced ERAD and lysosome mediated degradation of PD-L1(CD274)",51,0.622101770156909,2.30002245055515,3.36828664499158e-07,1.64971312201753e-05,1.57842355195063e-05,1481,"tags=55%, list=15%, signal=47%","5687/5689/5702/5685/5704/6048/5691/5690/5683/5694/51009/5714/5682/9861/5564/11047/5713/5695/5705/5719/5700/10956/10213/5686/6233/5571/5692/5684",0.674962860011025
"R-HSA-450408","AUF1 (hnRNP D0) binds and destabilizes mRNA",40,0.66114954881591,2.29895114196555,4.51080443737749e-07,1.88177111332068e-05,1.80045354856198e-05,2388,"tags=75%, list=24%, signal=57%","5687/5689/5702/5685/5704/5691/5690/3312/5683/5694/5714/5682/9861/11047/5713/5695/5705/5719/5700/10213/5686/6233/5692/5684/5688/7314/5718/5706/5701/26986",0.674962860011025
"R-HSA-5678895","Defective CFTR causes cystic fibrosis",45,0.635898179065467,2.29825280774294,5.24291796500317e-07,2.04092225317465e-05,1.95272724034063e-05,1481,"tags=58%, list=15%, signal=49%","5687/5689/5702/5685/5704/6048/5691/5690/5683/5694/51009/5714/5682/9861/11047/5713/5695/5705/5719/5700/10956/10213/5686/6233/5692/5684",0.659444398037935
"R-HSA-9762114","GSK3B and BTRC:CUL1-mediated-degradation of NFE2L2",41,0.658225119629865,2.29167969025008,2.97021628247672e-07,1.64971312201753e-05,1.57842355195063e-05,1847,"tags=68%, list=18%, signal=56%","5687/5689/5702/5685/8945/5704/5691/5690/5683/5694/5714/5682/9861/11047/5713/5695/5705/5719/9978/5700/10213/8454/5686/6233/5692/5684/5688/7314",0.674962860011025
"R-HSA-5362768","Hh mutants are degraded by ERAD",41,0.654679565202057,2.27933547118191,3.69193212291401e-07,1.64971312201753e-05,1.57842355195063e-05,1847,"tags=66%, list=18%, signal=54%","5687/5689/5702/5685/5704/5691/5690/5683/5694/51009/5714/5682/9861/11047/5713/5695/5705/5719/5700/10956/10213/5686/6233/5692/5684/5688/7314",0.674962860011025
"R-HSA-5607761","Dectin-1 mediated noncanonical NF-kB signaling",46,0.642494423234886,2.27923828792939,2.28636445205482e-07,1.62998732394408e-05,1.55955017097026e-05,1481,"tags=59%, list=15%, signal=50%","9040/5687/4791/5689/5702/5685/8945/5704/5691/5690/5683/5694/5714/5682/9861/11047/5713/5695/5705/5719/5700/10213/8454/5686/6233/5692/5684",0.690132458796796
"R-HSA-75815","Ubiquitin-dependent degradation of Cyclin D",37,0.666590051570738,2.2788314116601,6.9760346622429e-07,2.38719906141952e-05,2.28404028036759e-05,2350,"tags=78%, list=23%, signal=60%","5687/5689/5702/5685/5704/5691/5690/5683/5694/5714/5682/9861/11047/5713/5695/5705/5719/5700/10213/5686/6233/1019/5692/5684/5688/7314/5718/5706/5701",0.659444398037935
"R-HSA-211733","Regulation of activated PAK-2p34 by proteasome mediated degradation",36,0.674832130041945,2.26206278795341,6.30554635039031e-07,2.24766454281621e-05,2.15053551063878e-05,2350,"tags=78%, list=23%, signal=60%","5687/5689/5702/5685/5704/5691/5690/5683/5694/5714/5682/9861/11047/5713/5695/5705/5719/5700/10213/5686/6233/5692/5684/5688/7314/5718/5706/5701",0.659444398037935
"R-HSA-72766","Translation",328,0.466644772608148,2.26123108171544,1e-10,4.2775e-08,4.09265505217767e-08,2728,"tags=51%, list=27%, signal=39%","6231/64951/90701/116541/116832/5687/5464/10952/6204/10573/23480/60559/55168/5689/28998/27068/9789/5702/63931/5685/5704/51642/5691/51258/51065/6129/5690/29088/1650/5683/6208/5694/6185/64928/51023/122704/51264/11222/79590/6746/5714/5682/6144/8891/6142/9861/6203/6748/8892/6222/10480/29074/11047/6183/6166/8663/9521/6122/5713/64968/7284/65003/6184/7965/5695/4540/5705/6747/64963/5719/9978/56945/5700/6191/57129/28972/7323/8667/54460/28957/10213/116540/10056/57038/29927/6132/6139/5686/4736/6233/6731/64983/8668/219927/6134/54534/55052/53918/54948/8453/5692/5684/51504/6194/84545/65080/1936/6223/6726/23478/6136/6209/64979/6173/128308/51386/5688/6170/29093/6207/6143/7314/740/65005/327/58477/6138/7818/4539/4514/6171/8664/60488/6135/6154/51649/64960/4519/23438/5718/5706/6124/6141/6189/219402/27335/6727/5701/26986/8666/6147/1964/8894/6728/6176/9801/51121/6159/9045/6175/64965/51069/6229/6228/5707/6188/51253/4512",NA
"R-HSA-4641258","Degradation of DVL",41,0.649251511976974,2.26043713539595,5.41295591352083e-07,2.04092225317465e-05,1.95272724034063e-05,1847,"tags=63%, list=18%, signal=52%","5687/5689/5702/5685/5704/5691/5690/5683/5694/5714/5682/9861/11047/5713/5695/5705/5719/9978/5700/10213/5686/6233/5692/5684/5688/7314",0.659444398037935
"R-HSA-4641257","Degradation of AXIN",40,0.648426897035399,2.25471190003909,1.28488779785562e-06,4.14800570213391e-05,3.96875663198132e-05,2460,"tags=75%, list=25%, signal=57%","5687/5689/5702/5685/5704/5691/5690/5683/5694/5714/5682/9861/11047/5713/5695/5705/5719/5700/10213/5686/6233/5692/5684/5688/8312/7314/5718/5706/5701/8658",0.643551836150722
"R-HSA-68949","Orc1 removal from chromatin",54,0.599601905837029,2.25212896433135,1.24208638683e-06,4.08694193820411e-05,3.91033163561609e-05,2350,"tags=61%, list=23%, signal=47%","5687/5689/5702/5685/5704/5691/5690/5683/5694/5714/5682/9861/11047/5713/5695/5705/5719/9978/5700/10213/8454/5686/6233/5692/5684/5001/5688/7314/1017/5718/5706/4172/5701",0.643551836150722
"R-HSA-349425","Autodegradation of the E3 ubiquitin ligase COP1",37,0.656997945879783,2.24603945549303,1.3328923407049e-06,4.22329406471497e-05,4.04079153495913e-05,2350,"tags=76%, list=23%, signal=58%","5687/5689/5702/5685/5704/5691/5690/5683/5694/5714/5682/9861/11047/5713/5695/5705/5719/5700/10213/5686/6233/5692/5684/5688/7314/5718/5706/5701",0.643551836150722
"R-HSA-9929491","SPOP-mediated proteasomal degradation of PD-L1(CD274)",44,0.62775017698429,2.24476415046361,1.59024260112261e-06,4.77351770266804e-05,4.5672381864369e-05,1847,"tags=61%, list=18%, signal=50%","5687/5689/5702/5685/5704/5691/5690/5683/5694/5714/5682/9861/11047/5713/5695/5705/5719/9978/5700/10213/5686/6233/1019/5692/5684/5688/7314",0.643551836150722
"R-HSA-9948299","Ribosome-associated quality control",129,0.524949350962534,2.24167996571268,6.55626981121183e-10,2.24355552939669e-07,2.14660406130368e-07,2704,"tags=57%, list=27%, signal=42%","6231/116832/5687/6204/5689/5702/5685/5704/5691/51065/6129/5690/5683/6208/5694/5714/5682/6144/6142/9861/6203/6222/11047/6166/6122/5713/5695/5705/5719/9978/5700/6191/7323/10213/6132/6139/5686/4736/6233/6134/53918/8453/5692/5684/6194/6223/6136/6209/6173/5688/6170/6207/6143/7314/6138/6171/6135/6154/5718/5706/6124/6141/6189/5701/6147/6176/51121/6159/9045/6175/6229/6228/5707/6188",0.801215574617779
"R-HSA-9013694","Signaling by NOTCH4",61,0.588963277119206,2.23492662305152,2.46903734491082e-07,1.64971312201753e-05,1.57842355195063e-05,1847,"tags=54%, list=18%, signal=44%","4853/5687/5689/5702/5685/5704/5691/55851/4851/5690/5683/5694/5714/5682/9861/11047/5713/5695/5705/5719/9978/5700/10213/8454/5686/6233/102/5692/5684/51107/5688/23385/7314",0.674962860011025
"R-HSA-8939236","RUNX1 regulates transcription of genes involved in differentiation of HSCs",48,0.613080084860494,2.23168511628175,2.07200367448856e-06,5.62729886833323e-05,5.38412463906432e-05,1847,"tags=54%, list=18%, signal=44%","5687/5689/5702/5685/5704/5691/5690/5683/5694/83737/5714/5682/9861/11047/5713/5695/5705/5719/5700/10213/5686/6233/5692/5684/5688/7314",0.627256739718528
"R-HSA-6799198","Complex I biogenesis",65,0.583146278393155,2.23058254654754,5.60627386903614e-07,2.04092225317465e-05,1.95272724034063e-05,2362,"tags=58%, list=24%, signal=45%","55967/4708/4718/4714/4729/4700/4701/54539/3313/51079/4702/4713/84233/4704/4715/4709/4540/4724/4712/4694/4717/126328/4707/4720/55863/4695/4696/4723/4716/4711/374291/4726/91942/4710/4722/4728/29078/4705",0.659444398037935
"R-HSA-9909615","Regulation of PD-L1(CD274) Post-translational modification",77,0.565649740727535,2.22887796054213,1.55336520196438e-07,1.26562279074336e-05,1.21093103651362e-05,1561,"tags=52%, list=16%, signal=44%","58505/5687/1603/5689/5702/5685/8945/5704/6048/5691/5690/1650/5683/5694/51009/6185/5714/5682/9861/5564/11047/5713/746/6184/5695/5705/5719/9978/5700/10956/10213/100128731/8454/5686/6233/5571/1019/5692/5684/3703",0.690132458796796
"R-HSA-9953170","GBP-mediated host defense",11,0.904125391727783,2.22509343523388,1.42698991275631e-07,1.26562279074336e-05,1.21093103651362e-05,605,"tags=73%, list=6%, signal=68%","115362/2633/2634/60/71/834/5045/115361",0.690132458796796
"R-HSA-350562","Regulation of ornithine decarboxylase (ODC)",36,0.659175619389755,2.20958157290914,1.99461806730867e-06,5.5947401855166e-05,5.35297292481027e-05,1481,"tags=67%, list=15%, signal=57%","5687/5689/5702/5685/5704/5691/5690/5683/5694/5714/5682/9861/1728/11047/5713/5695/5705/5719/5700/10213/5686/4946/5692/5684",0.627256739718528
"R-HSA-9954709","Ribosome Quality Control (RQC) complex extracts and degrades nascent peptide",90,0.541844558751738,2.20220637147796,1.13476095122483e-07,1.21348499221605e-05,1.16104628501106e-05,2675,"tags=63%, list=27%, signal=47%","116832/5687/5689/5702/5685/5704/5691/6129/5690/5683/5694/5714/5682/6144/6142/9861/11047/6166/6122/5713/5695/5705/5719/9978/5700/10213/6132/6139/5686/4736/6233/6134/8453/5692/5684/6136/6173/5688/6170/6143/7314/6138/6171/6135/6154/5718/5706/6124/6141/5701/6147/6176/51121/6159/9045/6175/5707",0.704975715167238
"R-HSA-611105","Respiratory electron transport",145,0.502007536198917,2.19469002026659,1.9847857305028e-09,4.85138340698614e-07,4.64173905567568e-07,2768,"tags=60%, list=28%, signal=44%","55967/4708/4718/84300/4714/192286/1337/4729/25994/2108/4700/28958/4701/1349/54539/6391/7381/1347/3313/1327/51079/4702/4713/3052/84233/4704/1329/1345/4715/9167/4709/4540/790955/4724/1351/4712/90639/4694/4717/126328/4190/4707/4720/55863/4191/100131801/389203/4695/6392/4696/4723/4716/29796/27089/4711/8604/10063/84987/374291/79751/4726/7388/10975/91942/6390/4514/116228/4710/54205/4519/4722/4728/1340/1353/25953/29078/4705/9997/29090/4698/2109/440567/51241/51103/4512/80219/7385",0.774939030136436
"R-HSA-169911","Regulation of Apoptosis",39,0.641916964981959,2.18805796594887,2.05133772790893e-06,5.62729886833323e-05,5.38412463906432e-05,2350,"tags=72%, list=23%, signal=55%","5687/5689/5702/5685/5704/5691/5690/5683/5694/5714/5682/9861/11047/5713/5695/5705/5719/5700/10213/5686/6233/5692/5684/5688/7314/5718/5706/5701",0.627256739718528
"R-HSA-5610787","Hedgehog 'off' state",78,0.550409352136211,2.1842922219385,5.54537382683359e-07,2.04092225317465e-05,1.95272724034063e-05,1847,"tags=50%, list=18%, signal=41%","5687/5689/7280/5702/5685/8945/5704/10376/5691/5690/5683/5694/5727/83737/5714/5682/9861/11047/5713/5695/5705/5719/9978/5700/11127/5566/10213/8454/113/55081/5686/6233/115/5692/5684/79809/10383/5688/7314",0.659444398037935
"R-HSA-1236975","Antigen processing-Cross presentation",73,0.559184093683548,2.18312998792634,6.67875344791517e-07,2.33211166313936e-05,2.23133339109053e-05,1481,"tags=49%, list=15%, signal=42%","5699/4689/5687/5721/10952/23480/8673/5689/5702/5685/5704/5691/6891/5690/5698/5683/5694/5714/5682/9861/567/11047/5713/6810/5695/5705/5719/5700/10213/5720/4615/29927/5686/6233/5692/5684",0.659444398037935
"R-HSA-351202","Metabolism of polyamines",43,0.614424656938293,2.17668843113268,4.43579481746474e-06,0.000103967738803865,9.94749483294278e-05,1481,"tags=56%, list=15%, signal=48%","5687/5689/5702/5685/5704/5691/5690/5683/5694/5714/5682/9861/1728/11047/5713/5695/5705/5719/5700/10213/5686/4946/5692/5684",0.610526878385931
"R-HSA-9918432","Maturation of DENV proteins",46,0.608938009091336,2.16019746647523,2.885467546191e-06,7.48035601747393e-05,7.15710504897774e-05,1924,"tags=52%, list=19%, signal=42%","90701/58505/1603/60559/8818/9789/7341/1650/3309/6185/51726/335/746/6184/28972/10525/100128731/8813/6233/5611/3703/23478/7314/7329",0.627256739718528
"R-HSA-8939902","Regulation of RUNX2 expression and activity",50,0.582021761842549,2.15691627153676,8.11072222541333e-06,0.000171326490465212,0.000163922905148877,1481,"tags=54%, list=15%, signal=46%","59269/5687/5689/5702/5685/5704/5691/5690/5683/5694/5714/5682/6772/9861/11047/5713/5695/5705/5719/9978/5700/10213/8454/5686/6233/5692/5684",0.593325476396405
"R-HSA-382556","ABC-family protein mediated transport",69,0.559941375320133,2.15604170292776,3.67117967670935e-07,1.64971312201753e-05,1.57842355195063e-05,2433,"tags=55%, list=24%, signal=42%","5687/5689/5702/5685/5704/6048/5691/5690/5683/5694/51009/5714/5682/9861/11047/5713/335/5695/5705/5719/5700/10956/10213/5686/6233/5692/5684/10257/9619/5688/7314/215/20/5718/225/5706/5701/8894",0.674962860011025
"R-HSA-69601","Ubiquitin-Mediated Degradation of Phosphorylated Cdc25A",48,0.591497693216765,2.15312261948162,7.87032756994835e-06,0.00016832663090227,0.000161052679457211,1481,"tags=54%, list=15%, signal=46%","5687/5689/5702/5685/8945/5704/5691/5690/5683/5694/5714/5682/9861/11047/5713/5695/5705/5719/9978/5700/10213/8454/5686/6233/5692/5684",0.593325476396405
"R-HSA-69613","p53-Independent G1/S DNA Damage Checkpoint",48,0.591497693216765,2.15312261948162,7.87032756994835e-06,0.00016832663090227,0.000161052679457211,1481,"tags=54%, list=15%, signal=46%","5687/5689/5702/5685/8945/5704/5691/5690/5683/5694/5714/5682/9861/11047/5713/5695/5705/5719/9978/5700/10213/8454/5686/6233/5692/5684",0.593325476396405
"R-HSA-69541","Stabilization of p53",42,0.606794412238048,2.15020345904536,1.13464990086439e-05,0.000212759693651259,0.000203565642342863,1847,"tags=60%, list=18%, signal=49%","5687/5689/5702/5685/5704/5691/5690/5683/5694/5714/5682/9861/11047/5713/5695/5705/5719/5700/10213/5686/6233/5692/5684/5688/7314",0.593325476396405
"R-HSA-1234176","Oxygen-dependent proline hydroxylation of Hypoxia-inducible Factor Alpha",46,0.604199227837219,2.14338671873656,3.97021213387354e-06,9.56765205782765e-05,9.1542021115012e-05,1481,"tags=59%, list=15%, signal=50%","5687/5689/5702/5685/5704/5691/5690/5683/5694/5714/5682/9861/11047/5713/5695/5705/5719/9978/5700/7323/10213/2034/5686/6233/8453/5692/5684",0.610526878385931
"R-HSA-5358351","Signaling by Hedgehog",100,0.515825499285445,2.1428672994013,1.48804342409823e-07,1.26562279074336e-05,1.21093103651362e-05,1612,"tags=41%, list=16%, signal=35%","5687/5689/7280/409/5702/5685/8945/5704/10376/5691/5690/5683/5694/51009/5727/83737/5714/5682/9861/11047/5713/5695/5705/5719/9978/5700/79577/10956/11127/5566/10213/8454/113/55081/5686/6233/115/5692/5684/79809/10383",0.690132458796796
"R-HSA-174184","Cdc20:Phospho-APC/C mediated degradation of Cyclin A",54,0.56665666464873,2.12838530842439,1.16582263784568e-05,0.000212759693651259,0.000203565642342863,2350,"tags=63%, list=23%, signal=48%","5687/5689/5702/5685/5704/5691/5690/5683/5694/5714/5682/4085/9861/25906/11047/5713/5695/5705/246184/5719/5700/10213/5686/6233/5692/5684/5688/51529/7314/10393/5718/5706/29945/5701",0.593325476396405
"R-HSA-179419","APC:Cdc20 mediated degradation of cell cycle proteins prior to satisfation of the cell cycle checkpoint",54,0.56665666464873,2.12838530842439,1.16582263784568e-05,0.000212759693651259,0.000203565642342863,2350,"tags=63%, list=23%, signal=48%","5687/5689/5702/5685/5704/5691/5690/5683/5694/5714/5682/4085/9861/25906/11047/5713/5695/5705/246184/5719/5700/10213/5686/6233/5692/5684/5688/51529/7314/10393/5718/5706/29945/5701",0.593325476396405
"R-HSA-8941858","Regulation of RUNX3 expression and activity",44,0.595092623413059,2.12798440561237,1.54418357091787e-05,0.000269601845902089,0.000257951456857419,1847,"tags=57%, list=18%, signal=47%","5687/5689/5702/5685/5704/5691/5690/5683/5694/5714/5682/9861/11047/5713/5695/5705/5719/5700/10213/5686/6233/5692/5684/5688/7314",0.575610261071129
"R-HSA-174154","APC/C:Cdc20 mediated degradation of Securin",52,0.579118387909858,2.12587020234273,9.30732836045047e-06,0.000191865528008804,0.000183574382827345,2350,"tags=65%, list=23%, signal=50%","5687/5689/5702/5685/5704/5691/5690/5683/9232/5694/5714/5682/9861/25906/11047/5713/5695/5705/246184/5719/5700/10213/5686/6233/5692/5684/5688/51529/7314/10393/5718/5706/29945/5701",0.593325476396405
"R-HSA-72689","Formation of a pool of free 40S subunits",91,0.525500203331034,2.12207417914014,3.49251944126509e-07,1.64971312201753e-05,1.57842355195063e-05,2704,"tags=56%, list=27%, signal=41%","6231/116832/6204/51065/6129/6208/6144/6142/6203/6222/10480/6166/8663/6122/6191/8667/6132/6139/4736/6233/8668/6134/6194/6223/6136/6209/6173/51386/6170/6207/6143/6138/6171/8664/6135/6154/6124/6141/6189/27335/8666/6147/1964/6176/51121/6159/9045/6175/6229/6228/6188",0.674962860011025
"R-HSA-156842","Eukaryotic Translation Elongation",82,0.527029616516604,2.11983011662727,1.5691077466855e-06,4.77351770266804e-05,4.5672381864369e-05,2974,"tags=57%, list=30%, signal=41%","6231/116832/6204/51065/6129/6208/6144/6142/6203/6222/6166/6122/6191/6132/6139/4736/6233/6134/6194/1936/6223/6136/6209/6173/6170/6207/6143/6138/6171/6135/6154/6124/6141/6189/6147/6176/51121/6159/9045/6175/6229/6228/6188/1937/6157/6232/6128",0.643551836150722
"R-HSA-72764","Eukaryotic Translation Termination",82,0.526017804606832,2.11576038450694,1.71458589865425e-06,5.05802840103004e-05,4.83945423484132e-05,2704,"tags=54%, list=27%, signal=40%","6231/116832/6204/51065/6129/6208/6144/6142/6203/6222/6166/6122/6191/6132/6139/4736/6233/6134/51504/6194/6223/6136/6209/6173/6170/6207/6143/327/6138/6171/6135/6154/6124/6141/6189/6147/6176/51121/6159/9045/6175/6229/6228/6188",0.643551836150722
"R-HSA-389958","Cooperation of Prefoldin and TriC/CCT  in actin and tubulin folding",21,0.705824540934956,2.11157082855736,5.0823989753603e-05,0.000749653848865644,0.000717258822196239,2321,"tags=71%, list=23%, signal=55%","5203/60/10694/7280/10376/10574/5201/908/5204/6950/22948/10383/7411/10576/5202",0.557332238758646
"R-HSA-69202","Cyclin E associated events during G1/S transition",65,0.551355272159654,2.1089793291918,7.0417522851007e-06,0.000157815188745332,0.000150995471543882,2214,"tags=54%, list=22%, signal=42%","5687/1163/5689/5702/5685/5704/5691/5690/5683/5694/5714/5682/9861/11047/5713/5695/5705/5719/5700/10213/8454/5686/6233/1019/5692/5684/1869/5688/7314/4149/132660/1017/4609/5718/5706",0.610526878385931
"R-HSA-176814","Activation of APC/C and APC/C:Cdc20 mediated degradation of mitotic proteins",57,0.559451083176158,2.09963650837235,1.51370679231817e-05,0.000267005393985196,0.000255467206230789,2350,"tags=61%, list=23%, signal=47%","5687/5689/5702/5685/5704/5691/5690/5683/9232/5694/5714/5682/4085/9861/25906/11047/5713/5695/5705/246184/5719/5700/10213/5686/6233/5692/5684/5688/51529/7314/10393/5718/5706/29945/5701",0.593325476396405
"R-HSA-9954714","PELO:HBS1L and ABCE1 dissociate a ribosome on a non-stop mRNA",79,0.528205916647293,2.09297131826261,2.69718255133351e-06,7.09981437743329e-05,6.79300787406802e-05,2974,"tags=58%, list=30%, signal=41%","6231/116832/6204/51065/6129/6208/6144/6142/6203/6222/6166/6122/6191/6132/6139/4736/6233/6134/53918/6194/6223/6136/6209/6173/6170/6207/6143/6138/6171/6135/6154/6124/6141/6189/6147/6176/51121/6159/9045/6175/6229/6228/6188/6157/6232/6128",0.627256739718528
"R-HSA-4608870","Asymmetric localization of PCP proteins",41,0.599659488408265,2.0877773115431,1.675577447145e-05,0.000286691301206509,0.000274302420174917,1847,"tags=63%, list=18%, signal=52%","5687/5689/5702/5685/5704/5691/5690/5683/5694/5714/5682/9861/11047/5713/5695/5705/5719/5700/10213/5686/6233/7976/5692/5684/5688/7314",0.575610261071129
"R-HSA-69017","CDK-mediated phosphorylation and removal of Cdc6",54,0.555837553638317,2.08774829070036,2.68874788039652e-05,0.000429948376014807,0.000411368882121001,2350,"tags=63%, list=23%, signal=48%","5687/5689/5702/5685/5704/5691/5690/5683/5694/5714/5682/9861/25906/11047/5713/5695/5705/246184/5719/5700/10213/5686/6233/5692/5684/5688/51529/7314/1017/10393/5718/5706/29945/5701",0.575610261071129
"R-HSA-176409","APC/C:Cdc20 mediated degradation of mitotic proteins",56,0.569422107967344,2.08467789658474,7.10214467176537e-06,0.000157815188745332,0.000150995471543882,2350,"tags=62%, list=23%, signal=48%","5687/5689/5702/5685/5704/5691/5690/5683/9232/5694/5714/5682/4085/9861/25906/11047/5713/5695/5705/246184/5719/5700/10213/5686/6233/5692/5684/5688/51529/7314/10393/5718/5706/29945/5701",0.610526878385931
"R-HSA-156902","Peptide chain elongation",79,0.525635259694022,2.08278530727197,3.3055591841983e-06,8.3173702414166e-05,7.95794911498909e-05,2974,"tags=57%, list=30%, signal=40%","6231/116832/6204/51065/6129/6208/6144/6142/6203/6222/6166/6122/6191/6132/6139/4736/6233/6134/6194/6223/6136/6209/6173/6170/6207/6143/6138/6171/6135/6154/6124/6141/6189/6147/6176/51121/6159/9045/6175/6229/6228/6188/6157/6232/6128",0.627256739718528
"R-HSA-9768727","Regulation of CDH1 posttranslational processing and trafficking to plasma membrane",27,0.644582945649723,2.0800015412516,8.1786219947632e-05,0.00109325173695624,0.00104600870708497,1607,"tags=52%, list=16%, signal=44%","90701/58505/1603/60559/9789/5045/1650/6185/746/6184/28972/100128731/3703/23478",0.538434096309916
"R-HSA-69563","p53-Dependent G1 DNA Damage Response",47,0.576572968245053,2.07717691210281,4.17142674659551e-05,0.000643001005713957,0.000615214801774529,2350,"tags=62%, list=23%, signal=47%","5687/5689/5702/5685/5704/5691/5690/5683/5694/5714/5682/9861/11047/5713/5695/5705/5719/5700/10213/5686/6233/5692/5684/5688/7314/1017/5718/5706/5701",0.557332238758646
"R-HSA-69580","p53-Dependent G1/S DNA damage checkpoint",47,0.576572968245053,2.07717691210281,4.17142674659551e-05,0.000643001005713957,0.000615214801774529,2350,"tags=62%, list=23%, signal=47%","5687/5689/5702/5685/5704/5691/5690/5683/5694/5714/5682/9861/11047/5713/5695/5705/5719/5700/10213/5686/6233/5692/5684/5688/7314/1017/5718/5706/5701",0.557332238758646
"R-HSA-6798695","Neutrophil degranulation",321,0.426887965484809,2.07271847290155,1e-10,4.2775e-08,4.09265505217767e-08,1526,"tags=33%, list=15%, signal=29%","3043/7305/2268/3958/1512/6282/11314/302/3903/10875/5269/2207/4831/11010/326624/25797/51125/10549/5236/1075/10487/8673/4718/10694/5689/51411/5702/8836/8655/203068/965/9961/411/3312/1650/58485/5683/966/5878/22931/51071/7414/1476/823/2950/10092/2517/5476/968/94103/5315/847/9861/23071/226/5660/3614/567/2665/5799/4860/54509/2992/54918/5713/28956/719/64114/8514/1265/9535/374395/158747/3683/5695/23412/967/8560/29099/6515/5719/353/53916/26578/101/391/10213/2512/387/55860/55313/8907/2547/5864/2896/5686/29108/102/22875/6386/6836/175/3615/7879/8904/5611",NA
"R-HSA-9764561","Regulation of CDH1 Function",52,0.564223330599197,2.07119233481169,1.99111270127547e-05,0.000330756682707022,0.000316463590537094,2401,"tags=65%, list=24%, signal=50%","5687/60/1500/71/5689/5702/5685/5704/5691/5690/5683/5694/7414/5714/5682/9861/11047/5713/5695/5705/5719/5700/10213/5686/6233/5692/5684/5688/7314/79872/5718/5706/5701/1520",0.575610261071129
"R-HSA-176408","Regulation of APC/C activators between G1/S and early anaphase",62,0.549334229987335,2.06896982066632,1.06326464220074e-05,0.000209108712966145,0.000200072432630102,2350,"tags=61%, list=23%, signal=47%","5687/5689/5702/5685/8945/5704/5691/5690/5683/5694/5714/5682/4085/9861/25906/11047/5713/5695/5705/246184/5719/5700/10213/8454/5686/6233/5692/5684/26271/5688/51529/7314/1017/10393/5718/5706/29945/5701",0.593325476396405
"R-HSA-69656","Cyclin A:Cdk2-associated events at S phase entry",67,0.534218200407868,2.06681015179799,1.95742457689699e-05,0.000328348377555956,0.000314159356231145,2214,"tags=52%, list=22%, signal=41%","5687/1163/5689/5702/5685/5704/5691/5690/5683/5694/5714/5682/9861/11047/5713/5695/5705/5719/5700/10213/8454/5686/6233/1019/5692/5684/1869/5688/7314/4149/132660/1017/4609/5718/5706",0.575610261071129
"R-HSA-376176","Signaling by ROBO receptors",165,0.463656017271517,2.0657919213698,2.92353789190324e-08,5.5579703700516e-06,5.31779205490251e-06,2704,"tags=53%, list=27%, signal=40%","6231/116832/5687/6204/10487/5689/5702/5685/5704/5691/51065/6129/5690/65110/6654/5683/6208/5694/5714/5682/6144/6142/9861/6203/6222/11047/6166/6122/5713/56924/5695/5705/5719/9978/5700/6191/10921/5566/10213/387/4116/6132/6139/5686/4736/6233/6134/8453/5692/5684/55110/6194/6223/6136/6209/5578/6173/5688/6170/6207/6143/7314/6138/6171/6135/6154/5718/998/5706/6124/6141/65109/6189/5701/26986/22916/6147/6176/9939/51121/6159/9045/6175/6229/6228/5707/6655/6188",0.73376198835648
"R-HSA-445355","Smooth Muscle Contraction",26,0.666577295365126,2.06296378803689,8.60732328525528e-05,0.00113285616469783,0.00108390169628081,861,"tags=42%, list=9%, signal=39%","301/7171/302/10627/5829/4637/103910/309/7414/805/7170",0.538434096309916
"R-HSA-2408522","Selenoamino acid metabolism",89,0.506222920945865,2.06002077743921,3.13901955325736e-06,8.01621262033335e-05,7.66980551255117e-05,2974,"tags=55%, list=30%, signal=39%","6231/116832/6204/51065/6129/6208/191/6144/6142/6203/6222/6166/9521/6122/7965/6191/6132/6139/4736/6233/6134/6194/6223/6136/6209/6173/6170/6207/6143/6138/6171/6135/6154/6124/6141/6189/6147/6176/51121/6159/9045/6175/6229/6228/6188/9255/6157/6232/6128",0.627256739718528
"R-HSA-389957","Prefoldin mediated transfer of substrate  to CCT/TriC",20,0.700001305014174,2.05974465866377,0.000169569333747595,0.00202890300728766,0.00194122738589229,2321,"tags=70%, list=23%, signal=54%","5203/60/10694/7280/10574/5201/908/5204/6950/22948/10383/7411/10576/5202",0.518848077743792
"R-HSA-9766229","Degradation of CDH1",48,0.56569882174551,2.05921162987189,6.29727003917816e-05,0.000891364980299289,0.000852846146103128,2401,"tags=65%, list=24%, signal=49%","5687/1500/5689/5702/5685/5704/5691/5690/5683/5694/5714/5682/9861/11047/5713/5695/5705/5719/5700/10213/5686/6233/5692/5684/5688/7314/79872/5718/5706/5701/1520",0.538434096309916
"R-HSA-174143","APC/C-mediated degradation of cell cycle proteins",67,0.531743118641657,2.05723443139567,2.24387104601295e-05,0.00036538665264745,0.000349597084735446,2350,"tags=58%, list=23%, signal=45%","5687/5689/5702/5685/8945/5704/5691/5690/5683/9232/5694/5714/5682/4085/9861/25906/11047/5713/5695/5705/246184/5719/5700/10213/8454/5686/6233/5692/5684/26271/5688/51529/7314/1017/10393/5718/5706/29945/5701",0.575610261071129
"R-HSA-453276","Regulation of mitotic cell cycle",67,0.531743118641657,2.05723443139567,2.24387104601295e-05,0.00036538665264745,0.000349597084735446,2350,"tags=58%, list=23%, signal=45%","5687/5689/5702/5685/8945/5704/5691/5690/5683/9232/5694/5714/5682/4085/9861/25906/11047/5713/5695/5705/246184/5719/5700/10213/8454/5686/6233/5692/5684/26271/5688/51529/7314/1017/10393/5718/5706/29945/5701",0.575610261071129
"R-HSA-9754678","SARS-CoV-2 modulates host translation machinery",49,0.565186056682959,2.05376347172297,1.81638120718772e-05,0.000307705766881008,0.0002944087811595,1804,"tags=45%, list=18%, signal=37%","6231/79760/6637/6204/6632/51065/6208/54960/6203/6222/6635/6628/6191/6633/6634/6233/6194/6636/6223/6209/6207/6606",0.575610261071129
"R-HSA-174084","Autodegradation of Cdh1 by Cdh1:APC/C",52,0.55811161555024,2.04875700348906,3.02584645656233e-05,0.000479372526590569,0.000458657251391248,2350,"tags=63%, list=23%, signal=49%","5687/5689/5702/5685/5704/5691/5690/5683/5694/5714/5682/9861/25906/11047/5713/5695/5705/246184/5719/5700/10213/5686/6233/5692/5684/5688/51529/7314/10393/5718/5706/29945/5701",0.575610261071129
"R-HSA-9758941","Gastrulation",52,0.557446395478427,2.04631506491796,3.49160810859488e-05,0.000548086373743655,0.000524401745536343,2698,"tags=65%, list=27%, signal=48%","3955/5687/5689/5702/5685/5704/5691/4851/5690/5683/5694/5714/5682/9861/11047/5713/5695/5705/5719/5700/10213/5686/5692/5684/5688/5718/5706/4087/5701/51592/8850/5707/9839/2033",0.557332238758646
"R-HSA-72706","GTP hydrolysis and joining of the 60S ribosomal subunit",102,0.494682420170679,2.04415614961539,8.40669295615367e-07,2.82036306823116e-05,2.69848583522421e-05,2974,"tags=56%, list=30%, signal=40%","6231/116832/6204/51065/6129/6208/6144/6142/6203/6222/10480/6166/8663/6122/6191/8667/6132/6139/4736/6233/8668/6134/6194/6223/6136/6209/6173/51386/6170/6207/6143/6138/6171/8664/6135/6154/6124/6141/6189/27335/8666/6147/1964/8894/6176/51121/6159/9045/6175/6229/6228/6188/1973/6157/6232/1977/6128",0.659444398037935
"R-HSA-192823","Viral mRNA Translation",79,0.515615509543835,2.04308289383895,7.39404687256339e-06,0.000162195053832769,0.000155186068148898,2704,"tags=54%, list=27%, signal=40%","6231/116832/6204/51065/6129/6208/6144/6142/6203/6222/6166/6122/6191/6132/6139/4736/6233/6134/6194/5611/6223/6136/6209/6173/6170/6207/6143/6138/6171/6135/6154/6124/6141/6189/6147/6176/51121/6159/9045/6175/6229/6228/6188",0.610526878385931
"R-HSA-5668541","TNFR2 non-canonical NF-kB pathway",73,0.523027073990964,2.04196811501799,1.16887265945169e-05,0.000212759693651259,0.000203565642342863,2219,"tags=53%, list=22%, signal=42%","10673/8740/959/9040/5687/4791/5689/5702/5685/8945/5704/5691/5690/5683/5694/5714/5682/9861/11047/5713/4049/5695/5705/5719/5700/10213/8454/5686/6233/5692/5684/356/5688/7314/330/970/5718/5706/8718",0.593325476396405
"R-HSA-195253","Degradation of beta-catenin by the destruction complex",63,0.544368516002584,2.03320251377629,8.86071407994016e-06,0.000184886363302166,0.000176896810952043,1847,"tags=54%, list=18%, signal=44%","5687/5689/5702/5685/8945/5704/5691/5690/5683/5694/7090/3065/5714/5682/9861/5518/11047/5713/54764/5695/5705/5719/9978/5700/10213/5519/8454/5686/6233/5692/5684/5688/8312/7314",0.593325476396405
"R-HSA-975956","Nonsense Mediated Decay (NMD) independent of the Exon Junction Complex (EJC)",85,0.507768903770493,2.03251751004461,5.91815998028474e-06,0.000135012956350229,0.000129178599162176,2704,"tags=52%, list=27%, signal=38%","6231/116832/6204/51065/6129/6208/6144/6142/6203/6222/6166/6122/6191/6132/6139/4736/6233/6134/6194/6223/6136/6209/6173/6170/6207/6143/6138/6171/6135/6154/6124/6141/6189/26986/22916/6147/6176/51121/6159/9045/6175/6229/6228/6188",0.610526878385931
"R-HSA-156827","L13a-mediated translational silencing of Ceruloplasmin expression",101,0.502864645315643,2.03205720928851,2.14335276012309e-06,5.73011964464158e-05,5.48250218894795e-05,2974,"tags=57%, list=30%, signal=41%","6231/116832/6204/51065/6129/6208/6144/6142/6203/6222/10480/6166/8663/6122/6191/8667/6132/6139/4736/6233/8668/6134/6194/6223/6136/6209/6173/51386/6170/6207/6143/6138/6171/8664/6135/6154/6124/6141/6189/27335/26986/8666/6147/1964/8894/6176/51121/6159/9045/6175/6229/6228/6188/1973/6157/6232/1977/6128",0.627256739718528
"R-HSA-9932298","Degradation of CRY and PER proteins",47,0.563460694864715,2.02993829178782,8.09763411041506e-05,0.00109094897345828,0.0010438054536276,1899,"tags=62%, list=19%, signal=50%","5687/5689/5702/5685/8945/5704/5691/5690/5683/5694/5714/5682/9861/11047/5713/5695/5705/5719/9978/5700/10213/8454/5686/6233/5692/5684/5688/7314/1407",0.538434096309916
"R-HSA-76005","Response to elevated platelet cytosolic Ca2+",69,0.527015364454976,2.02926083681344,5.70057888362527e-06,0.00013180662797139,0.00012611082685625,1209,"tags=39%, list=12%, signal=35%","1191/7076/1521/8407/10487/3959/1072/83706/51368/6813/5341/3309/7414/308/928/7114/10916/7873/226/5660/805/6814/335/6810/967/29789/81",0.610526878385931
"R-HSA-72613","Eukaryotic Translation Initiation",109,0.485641666368902,2.02388538734388,1.90990595743911e-06,5.44641515529718e-05,5.21105751059825e-05,2974,"tags=55%, list=30%, signal=39%","6231/116832/6204/51065/6129/6208/6144/8891/6142/6203/8892/6222/10480/6166/8663/6122/6191/8667/6132/6139/4736/6233/8668/6134/6194/6223/6136/6209/6173/51386/6170/6207/6143/6138/6171/8664/6135/6154/6124/6141/6189/27335/26986/8666/6147/1964/8894/6176/51121/6159/9045/6175/6229/6228/6188/1973/6157/6232/1977/6128",0.627256739718528
"R-HSA-72737","Cap-dependent Translation Initiation",109,0.485641666368902,2.02388538734388,1.90990595743911e-06,5.44641515529718e-05,5.21105751059825e-05,2974,"tags=55%, list=30%, signal=39%","6231/116832/6204/51065/6129/6208/6144/8891/6142/6203/8892/6222/10480/6166/8663/6122/6191/8667/6132/6139/4736/6233/8668/6134/6194/6223/6136/6209/6173/51386/6170/6207/6143/6138/6171/8664/6135/6154/6124/6141/6189/27335/26986/8666/6147/1964/8894/6176/51121/6159/9045/6175/6229/6228/6188/1973/6157/6232/1977/6128",0.627256739718528
"R-HSA-9759194","Nuclear events mediated by NFE2L2",74,0.519983973891443,2.018528908918,1.1202475568185e-05,0.000212759693651259,0.000203565642342863,1481,"tags=45%, list=15%, signal=38%","5687/5689/2539/598/5702/5685/8945/5704/7295/5691/4851/5690/5683/5694/5714/5682/9861/5052/1728/11047/5713/5695/5705/5719/9978/5700/6888/10213/8454/5686/6233/5692/5684",0.593325476396405
"R-HSA-9711123","Cellular response to chemical stress",164,0.458376502256011,2.01236396508835,1.05624326658336e-07,1.21348499221605e-05,1.16104628501106e-05,1347,"tags=33%, list=13%, signal=29%","3043/3039/6256/2168/3040/4689/5687/5689/2539/598/5702/5685/8945/5704/7295/5691/4851/5690/1337/5683/5694/2950/80205/79594/5714/5682/1349/2882/847/9861/5052/1347/1327/9612/645/1728/11047/5713/1329/1345/9167/6737/5695/5705/1351/5719/9978/5700/25824/6888/10213/8454/5686/6233",0.704975715167238
"R-HSA-2408557","Selenocysteine synthesis",81,0.499390228084738,2.01140209341629,1.09742253237133e-05,0.000212759693651259,0.000203565642342863,2704,"tags=52%, list=27%, signal=38%","6231/116832/6204/51065/6129/6208/6144/6142/6203/6222/6166/6122/6191/6132/6139/4736/6233/6134/6194/6223/6136/6209/6173/6170/6207/6143/6138/6171/6135/6154/6124/6141/6189/6147/6176/51121/6159/9045/6175/6229/6228/6188",0.593325476396405
"R-HSA-114608","Platelet degranulation",65,0.524804279403635,2.00741959498879,4.62513263383049e-05,0.00070031875544106,0.00067005566162259,1209,"tags=38%, list=12%, signal=34%","1191/7076/1521/8407/10487/3959/1072/83706/51368/6813/5341/3309/7414/308/928/7114/10916/7873/226/5660/805/335/967/29789/81",0.557332238758646
"R-HSA-927802","Nonsense-Mediated Decay (NMD)",105,0.481326196830679,2.00496736757211,3.57270126057582e-06,8.73270265263603e-05,8.35533363658121e-05,2704,"tags=50%, list=27%, signal=37%","6231/116832/6204/51065/6129/65110/6208/6144/6142/6203/6222/5518/6166/6122/6191/56006/10921/4116/6132/6139/4736/6233/6134/55110/6194/6223/6136/6209/6173/6170/6207/6143/6138/6171/6135/6154/6124/6141/65109/6189/26986/22916/6147/6176/9939/51121/6159/9045/6175/6229/6228/6188",0.627256739718528
"R-HSA-975957","Nonsense Mediated Decay (NMD) enhanced by the Exon Junction Complex (EJC)",105,0.481326196830679,2.00496736757211,3.57270126057582e-06,8.73270265263603e-05,8.35533363658121e-05,2704,"tags=50%, list=27%, signal=37%","6231/116832/6204/51065/6129/65110/6208/6144/6142/6203/6222/5518/6166/6122/6191/56006/10921/4116/6132/6139/4736/6233/6134/55110/6194/6223/6136/6209/6173/6170/6207/6143/6138/6171/6135/6154/6124/6141/65109/6189/26986/22916/6147/6176/9939/51121/6159/9045/6175/6229/6228/6188",0.627256739718528
"R-HSA-162909","Host Interactions of HIV factors",111,0.470736374172023,1.99616457487322,4.09004148979359e-06,9.71952915144005e-05,9.29951609267778e-05,2214,"tags=45%, list=22%, signal=35%","5687/3932/60489/5689/5702/5685/8945/5704/5691/8815/375/5690/5683/5694/1175/5714/5682/1174/9861/567/11047/8086/5713/130340/293/5695/5705/920/5719/926/9978/5700/10213/8907/5686/6233/1173/8480/5692/5684/4869/5901/6396/5688/7314/5478/919/23165/5718/5706",0.610526878385931
"R-HSA-4086400","PCP/CE pathway",60,0.516942383144222,1.98295209091604,0.000135347497901471,0.00169036181685705,0.0016173156820031,1847,"tags=53%, list=18%, signal=44%","5687/5689/409/5702/5685/5704/5691/5690/5683/5694/5880/1175/5714/5682/9861/11047/5713/5695/5705/5719/5700/10213/387/5686/6233/7976/1173/5692/5684/5578/5688/7314",0.518848077743792
"R-HSA-174178","APC/C:Cdh1 mediated degradation of Cdc20 and other APC/C:Cdh1 targeted proteins in late mitosis/early G1",57,0.528101867916593,1.98198197369147,0.000105520791574583,0.00135748928108355,0.00129882767142107,2350,"tags=60%, list=23%, signal=46%","5687/5689/5702/5685/5704/5691/5690/5683/9232/5694/5714/5682/9861/25906/11047/5713/5695/5705/246184/5719/5700/10213/5686/6233/5692/5684/5688/51529/7314/10393/5718/5706/29945/5701",0.538434096309916
"R-HSA-69052","Switching of origins to a post-replicative state",72,0.505326774073348,1.97636615412797,2.26364612394095e-05,0.00036538665264745,0.000349597084735446,2350,"tags=53%, list=23%, signal=41%","5687/5689/5702/5685/5704/5691/5690/5683/5694/5714/5682/9861/25906/11047/5713/5695/5705/246184/5719/9978/5700/10213/8454/5686/6233/5692/5684/5001/5688/51529/7314/1017/10393/5718/5706/4172/29945/5701",0.575610261071129
"R-HSA-2173782","Binding and Uptake of Ligands by Scavenger Receptors",16,0.708087021071488,1.96336076614851,0.0010725116806308,0.0102517736623425,0.00980876055475576,1199,"tags=50%, list=12%, signal=44%","3043/3039/3040/7184/5052/335/10525/2512",0.45505986738723
"R-HSA-9954716","ZNF598 and the Ribosome-associated Quality Trigger (RQT) complex dissociate a ribosome stalled on a no-go mRNA",86,0.488174120278508,1.96088615043899,1.107057594312e-05,0.000212759693651259,0.000203565642342863,3026,"tags=56%, list=30%, signal=39%","6231/116832/6204/51065/6129/6208/6144/6142/6203/6222/6166/6122/6191/7323/6132/6139/4736/6233/6134/6194/6223/6136/6209/6173/6170/6207/6143/7314/6138/6171/6135/6154/6124/6141/6189/6147/6176/51121/6159/9045/6175/6229/6228/6188/6157/6232/6128/7316",0.593325476396405
"R-HSA-69206","G1/S Transition",105,0.470687397685426,1.96065138133068,9.65734362798081e-06,0.000196710892231847,0.000188210362807959,2530,"tags=50%, list=25%, signal=37%","5687/1163/5689/5702/5685/5704/5691/5690/5683/5694/3065/5714/5682/9861/5518/11047/5713/5695/5111/5705/7298/5719/5700/10213/5519/8454/6117/5686/6233/1019/5692/5684/1869/26271/5001/5688/7314/4149/132660/6119/1017/4609/8317/6118/5718/5706/4172/54107/5701/7083/5933/5928",0.593325476396405
"R-HSA-389960","Formation of tubulin folding intermediates by CCT/TriC",14,0.726505329569557,1.95901134905164,0.00138677354455687,0.0130371952458066,0.0124738148425428,2058,"tags=64%, list=21%, signal=51%","10694/7280/10376/10574/908/6950/22948/10383/10576",0.45505986738723
"R-HSA-1234174","Cellular response to hypoxia",52,0.529845284759581,1.94499488573917,0.000202832766977106,0.0023449112452556,0.00224357986085413,1481,"tags=54%, list=15%, signal=46%","5687/5689/5702/5685/5704/5691/5690/5683/5694/25994/5714/5682/9861/11047/5713/5695/5705/5719/9978/5700/7323/10213/2034/5686/6233/8453/5692/5684",0.518848077743792
"R-HSA-1428517","Aerobic respiration and respiratory electron transport",211,0.426253417527273,1.94401106220975,8.34905631522664e-08,1.19043627961273e-05,1.13899358364761e-05,2768,"tags=50%, list=28%, signal=37%","55967/4708/4718/84300/4714/192286/3939/1337/4729/25994/2108/4700/28958/4701/1349/5315/54539/6391/5162/7381/1347/3313/1327/51079/4702/4713/3052/84233/4704/1329/1345/4715/9167/4709/4540/790955/4724/1351/4712/3945/1738/90639/4694/4717/126328/4190/4707/4720/55863/7351/4191/100131801/6233/389203/54704/4695/6392/4696/4723/4716/2739/29796/27089/4711/8604/10063/84987/8802/54949/374291/79751/4726/7388/10975/7314/91942/6390/4514/116228/4710/54205/57001/4519/50/4722/4728/1340/1353/5163/122961/25953/29078/4705/9997/29090/3421/4698/2109/440567/7416/51241/51103/4512/80219/7385",0.704975715167238
"R-HSA-5689603","UCH proteinases",68,0.49799253355055,1.93423494714125,7.03233989496143e-05,0.000978238500835692,0.00093596557397543,2214,"tags=54%, list=22%, signal=43%","5687/60/5689/5702/5685/5704/5691/5690/5683/5694/7046/5714/5682/9861/11047/5713/10445/5695/4738/5705/5719/5700/10213/5686/6233/7347/5692/5684/86/9958/5688/7314/93973/580/29844/5718/5706",0.538434096309916
"R-HSA-453279","Mitotic G1 phase and G1/S transition",119,0.45076953998166,1.93339510851,1.37211326101523e-05,0.000244550603083026,0.000233982761243914,2530,"tags=46%, list=25%, signal=35%","5687/1163/5689/5702/5685/5704/5691/5690/5683/5694/3065/5714/5682/894/9861/5518/11047/5713/5695/5111/5705/7298/5719/5700/10213/7153/5519/8454/6117/5686/6233/1019/5692/5684/1031/1869/26271/5001/5688/7314/4149/132660/6119/1017/4609/8317/6118/5718/5706/4172/54107/5701/7083/5933/5928",0.593325476396405
"R-HSA-9707564","Cytoprotection by HMOX1",51,0.521980473383512,1.92985595786148,0.000292972552815481,0.00321330793504672,0.00307445025238376,966,"tags=31%, list=10%, signal=28%","3043/3039/6256/2168/3040/1337/80205/1349/1347/1327/9612/645/1329/1345/9167/1351",0.49849310876659
"R-HSA-69615","G1/S DNA Damage Checkpoints",59,0.51473253171027,1.92516504453621,7.25652522718336e-05,0.000989043161318098,0.00094630332927885,1481,"tags=44%, list=15%, signal=38%","5687/5689/5702/5685/8945/5704/5691/5690/5683/5694/5714/5682/9861/11047/5713/5695/5705/5719/9978/5700/10213/8454/5686/6233/5692/5684",0.538434096309916
"R-HSA-69481","G2/M Checkpoints",101,0.475312553171367,1.92072023621971,1.6407971637273e-05,0.000283576156276506,0.000271321890978881,2350,"tags=47%, list=23%, signal=36%","5687/7334/5689/5702/5685/5704/5691/7336/5690/5683/5694/5714/5682/9861/11047/5713/5695/5705/29086/5719/5700/10524/10213/5810/6117/7486/5686/6233/5692/5684/5982/5001/5984/10971/5688/165918/7314/6119/580/1017/8317/6118/5718/5706/4172/63967/5701",0.575610261071129
"R-HSA-6803157","Antimicrobial peptides",11,0.779572606395423,1.91856340353826,0.000442395901320071,0.00470148687676175,0.00449832005118082,992,"tags=45%, list=10%, signal=41%","10578/1191/1235/920/51248",0.49849310876659
"R-HSA-5389840","Mitochondrial translation elongation",85,0.479032270403716,1.9174893740875,4.9106963072738e-05,0.000730626207108302,0.000699053427884325,2143,"tags=49%, list=21%, signal=39%","64951/116541/10573/55168/28998/63931/51642/51258/29088/64928/51023/122704/51264/11222/79590/29074/6183/64968/7284/65003/64963/56945/57129/54460/28957/116540/64983/219927/54534/55052/54948/84545/65080/64979/128308/29093/740/65005/7818/60488/51649/64960",0.557332238758646
"R-HSA-69002","DNA Replication Pre-Initiation",82,0.47554561424596,1.91275003020032,5.16012768368878e-05,0.000754613544170214,0.000722004192633529,2350,"tags=50%, list=23%, signal=39%","5687/5689/5702/5685/5704/5691/5690/5683/5694/5714/5682/9861/25906/11047/5713/5695/5705/246184/5719/5700/10213/6117/5686/6233/5692/5684/5001/5688/51529/7314/6119/1017/10393/8317/6118/5718/5706/4172/29945/54107/5701",0.557332238758646
"R-HSA-68867","Assembly of the pre-replicative complex",69,0.495876587381337,1.90936167431531,4.73534876950644e-05,0.000710717696896975,0.000680005230362941,2350,"tags=51%, list=23%, signal=39%","5687/5689/5702/5685/5704/5691/5690/5683/5694/5714/5682/9861/25906/11047/5713/5695/5705/246184/5719/5700/10213/5686/6233/5692/5684/5001/5688/51529/7314/10393/5718/5706/4172/29945/5701",0.557332238758646
"R-HSA-389948","Co-inhibition by PD-1",134,0.437492119427748,1.90640371681098,1.31967621550258e-05,0.000237680632076307,0.000227409664446962,1584,"tags=40%, list=16%, signal=34%","58505/5687/4791/1603/3659/3932/3122/5689/5702/5685/8945/5704/6048/5691/5690/1650/5683/5694/51009/6185/5714/5682/6772/9861/3123/5564/11047/1445/5713/746/6184/5695/5705/920/3113/3115/5719/9978/5700/84661/10956/10213/2034/100128731/8454/915/5686/6233/5571/1019/5692/5684/3703/5931",0.593325476396405
"R-HSA-9614657","FOXO-mediated transcription of cell death genes",16,-0.653122573024908,-1.9029336650772,0.00373613383528368,0.0305862439816764,0.0292645110365276,71,"tags=19%, list=1%, signal=19%","27113/10018/10370",0.431707695803346
"R-HSA-9820841","M-decay: degradation of maternal mRNAs by maternally stored factors",20,-0.619676962718164,-1.89997486133791,0.00181055108091622,0.0160510512924749,0.0153574321834974,946,"tags=35%, list=9%, signal=32%","4849/55571/1975/246175/9775/27161/678",0.45505986738723
"R-HSA-69239","Synthesis of DNA",97,0.458807889676845,1.8908695252154,9.05635116017005e-05,0.00118285624695045,0.00113174110931191,2350,"tags=48%, list=23%, signal=37%","5687/5689/5702/5685/5704/5691/5690/5683/5694/5714/5682/9861/25906/11047/5713/5695/5111/5705/246184/5719/9978/5700/10213/8454/6117/5686/6233/84296/5692/5684/5982/5001/5984/5688/51529/7314/57804/6119/1017/10393/6118/5718/5706/4172/29945/54107/5701",0.538434096309916
"R-HSA-112409","RAF-independent MAPK1/3 activation",18,-0.625540773418089,-1.88384868610993,0.00304122169412559,0.0262804561547924,0.0251447905681928,1364,"tags=39%, list=14%, signal=34%","3716/5594/1846/5604/1843/3572/1844",0.431707695803346
"R-HSA-9937383","Mitochondrial ribosome-associated quality control",85,0.470153812940387,1.88195033236517,8.55434057385363e-05,0.00113285616469783,0.00108390169628081,2143,"tags=48%, list=21%, signal=38%","64951/116541/10573/55168/28998/63931/51642/51258/29088/64928/51023/122704/51264/11222/79590/29074/6183/64968/65003/64963/56945/57129/54460/28957/116540/64983/219927/54534/55052/54948/84545/65080/64979/128308/29093/740/65005/7818/60488/51649/64960",0.538434096309916
"R-HSA-9640148","Infection with Enterobacteria",18,0.648693956025968,1.87956551822782,0.0034209125014039,0.0288440572753004,0.0275976099901952,1847,"tags=61%, list=18%, signal=50%","3043/3039/2633/3040/2634/115361/805/6233/837/801/7314",0.431707695803346
"R-HSA-5368286","Mitochondrial translation initiation",85,0.467844098805187,1.87270491700371,0.0001067728165365,0.00136334544099964,0.00130443076726372,2143,"tags=48%, list=21%, signal=38%","64951/116541/10573/55168/28998/63931/51642/51258/29088/64928/51023/122704/51264/11222/79590/29074/6183/64968/65003/64963/56945/57129/54460/28957/116540/64983/219927/54534/55052/54948/84545/65080/64979/128308/29093/740/65005/7818/60488/51649/64960",0.538434096309916
"R-HSA-5419276","Mitochondrial translation termination",99,0.458531226888608,1.86973692555479,5.98136613019826e-05,0.000867298088878747,0.000829819264802721,2156,"tags=45%, list=22%, signal=36%","64951/116541/10573/55168/28998/63931/51642/51258/29088/64928/51023/122704/51264/11222/79590/29074/6183/64968/65003/4540/64963/56945/57129/54460/28957/116540/64983/219927/54534/55052/54948/84545/65080/64979/128308/29093/740/65005/7818/4539/4514/60488/51649/64960/4519",0.557332238758646
"R-HSA-9614085","FOXO-mediated transcription",49,-0.485224284549394,-1.86911136973252,0.000594251630246435,0.00612508758645573,0.00586040225733226,394,"tags=16%, list=4%, signal=16%","1647/901/27113/114907/10628/10018/10370/694",0.477270815362862
"R-HSA-391251","Protein folding",61,0.49187741348532,1.86651692793668,0.000193356791615541,0.00225056782621899,0.00215331333354615,2617,"tags=44%, list=26%, signal=33%","8787/54331/5203/60/10694/7280/10376/402/26270/6902/26234/10574/5201/2787/6903/908/5204/6950/22948/10383/7411/10576/26272/5202/1155/83752/1460",0.518848077743792
"R-HSA-1237044","Erythrocytes take up carbon dioxide and release oxygen",7,0.836564914988936,1.86494148513746,0.00103414210710486,0.0100535065071387,0.00961906118025532,122,"tags=43%, list=1%, signal=42%","3043/3039/3040",0.45505986738723
"R-HSA-1480926","O2/CO2 exchange in erythrocytes",7,0.836564914988936,1.86494148513746,0.00103414210710486,0.0100535065071387,0.00961906118025532,122,"tags=43%, list=1%, signal=42%","3043/3039/3040",0.45505986738723
"R-HSA-8878166","Transcriptional regulation by RUNX2",74,0.480031520947604,1.86343724206182,0.000159691563715373,0.00196569975192089,0.00188075535260395,1481,"tags=39%, list=15%, signal=34%","3958/59269/5687/5689/5702/5685/5704/5691/5690/5683/5694/5714/5682/6772/9861/11047/5713/5695/5705/5719/9978/5700/10213/8454/5686/6233/1019/5692/5684",0.518848077743792
"R-HSA-9824439","Bacterial Infection Pathways",66,0.483111349966909,1.86178569626771,0.000278128520296253,0.00309011622225252,0.00295658206167573,805,"tags=23%, list=8%, signal=21%","3043/3039/118429/2633/3040/11151/2634/1500/6804/5045/928/115361/2023/567/805",0.49849310876659
"R-HSA-9755511","KEAP1-NFE2L2 pathway",98,0.452647798106161,1.85666574941454,6.30363311608498e-05,0.000891364980299289,0.000852846146103128,1481,"tags=36%, list=15%, signal=31%","5687/5689/2539/598/5702/5685/8945/5704/7295/5691/4851/5690/5683/5694/79594/5714/5682/9861/5052/1728/11047/5713/6737/5695/5705/5719/9978/5700/6888/10213/8454/5686/6233/5692/5684",0.538434096309916
"R-HSA-9633012","Response of EIF2AK4 (GCN2) to amino acid deficiency",91,0.459106216173106,1.85396207394035,0.000100390567496436,0.00130127470444244,0.00124504231289476,2704,"tags=51%, list=27%, signal=37%","6231/116832/6204/51065/6129/6208/6144/6142/6203/6222/6166/6122/6191/1649/6132/6139/4736/6233/6134/6194/6223/6136/440/6209/6173/6170/6207/6143/6138/6171/6135/6154/6124/6141/6189/6147/8894/6176/55364/51121/6159/9045/6175/6229/6228/6188",0.538434096309916
"R-HSA-1169091","Activation of NF-kappaB in B cells",53,0.507308121686028,1.85172118156454,0.00063475733535734,0.00650341198081681,0.00622237800109472,1481,"tags=51%, list=15%, signal=44%","5687/5689/5702/5685/8945/5704/5691/5966/5690/5683/5694/84433/5714/5682/9861/11047/5713/5695/5705/5719/5700/10213/8454/5686/6233/5692/5684",0.477270815362862
"R-HSA-72695","Formation of the ternary complex, and subsequently, the 43S complex",50,0.497540931272073,1.84383849672377,0.00100444490158562,0.0098770415322586,0.00945022184162871,2704,"tags=52%, list=27%, signal=38%","6231/6204/51065/6208/6203/6222/10480/8663/6191/8667/6233/8668/6194/6223/6209/51386/6207/8664/6189/27335/8666/1964/8894/6229/6228/6188",0.45505986738723
"R-HSA-69306","DNA Replication",111,0.434666140107109,1.84320821246249,7.12936301067692e-05,0.000983737105747436,0.000941226565950176,2350,"tags=46%, list=23%, signal=36%","5687/5689/5702/5685/5704/5691/5690/5683/5694/5714/5682/9861/25906/11047/5713/11232/5695/5111/5705/246184/5719/9978/5700/10213/8454/6117/5686/6233/84296/5692/5684/5982/6742/5001/5984/5688/51529/7314/246243/57804/6119/1017/10393/8317/6118/5718/5706/4172/29945/54107/5701",0.538434096309916
"R-HSA-202403","TCR signaling",97,0.446959734942121,1.8420401235813,0.000210055877831151,0.00241211816757785,0.00230788254938329,1481,"tags=41%, list=15%, signal=35%","27040/5687/3932/7334/3122/5689/5702/5685/8945/5704/5691/5690/5683/5694/23118/84433/5714/5682/55824/9861/3123/11047/1445/5713/5588/5695/5705/920/3113/3115/5719/5700/9402/10213/8454/915/5686/6233/5692/5684",0.518848077743792
"R-HSA-198933","Immunoregulatory interactions between a Lymphoid and a non-Lymphoid cell",64,0.480384363133344,1.84150299133086,0.00025393703217758,0.00287739246394595,0.00275305080179225,1138,"tags=34%, list=11%, signal=31%","7305/3688/11314/51348/959/3903/259197/3384/7412/2214/9976/4267/3385/57823/10870/3383/567/3683/117157/926/8519/3676",0.49849310876659
"R-HSA-2871837","FCERI mediated NF-kB activation",64,0.479906798250646,1.83967229652159,0.000263429733970793,0.00296531759752649,0.00283717639902469,1481,"tags=47%, list=15%, signal=40%","2207/5687/7334/5689/5702/5685/8945/5704/5691/5690/5683/5694/23118/84433/5714/5682/9861/11047/5713/5588/5695/5705/5719/5700/10213/8454/5686/6233/5692/5684",0.49849310876659
"R-HSA-9918487","Dengue Virus Genome Translation and Replication",75,0.4639659379405,1.83582315939647,0.000308908477979944,0.0033452051001499,0.00320064770396235,1924,"tags=40%, list=19%, signal=33%","90701/58505/1603/60559/8818/9789/7341/689/3312/1650/3309/6185/10313/51726/335/746/6184/317649/28972/10525/100128731/8813/6233/5611/3703/23478/4666/7314/9532/7329",0.49849310876659
"R-HSA-449836","Other interleukin signaling",16,0.661984487078772,1.8355291525647,0.00396577440370818,0.032158483434809,0.0307688088135225,1500,"tags=56%, list=15%, signal=48%","1435/9235/6804/6813/6809/6810/920/3588/163702",0.407017918923954
"R-HSA-5601884","PIWI-interacting RNA (piRNA) biogenesis",17,0.650281479150191,1.83526663960954,0.00452594660793155,0.035522452505371,0.0339874096345641,2175,"tags=76%, list=22%, signal=60%","4603/9271/5434/113802/5435/5440/5436/11022/5441/5439/5438/3320/5432",0.407017918923954
"R-HSA-168273","Influenza Viral RNA Transcription and Replication",124,0.430964725607161,1.83315569750151,4.41484937816532e-05,0.000674447079110791,0.000645301986148276,2704,"tags=46%, list=27%, signal=34%","6231/116832/6204/51065/6129/6208/6144/6142/6203/6222/6166/8086/6122/5434/6191/5435/5440/5436/6132/6139/4736/6233/6134/5441/8480/6194/5611/6223/6136/6209/6173/6396/6170/6207/5439/5438/6143/6138/6171/3320/6135/6154/23165/5432/6124/6141/6189/6147/6176/51121/6159/9045/6175/53371/6229/6228/6188",0.557332238758646
"R-HSA-9759476","Regulation of Homotypic Cell-Cell Adhesion",122,0.432797488590864,1.82283607844977,6.73715039513252e-05,0.000944857731645225,0.000904027298423602,1607,"tags=39%, list=16%, signal=33%","8728/90701/58505/5687/1603/60559/60/1500/71/5689/9789/5702/5685/5704/5045/5691/5690/1650/5683/5694/7414/6185/3065/5714/5682/5315/9861/11171/11047/5713/746/6184/5695/5705/5719/5700/28972/10213/100128731/80149/5686/6233/5692/5684/3703/5931/23478",0.538434096309916
"R-HSA-5658442","Regulation of RAS by GAPs",48,0.500113437281733,1.82047295613609,0.00175103864994598,0.0156860059165318,0.0150081616277692,1481,"tags=50%, list=15%, signal=43%","5687/5689/5702/5685/5704/5691/5690/5683/5694/5714/5682/9861/11047/5713/5695/5705/5719/9978/5700/10213/5686/6233/5692/5684",0.45505986738723
"R-HSA-5621481","C-type lectin receptors (CLRs)",99,0.444692500127638,1.81330722805475,0.000155277564454978,0.00192521675929324,0.00184202176422176,1481,"tags=38%, list=15%, signal=33%","2207/9040/3384/5687/4791/7334/5689/5702/5685/8945/5704/5691/5690/5683/5694/3385/23118/84433/4775/5714/5682/9861/11047/805/5713/9252/5695/5705/5719/5700/5566/10213/8454/5686/29108/6233/5692/5684",0.518848077743792
"R-HSA-390450","Folding of actin by CCT/TriC",9,0.75987514574049,1.81152456659537,0.00878510198272537,0.0616037274280455,0.0589416262516344,2058,"tags=78%, list=21%, signal=62%","60/10694/10574/908/6950/22948/10576",0.380730400722792
"R-HSA-75205","Dissolution of Fibrin Clot",4,0.978486416491462,1.80810603287192,1.01803949003568e-05,0.000204925360876593,0.000196069857045218,124,"tags=75%, list=1%, signal=74%","302/5269/6281",0.593325476396405
"R-HSA-202424","Downstream TCR signaling",78,0.45486457240512,1.80512402938605,0.000555679673132124,0.00576222982260039,0.00551322477972514,1481,"tags=46%, list=15%, signal=40%","5687/3932/7334/3122/5689/5702/5685/8945/5704/5691/5690/5683/5694/23118/84433/5714/5682/9861/3123/11047/5713/5588/5695/5705/920/3113/3115/5719/5700/10213/8454/915/5686/6233/5692/5684",0.477270815362862
"R-HSA-8948751","Regulation of PTEN stability and activity",52,0.491525012490209,1.80432602309585,0.00144248965511521,0.0134868841524707,0.0129040712015766,1481,"tags=44%, list=15%, signal=38%","5687/5689/5702/5685/5704/5691/5690/5683/5694/5714/5682/9861/11047/5713/5695/5705/5719/5700/10213/5686/6233/5692/5684",0.45505986738723
"R-HSA-446353","Cell-extracellular matrix interactions",13,0.692237807262197,1.8010009580214,0.00719490314999031,0.0530624107311786,0.0507694081495463,493,"tags=46%, list=5%, signal=44%","3688/5829/60/71/3611/6251",0.407017918923954
"R-HSA-9764265","Regulation of CDH1 Expression and Function",119,0.419605298062076,1.79972859481834,0.000168554840394151,0.00202890300728766,0.00194122738589229,1607,"tags=38%, list=16%, signal=32%","90701/58505/5687/1603/60559/60/1500/71/5689/9789/5702/5685/5704/5045/5691/5690/1650/5683/5694/7414/6185/3065/5714/5682/5315/9861/11171/11047/5713/746/6184/5695/5705/5719/5700/28972/10213/100128731/5686/6233/5692/5684/3703/5931/23478",0.518848077743792
"R-HSA-9764274","Regulation of Expression and Function of Type I Classical Cadherins",119,0.419605298062076,1.79972859481834,0.000168554840394151,0.00202890300728766,0.00194122738589229,1607,"tags=38%, list=16%, signal=32%","90701/58505/5687/1603/60559/60/1500/71/5689/9789/5702/5685/5704/5045/5691/5690/1650/5683/5694/7414/6185/3065/5714/5682/5315/9861/11171/11047/5713/746/6184/5695/5705/5719/5700/28972/10213/100128731/5686/6233/5692/5684/3703/5931/23478",0.518848077743792
"R-HSA-164938","Nef-mediates down modulation of cell surface receptors by recruiting them to clathrin adapters",20,0.610519335022928,1.79644513562581,0.00429518252350587,0.0341816618498537,0.0327045589857702,1409,"tags=50%, list=14%, signal=43%","3932/375/1175/1174/567/130340/920/926/8907/1173",0.407017918923954
"R-HSA-9909648","Regulation of PD-L1(CD274) expression",118,0.427608764565449,1.79284009548313,6.17081750748027e-05,0.000887249475235189,0.000848908485648925,1584,"tags=39%, list=16%, signal=33%","58505/5687/4791/1603/3659/5689/5702/5685/8945/5704/6048/5691/5690/1650/5683/5694/51009/6185/5714/5682/6772/9861/5564/11047/5713/746/6184/5695/5705/5719/9978/5700/84661/10956/10213/2034/100128731/8454/5686/6233/5571/1019/5692/5684/3703/5931",0.538434096309916
"R-HSA-5607764","CLEC7A (Dectin-1) signaling",82,0.444994857832706,1.78986810572973,0.000432868391924799,0.00462898636614582,0.00442895252784762,1481,"tags=40%, list=15%, signal=35%","9040/5687/4791/7334/5689/5702/5685/8945/5704/5691/5690/5683/5694/23118/84433/4775/5714/5682/9861/11047/805/5713/5695/5705/5719/5700/10213/8454/5686/29108/6233/5692/5684",0.49849310876659
"R-HSA-6814122","Cooperation of PDCL (PhLP1) and TRiC/CCT in G-protein beta folding",21,0.598253145254633,1.7897562586008,0.00496118919022515,0.0382781532508241,0.0366240274202258,1423,"tags=38%, list=14%, signal=33%","8787/54331/10694/10574/2787/908/6950/22948",0.407017918923954
"R-HSA-381771","Synthesis, secretion, and inactivation of Glucagon-like Peptide-1 (GLP-1)",8,0.783215379208335,1.78766296621458,0.0041206249749386,0.0331004193996241,0.0316700406043416,1607,"tags=75%, list=16%, signal=63%","1803/90701/60559/9789/28972/23478",0.407017918923954
"R-HSA-400508","Incretin synthesis, secretion, and inactivation",8,0.783215379208335,1.78766296621458,0.0041206249749386,0.0331004193996241,0.0316700406043416,1607,"tags=75%, list=16%, signal=63%","1803/90701/60559/9789/28972/23478",0.407017918923954
"R-HSA-9909396","Circadian clock",99,0.437587666391026,1.78433609324805,0.000232331385269088,0.00265012666796939,0.00253560591386925,1481,"tags=33%, list=15%, signal=29%","8553/6256/5499/5687/6095/5689/5702/5685/8945/5704/5691/5690/5683/1374/5694/80205/5714/5682/9861/9572/11047/5713/5695/5705/5719/9978/5700/10213/8454/5686/6233/5692/5684",0.518848077743792
"R-HSA-5368287","Mitochondrial translation",108,0.429808002964985,1.78129088942289,0.00013171694881322,0.0016571154369075,0.0015855059882878,2156,"tags=43%, list=22%, signal=34%","64951/116541/10573/55168/28998/63931/51642/51258/29088/64928/51023/122704/51264/11222/79590/29074/6183/64968/7284/65003/4540/64963/56945/57129/54460/28957/116540/64983/219927/54534/55052/54948/84545/65080/64979/128308/29093/740/65005/7818/4539/4514/60488/51649/64960/4519",0.518848077743792
"R-HSA-390466","Chaperonin-mediated protein folding",55,0.483468841825929,1.78089893228975,0.00155365909198106,0.0142155652747572,0.013601263598199,1612,"tags=31%, list=16%, signal=26%","8787/54331/5203/60/10694/7280/10376/26270/26234/10574/5201/2787/908/5204/6950/22948/10383",0.45505986738723
"R-HSA-450531","Regulation of mRNA stability by proteins that bind AU-rich elements",60,0.462273471276423,1.77324625786556,0.00221960938846114,0.01937628399825,0.0185389705664213,1847,"tags=47%, list=18%, signal=38%","5687/5689/5702/5685/5704/5691/5690/3312/5683/5694/5714/5682/9861/11047/5713/5695/5705/8125/5719/5700/10213/5686/6233/5692/5684/5578/5688/7314",0.431707695803346
"R-HSA-400511","Synthesis, secretion, and inactivation of Glucose-dependent Insulinotropic Polypeptide (GIP)",6,0.840235505438579,1.76807864864625,0.0027021597738988,0.0234690120464003,0.0224548382750014,1607,"tags=100%, list=16%, signal=84%","1803/90701/60559/9789/28972/23478",0.431707695803346
"R-HSA-9619483","Activation of AMPK downstream of NMDARs",15,0.653982669797946,1.76705775246382,0.00800044313663256,0.057275138940495,0.054800090414727,1639,"tags=47%, list=16%, signal=39%","7280/10376/5564/805/5571/10383/801",0.380730400722792
"R-HSA-111367","SLBP independent Processing of Histone Pre-mRNAs",10,0.713574296057422,1.76467646533053,0.0150638454658718,0.095460146637432,0.0913349974090723,2391,"tags=80%, list=24%, signal=61%","6637/6635/6628/6634/6636/25888/84967/22916",0.380730400722792
"R-HSA-1268020","Mitochondrial protein import",56,0.481999009559294,1.76461831626253,0.000927068572282852,0.00922217632079046,0.00882365552574081,3072,"tags=64%, list=31%, signal=45%","100287932/4714/10440/3313/51025/293/10245/84269/51142/90639/401505/26521/79145/56993/23203/8604/10063/4580/29928/1678/9512/50/10651/388753/25813/9804/29090/26517/3421/56942/7416/131118/26520/291/134266/80273",0.477270815362862
"R-HSA-9958825","Activation of STAT3 by cadherin engagement",65,0.460930035820662,1.76309535218868,0.000976934688117797,0.00966205347612457,0.00924452413172928,2401,"tags=55%, list=24%, signal=42%","5687/60/1500/71/5689/5702/5685/5704/5691/5690/5683/5694/7414/5714/5682/9861/11047/5713/5695/5705/5719/5700/10213/5686/6233/5692/5684/7410/5688/7314/79872/5718/998/5706/5701/1520",0.45505986738723
"R-HSA-449147","Signaling by Interleukins",298,0.371076635755139,1.76170336165511,1.4732429127301e-06,4.58312477032947e-05,4.38507276354167e-05,1879,"tags=35%, list=19%, signal=29%","1154/3688/7076/301/5008/5293/302/8835/1435/9235/7412/5687/5721/4791/6095/7184/9446/3932/1072/3561/7334/5689/834/598/5702/5685/8945/5704/6804/5691/3560/375/6813/5690/654483/3312/149233/6654/5683/6809/5694/23118/4507/8660/3185/5714/5682/6772/3383/9861/3313/3594/5518/11047/50615/80216/5713/1265/9252/9049/6810/5695/332/5705/920/5719/9978/5700/3936/3566/5778/6888/51561/5566/10213/6950/5519/8454/4615/1234/5686/6233/552900/5692/1326/5684/3588/163702/1849/3965/5775/9466/10538/356/3689/1901/5688/6935/6352/3558/7314/6845/8807",0.643551836150722
"R-HSA-71291","Metabolism of amino acids and derivatives",228,0.383297366605308,1.75707824184287,1.03726625631342e-05,0.000206367740064217,0.000197449906249048,2704,"tags=43%, list=27%, signal=32%","6231/2752/5723/116832/26227/5687/6204/259307/23474/5689/3028/5702/5685/5704/5691/51065/6129/5690/5683/6208/5694/191/4507/5714/5682/6144/6142/2184/9861/6203/4942/6222/1728/11047/6166/9521/6122/5713/7965/5695/5705/1738/51074/5719/5700/6191/10213/6132/6139/5686/4736/55217/6233/26275/6134/63826/4946/5692/5684/6194/6223/6136/440/6209/1892/223/6173/8604/5688/6170/6207/6143/6138/7263/6171/6135/6154/25828/5718/5706/6124/10955/6141/6189/5701/6147/6176/51121/6159/9045/29920/4548/6175/8659/6229/6228/5707/6188",0.593325476396405
"R-HSA-381426","Regulation of Insulin-like Growth Factor (IGF) transport and uptake by Insulin-like Growth Factor Binding Proteins (IGFBPs)",33,0.528343805190191,1.75399037677908,0.0066451695718721,0.0498679172696192,0.0477129593349117,2002,"tags=42%, list=20%, signal=34%","3956/11098/7076/1435/2999/7184/3486/335/51246/102/5611/4924/10130/2519",0.407017918923954
"R-HSA-9664420","Killing mechanisms",8,-0.737143127286371,-1.75346444249968,0.0103414188337915,0.0699374214411747,0.0669151937340741,888,"tags=50%, list=9%, signal=46%","10811/5879/3725/1535",0.380730400722792
"R-HSA-9673324","WNT5:FZD7-mediated leishmania damping",8,-0.737143127286371,-1.75346444249968,0.0103414188337915,0.0699374214411747,0.0669151937340741,888,"tags=50%, list=9%, signal=46%","10811/5879/3725/1535",0.380730400722792
"R-HSA-419037","NCAM1 interactions",10,0.708903377283441,1.75312523586858,0.0162617501751161,0.101546914414685,0.0971587357831238,137,"tags=30%, list=1%, signal=30%","1292/4684/5621",0.352487857583619
"R-HSA-2168880","Scavenging of heme from plasma",5,0.888299065564438,1.75303867699014,0.003184443044653,0.0272429102470065,0.0260656538301423,122,"tags=60%, list=1%, signal=59%","3043/3039/3040",0.431707695803346
"R-HSA-9686114","Non-canonical inflammasome activation",10,0.708808637374004,1.75289094311247,0.0162617501751161,0.101546914414685,0.0971587357831238,1639,"tags=60%, list=16%, signal=50%","2633/2634/115361/805/837/801",0.352487857583619
"R-HSA-9830369","Kidney development",6,0.832105923556654,1.75097184935627,0.00343355912802646,0.0288440572753004,0.0275976099901952,121,"tags=33%, list=1%, signal=33%","3688/3955",0.431707695803346
"R-HSA-6804115","TP53 regulates transcription of additional cell cycle genes whose exact role in the p53 pathway remain uncertain",16,-0.600853855724573,-1.75064387156945,0.0130140884879561,0.0837253447035113,0.0801072951481338,1187,"tags=44%, list=12%, signal=39%","5325/4849/55571/246175/7832/1263/28984",0.380730400722792
"R-HSA-1168372","Downstream signaling events of B Cell Receptor (BCR)",69,0.452442561412136,1.74211993179877,0.000770475868032072,0.00780049828522411,0.00746341290859747,2214,"tags=52%, list=22%, signal=41%","5687/5689/5702/5685/8945/5704/5691/5966/5690/5683/5694/84433/4775/5714/5682/9861/11047/805/5713/5695/5705/5719/5700/10213/8454/5686/6233/5692/5684/801/5688/7314/5478/10125/5718/5706",0.477270815362862
"R-HSA-168255","Influenza Infection",144,0.400650134913374,1.73795821406925,0.000111059458409623,0.00140757580251012,0.001346749788303,2752,"tags=43%, list=27%, signal=32%","6231/2633/116832/6204/51065/6129/6208/6144/6142/6203/6222/6166/8086/6122/293/5434/6191/5435/5440/5436/6132/6139/4736/6233/6134/5441/8480/6194/5611/6223/6136/6209/6173/5901/6396/6170/6207/5439/5438/6143/6138/6171/3320/6135/6154/23165/5432/6124/6141/6189/9636/6147/6176/51121/6159/9045/6175/53371/6229/6228/6188/3838",0.538434096309916
"R-HSA-9927418","Developmental Lineage of Mammary Gland Luminal Epithelial Cells",7,0.779172394311146,1.73699720869116,0.00571103812700943,0.0434292721569473,0.0415525494109945,109,"tags=43%, list=1%, signal=42%","3688/3856/3875",0.407017918923954
"R-HSA-9864848","Complex IV assembly",41,0.498881128725606,1.73690689773796,0.00313773135241053,0.0269781826330373,0.025812365973506,2763,"tags=63%, list=28%, signal=46%","192286/1337/25994/28958/1349/1347/1327/1329/1345/9167/1351/90639/100131801/389203/10063/84987/4514/116228/1340/1353/25953/9997/29090/51241/4512/80219",0.431707695803346
"R-HSA-8878159","Transcriptional regulation by RUNX3",71,0.447667473052723,1.73629919959539,0.000791164580231211,0.00796283880456236,0.00761873815620538,1481,"tags=37%, list=15%, signal=31%","5687/5689/5702/5685/5704/5691/4851/5690/5683/5694/5714/5682/9861/11047/5713/3683/5695/5705/5719/5700/3676/10213/5686/6233/5692/5684",0.477270815362862
"R-HSA-6791226","Major pathway of rRNA processing in the nucleolus and cytosol",157,0.389795264918321,1.7338498819152,0.000185981102046984,0.00217954565481089,0.00208536026548537,2974,"tags=42%, list=30%, signal=30%","6231/10200/116832/705/6204/51065/6129/6208/6144/6142/6203/79897/6222/6166/6122/10438/25879/6191/6132/6139/4736/6233/10969/6134/6194/6223/6136/56902/6209/6173/11102/6170/6207/84946/6143/8780/6138/79159/4809/2091/6171/6135/6154/9277/54881/6124/6141/6189/6147/6176/55759/51121/6159/28987/9045/6175/25926/6229/6228/6188/90459/84916/6157/6232/10171/6128",0.518848077743792
"R-HSA-8868773","rRNA processing in the nucleus and cytosol",167,0.388498992817835,1.72979856537249,7.28342713770195e-05,0.000989043161318098,0.00094630332927885,2974,"tags=42%, list=30%, signal=30%","6231/10200/116832/705/6204/51065/6129/6208/55505/6144/6142/6203/54433/79897/6222/55651/6166/6122/10438/25879/6191/6132/6139/4736/6233/10969/6134/51504/6194/6223/6136/56902/6209/6173/11102/6170/6207/84946/6143/8780/6138/79159/4809/2091/6171/6135/6154/9277/54881/6124/6141/6189/6147/6176/55759/51121/6159/28987/9045/6175/25926/6229/6228/6188/90459/84916/6157/6232/10171/6128",0.538434096309916
"R-HSA-9707616","Heme signaling",40,0.497374766283424,1.72947298985529,0.00514212479690241,0.0394537019170404,0.0377487767335797,886,"tags=20%, list=9%, signal=18%","3043/3039/6256/3040/6095/80205/9572/335",0.407017918923954
"R-HSA-156580","Phase II - Conjugation of compounds",41,0.496672979861735,1.72921899620782,0.00347592609591976,0.02901126609814,0.0277575931657799,3172,"tags=56%, list=32%, signal=39%","9446/373156/191/2950/1312/4259/4258/494143/51504/80146/2941/2948/6819/10327/23169/79017/7358/8459/4548/4552/2947/2098/6818",0.431707695803346
"R-HSA-9735869","SARS-CoV-1 modulates host translation machinery",35,0.504338438736847,1.72773767243926,0.00699159875559397,0.0520114150905273,0.0497638295128361,2899,"tags=51%, list=29%, signal=37%","6231/6204/51065/6208/6203/6222/6191/6233/6194/6223/6209/6207/6189/3178/6229/6228/6188/6232",0.407017918923954
"R-HSA-157118","Signaling by NOTCH",130,0.401732579753215,1.72682870597076,0.000277372036479273,0.00309011622225252,0.00295658206167573,1766,"tags=38%, list=18%, signal=31%","4853/3955/5687/23509/5689/409/5702/5685/1840/5704/5045/5691/55851/4851/5690/3002/5683/5694/7090/3065/10959/83737/5714/5682/6772/9861/9612/11047/5713/5695/5705/5719/9978/5700/10213/8454/5686/6233/102/488/5692/5986/5684/51107/1869/489/892/5688/23385",0.49849310876659
"R-HSA-72649","Translation initiation complex formation",57,0.459981332206644,1.72632358272996,0.00459050547682434,0.0358646341134541,0.0343148044415971,2953,"tags=53%, list=29%, signal=37%","6231/6204/51065/6208/6203/6222/10480/8663/6191/8667/6233/8668/6194/6223/6209/51386/6207/8664/6189/27335/26986/8666/1964/8894/6229/6228/6188/1973/6232/1977",0.407017918923954
"R-HSA-9857377","Regulation of MITF-M-dependent genes involved in lysosome biogenesis and autophagy",10,0.693017932213583,1.71384036923176,0.0237210922420771,0.135718737632132,0.129853881296393,2538,"tags=80%, list=25%, signal=60%","8992/9114/533/9550/528/427/523/529",0.352487857583619
"R-HSA-416700","Other semaphorin interactions",9,0.718483133690208,1.71284697842813,0.0224920480041411,0.130453878424019,0.124816534098943,562,"tags=33%, list=6%, signal=31%","7305/3688/8482",0.352487857583619
"R-HSA-3858494","Beta-catenin independent WNT signaling",97,0.415397488435442,1.71196369854674,0.00149649829886654,0.0137661752116164,0.0131712931686698,1847,"tags=38%, list=18%, signal=31%","54331/5687/5689/409/5702/5685/5704/5691/5690/5683/5145/5694/5880/1175/5714/5682/9861/11047/805/5713/5695/5705/2787/5719/5700/10213/387/5686/6233/7976/1173/5692/5684/801/5578/5688/7314",0.45505986738723
"R-HSA-5687128","MAPK6/MAPK4 signaling",62,0.454307450273431,1.71106833073421,0.00187438873382445,0.0164465596080699,0.0157358492743211,2214,"tags=50%, list=22%, signal=39%","5687/5689/5702/5685/5704/5691/5690/5683/5694/5714/5682/9861/11047/5713/5695/5705/5719/5700/5566/10213/5686/6233/5692/5684/5688/7314/8202/4609/5718/998/5706",0.45505986738723
"R-HSA-8950505","Gene and protein expression by JAK-STAT signaling after Interleukin-12 stimulation",35,0.499421990270282,1.71089514651249,0.00790629212221648,0.0570787587388709,0.0546121964522899,3194,"tags=77%, list=32%, signal=53%","302/5721/9446/1072/375/654483/4507/3185/3313/1265/9049/3936/6888/6950/552900/6627/5478/998/9987/6775/3181/6175/6647/829/6648/5898/5908",0.380730400722792
"R-HSA-9827857","Specification of primordial germ cells",6,-0.794754738186975,-1.70537434714966,0.0139842522078857,0.0896144401786236,0.0857419032951764,1243,"tags=67%, list=12%, signal=58%","9139/8320/7852/639",0.380730400722792
"R-HSA-5173214","O-glycosylation of TSR domain-containing proteins",8,-0.716575225465476,-1.70453895820122,0.0167927999572502,0.104481748097655,0.0999667455785441,409,"tags=38%, list=4%, signal=36%","170691/11174/10417",0.352487857583619
"R-HSA-5660526","Response to metal ions",6,0.808695680527417,1.70171048085696,0.00732760904699036,0.0535792268350449,0.0512638909171758,1301,"tags=67%, list=13%, signal=58%","4494/4502/4493/4501",0.407017918923954
"R-HSA-6811436","COPI-independent Golgi-to-ER retrograde traffic",36,0.505380253784133,1.69405369862943,0.00441142866813478,0.0347832002358461,0.0332801029050013,2151,"tags=42%, list=21%, signal=33%","2590/22930/7280/8655/10376/22931/10671/832/11258/55860/5050/10383/2589/84516/10540",0.407017918923954
"R-HSA-8957275","Post-translational protein phosphorylation",32,0.508812140868096,1.6930486796008,0.00985838036694256,0.0680574637434304,0.065116475237393,2002,"tags=41%, list=20%, signal=33%","3956/11098/7076/1435/7184/3486/335/51246/102/5611/4924/10130/2519",0.380730400722792
"R-HSA-72662","Activation of the mRNA upon binding of the cap-binding complex and eIFs, and subsequent binding to 43S",58,0.448049065223532,1.69260909276766,0.00354269445104885,0.0292828512354811,0.0280174422094819,2953,"tags=52%, list=29%, signal=37%","6231/6204/51065/6208/6203/6222/10480/8663/6191/8667/6233/8668/6194/6223/6209/51386/6207/8664/6189/27335/26986/8666/1964/8894/6229/6228/6188/1973/6232/1977",0.431707695803346
"R-HSA-69242","S Phase",134,0.38742618726667,1.68823777754256,0.000549858885770409,0.00573663752166567,0.00548873840690987,3089,"tags=49%, list=31%, signal=35%","5687/1163/5689/5702/5685/5704/5691/5690/5683/5694/5714/5682/9861/25906/11047/5713/5695/5111/5705/246184/5719/9978/5700/10213/8454/6117/5686/6233/1019/84296/5692/5684/1869/5982/5001/5984/5688/51529/7314/4149/132660/57804/6119/1017/4609/10393/6118/5718/5706/4172/29945/54107/5701/9126/5928/157570/5707/23047/6500/2237/56655/5425/7316/4173/1026/4176",0.477270815362862
"R-HSA-397014","Muscle contraction",64,0.440349588238073,1.68803388745323,0.00177910953405386,0.0158544604831571,0.0151693367144229,1639,"tags=31%, list=16%, signal=26%","481/301/7171/302/10627/5829/4637/103910/309/7414/805/29098/7170/80228/5566/488/493/444/489/801",0.45505986738723
"R-HSA-5619115","Disorders of transmembrane transporters",103,0.415556517984288,1.68578550327402,0.000473836931053071,0.00497383428853868,0.00475889842891463,2214,"tags=38%, list=22%, signal=30%","5687/5689/5702/5685/5704/6048/5691/5690/5683/5694/51009/5714/5682/9861/10479/11047/8086/5713/335/5695/5705/5719/5700/682/10956/10213/5686/6233/8480/5692/5684/6396/5688/7314/215/10999/23165/5718/5706",0.49849310876659
"R-HSA-72312","rRNA processing",180,0.373771281467316,1.68317286039295,0.000165521331410751,0.00202290712888424,0.00193549060926109,2974,"tags=41%, list=30%, signal=29%","6231/10200/116832/705/6204/3028/51065/6129/6208/55505/6144/6142/6203/54433/79897/6222/55651/6166/6122/10438/25879/6191/6132/6139/4736/6233/10969/6134/51504/6194/6223/6136/56902/6209/6173/11102/6170/6207/84946/6143/8780/6138/79159/4809/2091/6171/6135/6154/9277/54881/6124/6141/6189/54931/6147/6176/55759/51121/6159/28987/9045/6175/25926/6229/6228/6188/90459/84916/6157/51001/6232/10171/26995/6128",0.518848077743792
"R-HSA-9816359","Maternal to zygotic transition (MZT)",34,-0.481320701586176,-1.6814620059043,0.0079526828401575,0.0571724384013003,0.054701827906113,946,"tags=26%, list=9%, signal=24%","4849/23135/55571/1975/246175/7374/9775/27161/678",0.380730400722792
"R-HSA-983705","Signaling by the B Cell Receptor (BCR)",91,0.416388783655339,1.68146059825964,0.00170724516731811,0.0153741920067436,0.0147098222301692,1481,"tags=37%, list=15%, signal=32%","5293/5687/5689/5702/5685/8945/27071/5704/5691/5966/5690/6654/5683/5694/84433/4775/5714/5682/9861/11047/805/974/5713/80228/5695/5705/5719/5700/10213/8454/5686/6233/5692/5684",0.45505986738723
"R-HSA-388841","Regulation of T cell activation by CD28 family",180,0.373280229558686,1.6809615475216,0.000176781117778035,0.00209516151840259,0.00200462264720481,1584,"tags=33%, list=16%, signal=29%","5293/58505/5687/4791/1603/3659/3932/3122/5689/5702/5685/8945/5704/6048/5691/5690/1650/5683/5694/51009/6185/5714/5682/6772/9861/3123/5518/5564/11047/1445/5713/746/6184/5695/5705/920/3113/3115/5719/9978/5700/84661/9402/10956/10213/2034/100128731/23533/5519/8454/915/5686/6233/5571/1019/5692/1326/5684/3703/5931",0.518848077743792
"R-HSA-977443","GABA receptor activation",16,0.605096198989688,1.67779114923504,0.0229620514057808,0.132156518266492,0.126445597232395,1410,"tags=38%, list=14%, signal=32%","54331/27020/2787/2773/113/115",0.352487857583619
"R-HSA-72702","Ribosomal scanning and start codon recognition",57,0.446918250593697,1.67729744998806,0.00724612042331092,0.0532107813059441,0.0509113671401737,2953,"tags=51%, list=29%, signal=36%","6231/6204/51065/6208/6203/6222/10480/8663/6191/8667/6233/8668/6194/6223/6209/51386/6207/8664/6189/27335/8666/1964/8894/6229/6228/6188/1973/6232/1977",0.407017918923954
"R-HSA-3215018","Processing and activation of SUMO",10,0.6779590666907,1.67659964219095,0.030873389091052,0.160073844650879,0.15315652344405,2059,"tags=70%, list=21%, signal=56%","25950/7341/6613/10055/6612/7329/29843",0.352487857583619
"R-HSA-9909505","Modulation of host responses by IFN-stimulated genes",16,-0.573782915084192,-1.67177015564305,0.0260178682158165,0.143140104557113,0.136954546367015,151,"tags=12%, list=2%, signal=12%","51191/2289",0.352487857583619
"R-HSA-9711097","Cellular response to starvation",133,0.383243968721713,1.67071920531004,0.00106188182382952,0.0102071898908557,0.00976610339575625,2899,"tags=50%, list=29%, signal=36%","6231/116832/6204/51065/6129/6208/389541/8992/9114/10641/10542/6144/6142/6203/533/6222/6166/6122/28956/9550/9296/6191/1649/6132/6139/4736/6233/528/6134/6194/55004/6223/6136/440/6209/6173/6396/6170/6207/6143/6138/6171/6135/6154/6124/6141/11133/6189/6147/8894/6176/523/55364/51121/6159/529/9045/6175/6229/6228/6188/8649/6157/83667/51382/6232",0.45505986738723
"R-HSA-422085","Synthesis, secretion, and deacylation of Ghrelin",6,0.793733160363237,1.6702253647663,0.00986455348239084,0.0680574637434304,0.065116475237393,2073,"tags=100%, list=21%, signal=79%","90701/60559/9789/28972/23478/51738",0.380730400722792
"R-HSA-76002","Platelet activation, signaling and aggregation",149,0.384983155843931,1.66900598628689,0.000403391127739351,0.00434089446265427,0.00415331003005308,1248,"tags=28%, list=12%, signal=25%","1191/7076/1521/27040/54331/8407/2207/10487/3959/3932/1072/83706/409/51368/6813/6654/5341/3309/7414/5880/308/928/7114/1609/10916/7873/226/5660/805/1445/6814/335/5588/6810/967/2787/2773/391/29789/81/387/23533",0.49849310876659
"R-HSA-9020591","Interleukin-12 signaling",42,0.470888073615451,1.66861319796389,0.0085236916839615,0.0602646135175955,0.057660379890198,2969,"tags=64%, list=30%, signal=45%","302/5721/9446/1072/375/654483/4507/3185/3313/3594/1265/9049/3936/6888/6950/552900/6845/6627/5478/998/9987/6775/3181/6175/6647/829/6648",0.380730400722792
"R-HSA-9613829","Chaperone Mediated Autophagy",18,0.575693317054993,1.66804900486455,0.0280475385486403,0.150699720890432,0.144187486630974,2556,"tags=50%, list=25%, signal=37%","3043/3312/11315/6233/7314/3320/10226/3920/123",0.352487857583619
"R-HSA-430039","mRNA decay by 5' to 3' exoribonuclease",13,0.639917565614449,1.66487894280789,0.0249255761994036,0.139828396318621,0.133785948014332,1380,"tags=46%, list=14%, signal=40%","27257/23658/11157/196513/51690/27258",0.352487857583619
"R-HSA-69275","G2/M Transition",157,0.373762429757183,1.66253416350408,0.000645456820643501,0.00657367035786328,0.00628960028087895,2236,"tags=34%, list=22%, signal=27%","5687/4218/5689/7280/5702/5685/8945/5704/8655/10376/5691/203068/5690/5683/5694/80321/5714/5682/9861/5518/11047/5713/5695/5705/95681/11258/22919/5719/9978/5700/5566/10213/84131/5519/8454/5686/6233/5692/5684/10383/4659/22897/5688/29922/7314/132660/55559/3320/1017/5577/10540/5718/5706/51451",0.477270815362862
"R-HSA-9031628","NGF-stimulated transcription",28,-0.486499750604545,-1.66017631647003,0.0188017820456778,0.114483448683825,0.109536239543326,2518,"tags=46%, list=25%, signal=35%","1959/6446/7166/1785/8851/5978/3727/4066/4664/2353/2354/1958/3726",0.352487857583619
"R-HSA-5656121","Translesion synthesis by POLI",17,0.58795095762706,1.65935339211807,0.0208854731467025,0.123650673197259,0.118307317911381,2183,"tags=59%, list=22%, signal=46%","10459/11201/5111/6117/6233/5982/5984/7314/6119/6118",0.352487857583619
"R-HSA-453274","Mitotic G2-G2/M phases",159,0.375870694094255,1.65923034506509,0.000302161595749346,0.00329298401482249,0.00315068326475828,2236,"tags=35%, list=22%, signal=27%","5687/4218/5689/7280/5702/5685/8945/5704/8655/10376/5691/203068/5690/5683/5694/80321/5714/5682/9861/5518/11047/5713/5695/5705/95681/11258/22919/5719/9978/5700/5566/10213/84131/5519/8454/5686/6233/5692/5684/1869/10383/4659/22897/5688/29922/7314/132660/55559/3320/1017/5577/10540/5718/5706/51451",0.49849310876659
"R-HSA-8951664","Neddylation",191,0.365832897033226,1.6565787797239,0.00028940458049511,0.00319465314340085,0.00305660159609463,2485,"tags=42%, list=25%, signal=32%","1154/8835/9040/5687/5689/5702/140739/5685/8945/5704/5691/5690/5683/5694/79594/23038/5714/5682/9861/150684/26270/11047/5713/26234/51138/5695/332/23412/4738/5705/29099/25879/54951/5719/9978/5700/7323/122416/10213/2034/8454/51397/9616/10920/5686/6233/84259/170622/8453/7347/5692/5684/27252/80344/5931/8533/9903/5688/8883/79016/54939/10072/7314/90135/9318/28991/5718/5706/26272/84861/2873/10980/122769/5701/84078/1161/200845/9039/10116/55208",0.49849310876659
"R-HSA-352230","Amino acid transport across the plasma membrane",16,-0.567852250532093,-1.65449061012038,0.0297082879477039,0.155816592250121,0.149083241025264,313,"tags=25%, list=3%, signal=24%","9057/123096/54407/8140",0.352487857583619
"R-HSA-9958863","SLC-mediated transport of amino acids",16,-0.567852250532093,-1.65449061012038,0.0297082879477039,0.155816592250121,0.149083241025264,313,"tags=25%, list=3%, signal=24%","9057/123096/54407/8140",0.352487857583619
"R-HSA-2514859","Inactivation, recovery and regulation of the phototransduction cascade",18,0.570692070023658,1.65355808602537,0.0320673875641866,0.165262952175673,0.158121392439407,1654,"tags=33%, list=16%, signal=28%","8787/5145/805/5588/801/5578",0.321775918075361
"R-HSA-9820965","Respiratory syncytial virus (RSV) genome replication, transcription and translation",17,0.585885623689774,1.65352447249436,0.0217869891309663,0.127662802750285,0.122146070052862,445,"tags=35%, list=4%, signal=34%","90701/5499/60559/9789/5045/3312",0.352487857583619
"R-HSA-162906","HIV Infection",204,0.358916657353633,1.65154558973897,0.000177556060881575,0.00209516151840259,0.00200462264720481,2214,"tags=35%, list=22%, signal=28%","5687/3932/60489/5689/5702/5685/8945/5704/5045/5691/8815/375/5690/6827/5683/5694/2958/1175/5714/5682/1174/9861/567/11047/8086/5713/130340/293/5695/5705/920/5434/5719/926/9978/5700/10213/5435/5440/5436/51160/8907/2547/7251/1234/5686/6233/5441/1173/6878/8480/5692/5684/6883/79643/4869/5901/6396/5688/5439/5438/27243/7936/7314/5478/919/8732/23165/51497/5432/5718/5706",0.518848077743792
"R-HSA-201681","TCF dependent signaling in response to WNT",107,0.397737699501214,1.644676782359,0.00156626996123415,0.0142547228918704,0.0136387290849342,1847,"tags=36%, list=18%, signal=29%","5687/5689/5702/5685/8945/5704/5691/5690/5683/5694/7090/3065/5714/5682/9861/5518/11047/5713/5695/5705/5719/9978/5700/84661/79577/10524/10213/5519/5686/6233/5692/5684/9757/54894/5688/8312/8295/7314",0.45505986738723
"R-HSA-5673001","RAF/MAP kinase cascade",157,0.369654549212447,1.64426188357039,0.000884579120278575,0.00885096418009732,0.00846848469159997,1523,"tags=32%, list=15%, signal=27%","2323/4684/27040/5687/51125/60/3561/71/5689/598/409/5702/5685/5704/5691/3560/5690/6654/5683/5694/7414/369/8660/5714/5682/9861/402/5518/1847/11047/805/1445/5713/28956/5588/5695/5705/5719/9978/5700/5147/5778/10213/5519/5686/6233/5692/5684/5924/1849",0.477270815362862
"R-HSA-9918485","Dengue Virus Attachment and Entry",23,0.528629381855971,1.64354332961687,0.0224477272807232,0.130453878424019,0.124816534098943,1409,"tags=39%, list=14%, signal=34%","11314/5045/3309/51234/1175/4061/7317/440400/1173",0.352487857583619
"R-HSA-1912420","Pre-NOTCH Processing in Golgi",14,0.60869384967971,1.64133435927715,0.0418290972442124,0.198253699127001,0.189686499905326,1617,"tags=57%, list=16%, signal=48%","4853/3955/5045/4851/10959/488/5986/489",0.321775918075361
"R-HSA-5083635","Defective B3GALTL causes PpS",7,-0.743237654852742,-1.64121426720711,0.0144516068939993,0.091961884782358,0.0879879070396956,409,"tags=43%, list=4%, signal=41%","170691/11174/10417",0.380730400722792
"R-HSA-216083","Integrin cell surface interactions",29,0.507518214840289,1.64048132095318,0.0130163306201835,0.0837253447035113,0.0801072951481338,1716,"tags=41%, list=17%, signal=34%","3688/1292/3384/7412/3385/3383/3683/682/3676/80781/3689/3695",0.380730400722792
"R-HSA-389977","Post-chaperonin tubulin folding pathway",12,0.637552572497071,1.63780444647891,0.0299665494081565,0.156319408650475,0.149564329062955,1612,"tags=50%, list=16%, signal=42%","7280/10376/402/6902/6903/10383",0.352487857583619
"R-HSA-9956593","Enterobacterial factors antagonize host defense",13,0.627259767050359,1.6319470412255,0.0324522595678132,0.166744192554139,0.159538623513263,1847,"tags=62%, list=18%, signal=50%","2633/2634/115361/805/6233/837/801/7314",0.321775918075361
"R-HSA-9772573","Late SARS-CoV-2 Infection Events",62,0.432616201041921,1.62937209266512,0.00462661567989437,0.0359824519468149,0.0344275309760075,1977,"tags=40%, list=20%, signal=33%","58505/51125/1603/6480/7341/5045/6733/1650/6185/3276/51201/25921/746/6184/55741/100128731/6233/3703/83666/7314/253832/54625/7329/55129/2589",0.407017918923954
"R-HSA-418990","Adherens junctions interactions",142,0.367905822975292,1.62896145254903,0.0013677806078622,0.012929682983714,0.0123709485415202,1607,"tags=34%, list=16%, signal=29%","8728/90701/58505/5687/1603/60559/60/1500/71/5689/9789/5702/5685/5704/5045/5691/5690/1650/5683/5694/7414/6185/3065/5714/5682/5315/9861/11171/11047/5713/746/6184/5695/5705/5719/5700/28972/10213/100128731/80149/5686/6233/5692/5684/3703/5931/7410/23478",0.45505986738723
"R-HSA-6805567","Keratinization",8,0.712666766477027,1.62663811194646,0.0230173246308677,0.132156518266492,0.126445597232395,502,"tags=50%, list=5%, signal=48%","3856/3875/5045/823",0.352487857583619
"R-HSA-6809371","Formation of the cornified envelope",8,0.712666766477027,1.62663811194646,0.0230173246308677,0.132156518266492,0.126445597232395,502,"tags=50%, list=5%, signal=48%","3856/3875/5045/823",0.352487857583619
"R-HSA-9828806","Maturation of hRSV A proteins",14,0.603144103140751,1.62636954620328,0.0489488328979106,0.219820086845998,0.210320932554157,1607,"tags=50%, list=16%, signal=42%","90701/5499/60559/9789/5045/28972/23478",0.321775918075361
"R-HSA-2467813","Separation of Sister Chromatids",142,0.367317377884685,1.62635601846868,0.00145602333087898,0.0135394343431192,0.0129543505243705,1847,"tags=31%, list=18%, signal=26%","5687/5689/7280/5702/5685/5704/8655/10376/5691/11243/5690/5683/9232/5694/5714/5682/25936/4085/9861/25906/5518/8379/11047/5713/5695/332/5705/246184/22919/5719/5700/10213/5519/5686/6233/79682/348235/5692/5684/10383/6396/5688/51529/7314",0.45505986738723
"R-HSA-9696270","RND2 GTPase cycle",26,-0.495846605418973,-1.62624430155383,0.0191548998910043,0.116219977707476,0.11119772739415,1502,"tags=38%, list=15%, signal=33%","23592/55227/27316/7126/5295/2909/3895/23048/23129/23513",0.352487857583619
"R-HSA-202427","Phosphorylation of CD3 and TCR zeta chains",18,0.561187645765952,1.62601938624338,0.0363429175861473,0.179200956743222,0.17145708964821,1286,"tags=50%, list=13%, signal=44%","3932/3122/55824/3123/1445/920/3113/3115/915",0.321775918075361
"R-HSA-9924644","Developmental Lineages of the Mammary Gland",12,0.632865096050868,1.62576282027028,0.0305484060479883,0.158870281909143,0.1520049706362,109,"tags=25%, list=1%, signal=25%","3688/3856/3875",0.352487857583619
"R-HSA-9839383","TGFBR3 PTM regulation",8,0.710877300904583,1.62255371649395,0.0239319071971386,0.136038183436226,0.130159522788859,1766,"tags=62%, list=18%, signal=52%","7076/55851/7049/51107/23385",0.352487857583619
"R-HSA-8949613","Cristae formation",13,0.623533996290076,1.62225367192634,0.0372157689179466,0.18193194462459,0.174070062494526,2843,"tags=69%, list=28%, signal=50%","3313/8834/55735/84303/10989/4580/10651/25813/139322",0.321775918075361
"R-HSA-9617828","FOXO-mediated transcription of cell cycle genes",13,-0.60375812189437,-1.62058451373266,0.0342242998469925,0.172736805422431,0.165272275723938,1117,"tags=31%, list=11%, signal=27%","4089/1647/901/694",0.321775918075361
"R-HSA-5620971","Pyroptosis",19,0.559845650735742,1.61832621844875,0.024361034832429,0.137563467321076,0.131618894103257,2729,"tags=58%, list=27%, signal=42%","3659/834/3002/578/837/79643/3660/27243/54205/581/29082",0.352487857583619
"R-HSA-168138","Toll Like Receptor 9 (TLR9) Cascade",92,-0.37142476107525,-1.61775429351135,0.00186398259403819,0.0164395578268007,0.0157291500632198,1452,"tags=28%, list=14%, signal=24%","8517/841/57162/5609/7186/10392/3663/5594/1846/23291/9097/5515/4793/9683/79155/30849/5608/5604/5606/2353/9684/8767/3725/121260/3665/4792",0.45505986738723
"R-HSA-9933387","RORA,B,C and NR1D1 (REV-ERBA) regulate gene expression",23,0.519335805324409,1.61464899222097,0.0279509722305322,0.150699720890432,0.144187486630974,694,"tags=22%, list=7%, signal=20%","6256/6095/1374/80205/9572",0.352487857583619
"R-HSA-3000178","ECM proteoglycans",11,0.65607811459712,1.61463788004109,0.0222000569938995,0.12963924067086,0.124037099542273,103,"tags=27%, list=1%, signal=27%","3688/1292/4684",0.352487857583619
"R-HSA-9920951","Dengue virus modulates apoptosis",15,-0.566985201414626,-1.61124567075655,0.0326028522052275,0.167016407554324,0.159799075201348,1178,"tags=40%, list=12%, signal=35%","22863/79109/57551/4793/30849/4792",0.321775918075361
"R-HSA-211859","Biological oxidations",76,0.408282006819678,1.60877174694076,0.00841360258496116,0.0597330872318197,0.0571518226163591,3181,"tags=49%, list=32%, signal=33%","6916/6256/9446/373156/191/2950/10858/9049/1312/120227/4259/128/4258/494143/51504/80146/2941/2948/196/6819/57491/10327/217/23169/79017/7358/80777/8459/405/4548/8824/4552/2947/2098/64174/6818/219",0.380730400722792
"R-HSA-5661231","Metallothioneins bind metals",4,0.870597625461439,1.60874263788467,0.00590797317090915,0.0447280623691396,0.0427952145947813,1301,"tags=100%, list=13%, signal=87%","4494/4502/4493/4501",0.407017918923954
"R-HSA-5676594","TNF receptor superfamily (TNFSF) members mediating non-canonical NF-kB pathway",15,0.595294715739283,1.60848320762513,0.0328182598858929,0.167618037805262,0.160374707015736,76,"tags=20%, list=1%, signal=20%","10673/8740/959",0.321775918075361
"R-HSA-1474244","Extracellular matrix organization",93,0.396729497476833,1.60817150726719,0.00361630612693628,0.0297475951114806,0.0284621029627439,1766,"tags=33%, list=18%, signal=28%","3688/7076/1292/8728/4684/3384/7412/60/71/5479/5045/823/3385/825/3383/8985/3683/8573/682/3676/101/80781/6650/102/5351/51399/3689/5578/826/3695/23385",0.431707695803346
"R-HSA-168181","Toll Like Receptor 7/8 (TLR7/8) Cascade",88,-0.367658712597225,-1.60715177856876,0.004284806099764,0.0341816618498537,0.0327045589857702,1452,"tags=28%, list=14%, signal=25%","8517/841/57162/5609/7186/10392/3663/5594/1846/23291/9097/5515/4793/9683/79155/5608/5604/5606/2353/9684/8767/3725/121260/3665/4792",0.407017918923954
"R-HSA-2132295","MHC class II antigen presentation",83,0.403545208057011,1.60633622330271,0.0043692446699731,0.0346100816218703,0.0331144653199366,1613,"tags=31%, list=16%, signal=27%","1512/1075/3122/7280/3109/8655/10376/375/5476/10671/1175/1174/832/972/3123/130340/3113/3115/11258/11127/55860/8907/1173/7879/10383/51128",0.407017918923954
"R-HSA-2122948","Activated NOTCH1 Transmits Signal to the Nucleus",21,0.534147404139725,1.59797515008057,0.0280965581321145,0.150699720890432,0.144187486630974,1847,"tags=48%, list=18%, signal=39%","409/1840/55851/4851/83737/6233/102/51107/23385/7314",0.352487857583619
"R-HSA-418359","Reduction of cytosolic Ca++ levels",8,0.696175869110917,1.58899818902916,0.0369520353027852,0.181680840238694,0.173829809161139,2946,"tags=88%, list=29%, signal=62%","805/488/493/489/801/6717/490",0.321775918075361
"R-HSA-379716","Cytosolic tRNA aminoacylation",6,0.755099347772137,1.58892956291552,0.0237963888308823,0.135718737632132,0.129853881296393,1288,"tags=67%, list=13%, signal=58%","5464/9521/7965/10056",0.352487857583619
"R-HSA-446728","Cell junction organization",163,0.359852039688703,1.58838874918822,0.000450489661353931,0.00475794944800356,0.00455234268763944,1607,"tags=32%, list=16%, signal=27%","3688/8728/90701/58505/5829/5687/1603/60559/60/1500/71/5689/3611/9789/5702/5685/5704/5045/5691/5690/1650/5683/5694/6251/7414/6185/3065/5714/5682/5315/9861/11171/11047/5713/746/6184/5695/5705/5719/5700/28972/10213/100128731/80149/5686/6233/5692/5684/3703/5931/7410/23478",0.49849310876659
"R-HSA-194068","Bile acid and bile salt metabolism",17,0.562460532026574,1.58741265686115,0.0346474014713696,0.174357952698569,0.166823367854857,1938,"tags=41%, list=19%, signal=33%","6256/6342/10858/114883/200931/10005/3295",0.321775918075361
"R-HSA-9927426","Developmental Lineage of Mammary Gland Alveolar Cells",5,0.803862203567301,1.58640438614959,0.0350265913922333,0.175128649641425,0.16756076042923,109,"tags=40%, list=1%, signal=40%","3856/3875",0.321775918075361
"R-HSA-9020702","Interleukin-1 signaling",86,0.394408728335981,1.58425156287485,0.00496654004773989,0.0382781532508241,0.0366240274202258,1481,"tags=37%, list=15%, signal=32%","5687/4791/7334/5689/5702/5685/8945/5704/5691/5690/5683/5694/23118/5714/5682/9861/11047/80216/5713/5695/5705/5719/9978/5700/10213/8454/4615/5686/6233/5692/1326/5684",0.407017918923954
"R-HSA-418597","G alpha (z) signalling events",23,0.508962547659969,1.58239785555329,0.0351076135751074,0.175128649641425,0.16756076042923,1654,"tags=39%, list=16%, signal=33%","54331/10287/5588/2787/2773/113/115/6004/5578",0.321775918075361
"R-HSA-156581","Methylation",9,0.66231352658768,1.57893994944763,0.0480769230769231,0.216472672064777,0.207118170656764,2948,"tags=67%, list=29%, signal=47%","9446/191/1312/51504/4548/4552",0.287857117255149
"R-HSA-9634815","Transcriptional Regulation by NPAS4",23,-0.493091299441199,-1.57286413757726,0.0429356498319998,0.202377126343118,0.193631740169108,2008,"tags=48%, list=20%, signal=38%","4193/2908/8851/192669/5978/7514/5594/27327/26523/2353/27161",0.321775918075361
"R-HSA-975163","IRAK2 mediated activation of TAK1 complex upon TLR7/8 or 9 stimulation",10,0.6358423378271,1.57244454491104,0.0689595251363516,0.279596558076535,0.267514264402903,3100,"tags=70%, list=31%, signal=48%","23118/6233/7314/148022/7189/7316/6885",0.287805130535564
"R-HSA-9014325","TICAM1,TRAF6-dependent induction of TAK1 complex",10,0.6358423378271,1.57244454491104,0.0689595251363516,0.279596558076535,0.267514264402903,3100,"tags=70%, list=31%, signal=48%","23118/6233/7314/148022/7189/7316/6885",0.287805130535564
"R-HSA-110312","Translesion synthesis by REV1",16,0.567078136530818,1.57237589656768,0.0470770905147805,0.213657564644004,0.204424713355057,2183,"tags=56%, list=22%, signal=44%","10459/5111/6117/6233/5982/5984/7314/6119/6118",0.321775918075361
"R-HSA-9755088","Ribavirin ADME",9,0.658084002232387,1.56885686235421,0.05,0.222207792207792,0.212605457255983,1904,"tags=56%, list=19%, signal=45%","4831/3704/4860/4830/100",0.282013350011725
"R-HSA-9694635","Translation of Structural Proteins",57,0.417585395073156,1.56721037321259,0.0181253994450541,0.11075913732317,0.105972868016484,1977,"tags=40%, list=20%, signal=33%","58505/51125/1603/6480/7341/6733/1650/6185/3276/51201/25921/746/6184/55741/100128731/6233/3703/83666/7314/253832/54625/7329/2589",0.352487857583619
"R-HSA-164940","Nef mediated downregulation of MHC class I complex cell surface expression",9,0.657154587149084,1.56664115854365,0.05,0.222207792207792,0.212605457255983,1279,"tags=44%, list=13%, signal=39%","1174/567/130340/8907",0.282013350011725
"R-HSA-9931521","The CRY:PER:kinase complex represses transactivation by the BMAL:CLOCK (ARNTL:CLOCK) complex",11,-0.600081753197627,-1.56573146805387,0.077445475725367,0.301157293104779,0.288143288632478,1839,"tags=55%, list=18%, signal=45%","8864/1453/4862/1408/4297/5187",0.287805130535564
"R-HSA-110056","MAPK3 (ERK1) activation",7,-0.708774764528712,-1.56511345756743,0.0255035001320117,0.141218410116091,0.135115894710021,388,"tags=29%, list=4%, signal=27%","5604/3572",0.352487857583619
"R-HSA-2029481","FCGR activation",8,0.684611295441909,1.56260243555323,0.0452898550724638,0.208870463689988,0.199844478894569,184,"tags=25%, list=2%, signal=25%","2268/2214",0.287857117255149
"R-HSA-193807","Synthesis of bile acids and bile salts via 27-hydroxycholesterol",3,0.918260712915612,1.56259513824465,0.0089665481217845,0.062619444230095,0.0599134505652498,96,"tags=33%, list=1%, signal=33%","6256",0.380730400722792
"R-HSA-8941326","RUNX2 regulates bone development",15,-0.54973352893466,-1.56222025963947,0.0396309354121791,0.189939861317195,0.181731930573873,2593,"tags=53%, list=26%, signal=40%","10013/865/860/4089/5594/5925/9759/4094",0.321775918075361
"R-HSA-8873719","RAB geranylgeranylation",42,0.440073784185404,1.55942136892886,0.0212587118210133,0.125426399743979,0.120006309430426,1522,"tags=29%, list=15%, signal=24%","326624/4218/81876/8766/5878/22931/51762/53916/8934/83871/5864/7879",0.352487857583619
"R-HSA-2022870","CS-GAG biosynthesis",8,-0.654851549434172,-1.55771500071594,0.0497499641902734,0.222207792207792,0.212605457255983,154,"tags=25%, list=2%, signal=25%","56548/50515",0.321775918075361
"R-HSA-432720","Lysosome Vesicle Biogenesis",29,0.481800288696112,1.55735173817268,0.0262395991678796,0.143897289026416,0.137679010386589,1872,"tags=45%, list=19%, signal=37%","8673/375/3312/4074/1174/2647/130340/8906/1777/8907/11154/27243/6845",0.352487857583619
"R-HSA-5357801","Programmed Cell Death",158,0.352301178601209,1.55703568237691,0.00163720496703972,0.0148214693047882,0.0141809845075248,2434,"tags=41%, list=24%, signal=31%","5687/3659/10134/5689/834/598/5702/5685/5704/8655/5691/5690/3002/7332/5683/5694/8743/8428/83737/840/5714/5682/9861/572/11047/5713/5588/5695/5705/355/51074/5719/5700/578/10213/5686/6233/6386/5692/5684/837/1869/79643/356/3660/10971/11140/5688/27243/28988/7314/11035/118/330/3320/54205/90427/5718/5706/63967/5701/148022/581/10059",0.45505986738723
"R-HSA-2514856","The phototransduction cascade",19,0.53646586384284,1.55074308716818,0.0462446759231346,0.2124,0.203221492246063,1654,"tags=32%, list=16%, signal=26%","8787/5145/805/5588/801/5578",0.321775918075361
"R-HSA-5655862","Translesion synthesis by POLK",17,0.548843725995565,1.54898242218893,0.0435311563293789,0.202803434712369,0.194039626341218,2183,"tags=53%, list=22%, signal=41%","10459/5111/6117/6233/5982/5984/7314/6119/6118",0.321775918075361
"R-HSA-190861","Gap junction assembly",6,0.734162494493317,1.54487286332057,0.0383164201243923,0.185196030601229,0.17719309650108,1612,"tags=50%, list=16%, signal=42%","7280/10376/10383",0.321775918075361
"R-HSA-190840","Microtubule-dependent trafficking of connexons from Golgi to the plasma membrane",6,0.734162494493317,1.54487286332057,0.0383164201243923,0.185196030601229,0.17719309650108,1612,"tags=50%, list=16%, signal=42%","7280/10376/10383",0.321775918075361
"R-HSA-190872","Transport of connexons to the plasma membrane",6,0.734162494493317,1.54487286332057,0.0383164201243923,0.185196030601229,0.17719309650108,1612,"tags=50%, list=16%, signal=42%","7280/10376/10383",0.321775918075361
"R-HSA-1500931","Cell-Cell communication",185,0.342830170342294,1.54331612341423,0.00136163834872395,0.012929682983714,0.0123709485415202,1607,"tags=30%, list=16%, signal=25%","7305/3688/8728/90701/58505/5829/5687/1603/60559/60/1500/71/5689/3611/9789/5702/5685/5704/5045/5691/5690/1650/5683/5694/6251/7414/6185/3065/5714/5682/5315/9861/11171/11047/5713/746/6184/5695/5705/8573/5719/5700/28972/10213/81/100128731/80149/5686/6233/5692/5684/3703/5931/7410/23478",0.45505986738723
"R-HSA-8963889","Assembly of active LPL and LIPC lipase complexes",5,0.781987593008694,1.54323532311678,0.0561040933524703,0.24195501347828,0.231499335666066,980,"tags=60%, list=10%, signal=54%","5045/91289/64788",0.321775918075361
"R-HSA-8856688","Golgi-to-ER retrograde transport",98,0.376065397968962,1.54254090458463,0.00670676427024702,0.0501103653554264,0.0479449304356176,2054,"tags=35%, list=20%, signal=28%","124602/2590/22930/7280/8655/10376/11316/375/81876/54732/53407/22931/377/10671/10959/832/8775/22820/11258/10972/11127/22818/55860/60561/26286/5050/6836/10383/55582/1315/2589/5861/3833/84516",0.407017918923954
"R-HSA-421270","Cell-cell junction organization",149,0.355689133371427,1.54200848489789,0.00350679078285448,0.0291267914051651,0.0278681262415135,1607,"tags=32%, list=16%, signal=27%","8728/90701/58505/5687/1603/60559/60/1500/71/5689/9789/5702/5685/5704/5045/5691/5690/1650/5683/5694/7414/6185/3065/5714/5682/5315/9861/11171/11047/5713/746/6184/5695/5705/5719/5700/28972/10213/100128731/80149/5686/6233/5692/5684/3703/5931/7410/23478",0.431707695803346
"R-HSA-9645460","Alpha-protein kinase 1 signaling pathway",11,0.626204684016474,1.541118017773,0.0431410799991046,0.202786779885901,0.194023691224985,3100,"tags=64%, list=31%, signal=44%","23118/80216/6233/7314/7189/7316/6885",0.321775918075361
"R-HSA-193368","Synthesis of bile acids and bile salts via 7alpha-hydroxycholesterol",9,0.646184024980332,1.5404875950412,0.0615384615384615,0.260412117248133,0.249158846827319,1938,"tags=44%, list=19%, signal=36%","6256/6342/10005/3295",0.252961123069611
"R-HSA-5684996","MAPK1/MAPK3 signaling",160,0.348915102766048,1.53700677967211,0.00341464944852909,0.0288440572753004,0.0275976099901952,1523,"tags=31%, list=15%, signal=27%","2323/4684/27040/5687/51125/60/3561/71/5689/598/409/5702/5685/5704/5691/3560/5690/6654/5683/5694/7414/369/8660/5714/5682/9861/402/5518/1847/11047/805/1445/5713/28956/5588/5695/5705/5719/9978/5700/5147/5778/10213/5519/5686/6233/5692/5684/5924/1849",0.431707695803346
"R-HSA-2980736","Peptide hormone metabolism",31,0.471497742297339,1.53559740159945,0.0260158356230031,0.143140104557113,0.136954546367015,2091,"tags=39%, list=21%, signal=31%","1803/2999/90701/60559/9789/6804/28972/10640/23478/10159/51738/55770",0.352487857583619
"R-HSA-8963899","Plasma lipoprotein remodeling",10,0.620063489688147,1.53342329356458,0.0514184397163121,0.226161826104396,0.216388624246845,1741,"tags=50%, list=17%, signal=41%","5045/335/91289/64788/9619",0.266350657088526
"R-HSA-5663213","RHO GTPases Activate WASPs and WAVEs",31,0.470620459877003,1.53274022438674,0.026610476894634,0.144083942932655,0.13785759835909,2208,"tags=45%, list=22%, signal=35%","60/10095/71/55845/10092/10096/10109/10094/10006/10093/147179/10552/7454/998",0.352487857583619
"R-HSA-1592389","Activation of Matrix Metalloproteinases",5,0.776544746170906,1.53249398454122,0.062923309795548,0.262589714780933,0.2512423431556,1283,"tags=60%, list=13%, signal=52%","7076/5045/80781",0.287805130535564
"R-HSA-937072","TRAF6-mediated induction of TAK1 complex within TLR4 complex",11,0.622581427720908,1.53220102033968,0.0449768404879191,0.20798749749954,0.19899966859878,3100,"tags=64%, list=31%, signal=44%","23118/6233/7314/148022/7189/7316/6885",0.321775918075361
"R-HSA-447115","Interleukin-12 family signaling",49,0.421634583257165,1.53212857123694,0.0193542380202485,0.116602469199455,0.111563690161435,2212,"tags=51%, list=22%, signal=40%","302/5721/9446/1072/375/654483/149233/4507/3185/6772/3313/3594/1265/9049/3936/6888/51561/6950/552900/9466/6845/6627/5478/998/9987",0.352487857583619
"R-HSA-166058","MyD88:MAL(TIRAP) cascade initiated on plasma membrane",87,-0.352089519167874,-1.52833342531016,0.0114816769836844,0.0758499973709806,0.0725722676675643,1452,"tags=26%, list=14%, signal=23%","8517/841/57162/5609/7186/10392/5594/1846/23291/9097/5515/4793/9683/79155/5608/5604/5606/2353/9684/8767/3725/8651/4792",0.380730400722792
"R-HSA-168179","Toll Like Receptor TLR1:TLR2 Cascade",87,-0.352089519167874,-1.52833342531016,0.0114816769836844,0.0758499973709806,0.0725722676675643,1452,"tags=26%, list=14%, signal=23%","8517/841/57162/5609/7186/10392/5594/1846/23291/9097/5515/4793/9683/79155/5608/5604/5606/2353/9684/8767/3725/8651/4792",0.380730400722792
"R-HSA-168188","Toll Like Receptor TLR6:TLR2 Cascade",87,-0.352089519167874,-1.52833342531016,0.0114816769836844,0.0758499973709806,0.0725722676675643,1452,"tags=26%, list=14%, signal=23%","8517/841/57162/5609/7186/10392/5594/1846/23291/9097/5515/4793/9683/79155/5608/5604/5606/2353/9684/8767/3725/8651/4792",0.380730400722792
"R-HSA-181438","Toll Like Receptor 2 (TLR2) Cascade",87,-0.352089519167874,-1.52833342531016,0.0114816769836844,0.0758499973709806,0.0725722676675643,1452,"tags=26%, list=14%, signal=23%","8517/841/57162/5609/7186/10392/5594/1846/23291/9097/5515/4793/9683/79155/5608/5604/5606/2353/9684/8767/3725/8651/4792",0.380730400722792
"R-HSA-9615710","Late endosomal microautophagy",29,0.47028182675927,1.52011992835588,0.0314911299290452,0.162783454104521,0.155749041695335,3085,"tags=52%, list=31%, signal=36%","3043/3312/11315/51160/7251/6233/79643/27243/7314/10226/79720/123/29082/7316/137492",0.321775918075361
"R-HSA-5696398","Nucleotide Excision Repair",106,0.365487598072886,1.51478776415162,0.00551094750627292,0.0420947820680043,0.0402757270604175,2558,"tags=42%, list=26%, signal=31%","60/7334/7341/7336/6613/51138/10445/7515/5111/5434/27339/9978/5435/5440/5436/6117/10920/6233/5441/6612/5982/86/8533/5984/5439/5438/7314/93973/7329/57804/6119/9318/2067/29844/5432/6118/2873/10980/54107/2071/1161/8178/8607/5886",0.407017918923954
"R-HSA-9837999","Mitochondrial protein degradation",86,0.376905268540899,1.51394408349155,0.0102048263765966,0.06956357741178,0.066557504743863,3214,"tags=48%, list=32%, signal=33%","91689/3028/10440/5162/3313/1327/51079/1329/293/4540/51142/4712/1738/51499/5566/4191/64983/4695/4723/27089/23203/6742/29928/10845/2235/50/4722/217/5163/292/3033/4512/7385/38/26520/55173/7019/4513/27429/219/54995",0.380730400722792
"R-HSA-9637687","Suppression of phagosomal maturation",12,0.588875901452008,1.51275927888567,0.056140350877193,0.24195501347828,0.231499335666066,4037,"tags=83%, list=40%, signal=50%","11151/6233/7879/7314/26276/5868/7316/3837/51606/7311",0.252961123069611
"R-HSA-9696264","RND3 GTPase cycle",23,-0.473954884490467,-1.51182274254167,0.0665694071627668,0.273798691479553,0.261966942831894,1818,"tags=39%, list=18%, signal=32%","6093/23592/27316/7126/5295/2909/3895/23513/1362",0.287805130535564
"R-HSA-5689880","Ub-specific processing proteases",132,0.34725731993075,1.51123289189871,0.00878388356850691,0.0616037274280455,0.0589416262516344,2675,"tags=43%, list=27%, signal=32%","154/5687/5689/409/5702/5685/5704/5691/5690/5683/5694/7046/79594/23770/5714/5682/9861/11047/5713/25862/5695/5705/8078/5719/5700/10213/10474/5686/6233/5692/5684/1540/9958/29761/5688/8312/8295/7314/330/7417/7419/4609/5718/57646/5706/4087/55611/63967/5701/9804/8658/9960/8678/8607/7189/7416/5707",0.380730400722792
"R-HSA-168898","Toll-like Receptor Cascades",122,-0.334876837457498,-1.51086915959952,0.00394197274709001,0.0321176922393857,0.0307297803408087,1452,"tags=25%, list=14%, signal=21%","8517/841/57162/5609/7186/10392/3663/5594/1846/23291/9097/5515/4793/9683/79155/30849/81622/5608/7322/7321/5604/5606/2353/9684/8767/3725/121260/3665/8651/4792",0.407017918923954
"R-HSA-399955","SEMA3A-Plexin repulsion signaling by inhibiting Integrin adhesion",10,-0.587460080843073,-1.51050241493768,0.0570776255707763,0.244865831842576,0.234284367924303,466,"tags=20%, list=5%, signal=19%","5879/2534",0.287857117255149
"R-HSA-5627117","RHO GTPases Activate ROCKs",17,0.535061808667657,1.51008619968722,0.0464285714285714,0.2124,0.203221492246063,1650,"tags=41%, list=16%, signal=34%","4637/1072/103910/389/387/3984/4659",0.282013350011725
"R-HSA-156590","Glutathione conjugation",20,0.513165839594113,1.50998375223212,0.046551724137931,0.2124,0.203221492246063,2353,"tags=50%, list=23%, signal=38%","9446/373156/2950/4259/4258/494143/2941/2948/10327/79017",0.276500599254472
"R-HSA-9734767","Developmental Cell Lineages",28,0.477837564237932,1.50928470973964,0.0473773265651438,0.214451337970796,0.205184185106357,109,"tags=18%, list=1%, signal=18%","3688/301/3856/302/3875",0.271288554688953
"R-HSA-195721","Signaling by WNT",172,0.33441998890283,1.50841110683077,0.00343903429816556,0.0288440572753004,0.0275976099901952,1847,"tags=31%, list=18%, signal=26%","54331/5687/5689/409/5702/5685/8945/5704/51699/5691/5690/5683/5145/5694/7090/5880/3065/1175/5714/5682/9861/5518/11047/805/5713/54764/5695/5705/2787/5719/9978/5700/84661/79577/10524/10213/387/5519/8454/5686/6233/7976/1173/5692/5684/9757/801/5578/54894/5688/8312/8295/7314",0.431707695803346
"R-HSA-73856","RNA Polymerase II Transcription Termination",29,0.466330978168641,1.50734936539809,0.0361135597339656,0.17877353315891,0.171048136453177,2938,"tags=52%, list=29%, signal=37%","6637/6635/1478/6628/1477/6634/6636/11052/10978/25888/84967/22916/81608/11051/10914",0.321775918075361
"R-HSA-75067","Processing of Capped Intronless Pre-mRNA",29,0.466330978168641,1.50734936539809,0.0361135597339656,0.17877353315891,0.171048136453177,2938,"tags=52%, list=29%, signal=37%","6637/6635/1478/6628/1477/6634/6636/11052/10978/25888/84967/22916/81608/11051/10914",0.321775918075361
"R-HSA-9664407","Parasite infection",49,0.41447611401949,1.5061162475783,0.0253937691796993,0.141067334631382,0.134971347697571,593,"tags=20%, list=6%, signal=19%","2268/2214/60/10095/71/55845/10092/10096/10109/10094",0.352487857583619
"R-HSA-9664417","Leishmania phagocytosis",49,0.41447611401949,1.5061162475783,0.0253937691796993,0.141067334631382,0.134971347697571,593,"tags=20%, list=6%, signal=19%","2268/2214/60/10095/71/55845/10092/10096/10109/10094",0.352487857583619
"R-HSA-9664422","FCGR3A-mediated phagocytosis",49,0.41447611401949,1.5061162475783,0.0253937691796993,0.141067334631382,0.134971347697571,593,"tags=20%, list=6%, signal=19%","2268/2214/60/10095/71/55845/10092/10096/10109/10094",0.352487857583619
"R-HSA-2559583","Cellular Senescence",112,-0.334888117699514,-1.50545561162408,0.0071227680088769,0.052757818455361,0.0504779783151853,2042,"tags=31%, list=20%, signal=25%","51434/9261/4193/5598/80012/57634/8550/192669/25913/6015/5609/51343/5594/1029/27327/8881/26523/472/23135/23512/23523/8535/29855/5925/5608/7321/27338/22955/5606/2353/2077/54386/3725/1051/2113",0.407017918923954
"R-HSA-9821002","Chromatin modifications during the maternal to zygotic transition (MZT)",6,-0.698766498911202,-1.49940403577738,0.0715835140997831,0.285499749707993,0.27316235956467,2461,"tags=83%, list=25%, signal=63%","124512/10765/5927/23135/7374",0.248911114434702
"R-HSA-937042","IRAK2 mediated activation of TAK1 complex",9,0.628861469438676,1.49919102797248,0.0865384615384615,0.326139444256184,0.312045878258209,3100,"tags=67%, list=31%, signal=46%","23118/6233/7314/7189/7316/6885",0.211400189384923
"R-HSA-418889","Caspase activation via Dependence Receptors in the absence of ligand",6,-0.697222118735004,-1.49609012494655,0.0715835140997831,0.285499749707993,0.27316235956467,1809,"tags=67%, list=18%, signal=55%","836/23604/1613/842",0.248911114434702
"R-HSA-879415","Advanced glycosylation endproduct receptor signaling",10,0.604550618844752,1.49505980676537,0.0673758865248227,0.275131603446233,0.2632422552561,449,"tags=20%, list=4%, signal=19%","3958/1650",0.231126709673834
"R-HSA-418555","G alpha (s) signalling events",46,0.420562659157649,1.49193904345388,0.0286349013890308,0.152630268774553,0.146034609144456,2146,"tags=37%, list=21%, signal=29%","3688/5732/54331/154/5141/409/5143/2787/2773/5566/113/115/153/5153/6019/6464/5577",0.352487857583619
"R-HSA-9634597","GPER1 signaling",24,0.492856904173175,1.49180089170082,0.0446428571428571,0.207002516453736,0.198057251847545,2146,"tags=38%, list=21%, signal=30%","3688/54331/2787/2773/5566/113/115/6464/5577",0.287857117255149
"R-HSA-445095","Interaction between L1 and Ankyrins",5,0.755063211424676,1.49010064798253,0.0504672897196262,0.223125407520104,0.213483419370276,257,"tags=40%, list=3%, signal=39%","60/71",0.276500599254472
"R-HSA-977444","GABA B receptor activation",14,0.552481826952837,1.48975943478164,0.0572450805008945,0.244865831842576,0.234284367924303,1410,"tags=36%, list=14%, signal=31%","54331/2787/2773/113/115",0.252961123069611
"R-HSA-991365","Activation of GABAB receptors",14,0.552481826952837,1.48975943478164,0.0572450805008945,0.244865831842576,0.234284367924303,1410,"tags=36%, list=14%, signal=31%","54331/2787/2773/113/115",0.252961123069611
"R-HSA-1169410","Antimicrobial mechanism of IFN-stimulated genes",133,0.341596336746395,1.48915992642841,0.0119621244903616,0.0787199807808026,0.0753182295850101,1924,"tags=26%, list=19%, signal=22%","8638/115362/2633/2634/60/7334/71/834/7280/7341/10376/5045/3312/115361/6772/5518/4938/8086/54920/317649/9246/4940/5519/91442/6233/8575/8480/9470/5611/10383/4869/6396/3608/7314/7329",0.380730400722792
"R-HSA-6785807","Interleukin-4 and Interleukin-13 signaling",57,0.396150630840216,1.48676506729535,0.0290299161839238,0.154255237859297,0.147589357930969,1803,"tags=37%, list=18%, signal=30%","3688/7076/301/5008/7412/6095/7184/3561/598/3312/149233/6772/3383/332/3566/51561/10538/356/3689/1901/6935",0.352487857583619
"R-HSA-373755","Semaphorin interactions",42,0.419372252120558,1.48606455325023,0.0348660852460741,0.174943905736167,0.167383999920238,1245,"tags=21%, list=12%, signal=19%","7305/3688/4637/1072/103910/8482/389/387/3984",0.321775918075361
"R-HSA-8964038","LDL clearance",15,-0.522480992219349,-1.4847746196296,0.0696419720268483,0.281333497759691,0.269176145167274,410,"tags=27%, list=4%, signal=26%","161/51599/1211/26119",0.287805130535564
"R-HSA-9839923","Dengue Virus Infection",287,0.313375370796718,1.48421342533823,0.00104914406567396,0.0101417259681816,0.00970346838608531,2049,"tags=29%, list=20%, signal=24%","1191/11314/90701/58505/6637/1603/60559/8818/9789/6632/7341/5045/689/3312/1650/3309/10286/6185/51234/3185/1175/9410/10262/4061/9343/6635/10313/10189/3188/1478/51726/335/1616/746/550/6184/7317/6628/51639/440400/5434/1477/27339/317649/6633/6629/10921/28972/79577/6634/10525/8896/5435/5440/100128731/5436/8813/10421/7251/6233/9646/84844/5441/1173/5611/6636/3703/56259/23478/4666/5439/5356/5438/7314/10084/9532/55615/7329/6627/220988/11052/3320/7307/10978",0.45505986738723
"R-HSA-202433","Generation of second messenger molecules",27,0.459634993635879,1.48319390332633,0.054006968641115,0.233939046442906,0.223829765125934,2192,"tags=44%, list=22%, signal=35%","27040/3932/3122/3123/920/3113/3115/9402/915/3937/919/7454",0.257206466468838
"R-HSA-1566948","Elastic fibre formation",10,0.599266015682941,1.48199092959339,0.0673758865248227,0.275131603446233,0.2632422552561,365,"tags=20%, list=4%, signal=19%","3688/5045",0.231126709673834
"R-HSA-8878171","Transcriptional regulation by RUNX1",132,0.340153681327798,1.48031849011998,0.0123246131112816,0.0804863092877973,0.0770082291847663,1847,"tags=30%, list=18%, signal=25%","3958/5687/5689/5702/5685/5704/5691/5690/5683/5694/3276/6605/3065/83737/5714/5682/894/9861/11047/5713/5588/5695/5705/1911/5719/5700/84661/10213/5686/6233/5692/5684/1912/86/9757/55170/5688/8312/3558/7314",0.380730400722792
"R-HSA-9609507","Protein localization",142,0.334202492605478,1.47973460544191,0.0114164797893849,0.0758499973709806,0.0725722676675643,2770,"tags=43%, list=28%, signal=32%","10901/5621/10952/23480/9409/6804/100287932/4714/6342/10440/373156/8799/847/3313/55825/51025/293/10245/84269/51142/283927/90639/7323/401505/51024/26521/6233/79145/56993/23203/8604/10063/4580/10005/7314/29928/1678/9512/3295/215/54469/50/225/8310/10651/388753/5828/25813/54332/9804/29090/26517/4358/3421/56942/83752/7416/7917/6811/131118/8443",0.380730400722792
"R-HSA-975155","MyD88 dependent cascade initiated on endosome",86,-0.344422775256996,-1.4796541780345,0.0129074435891379,0.0836539241705112,0.0800389609330052,1452,"tags=27%, list=14%, signal=23%","8517/841/57162/5609/7186/10392/5594/1846/23291/9097/5515/4793/9683/79155/5608/5604/5606/2353/9684/8767/3725/3665/4792",0.380730400722792
"R-HSA-9694548","Maturation of spike protein",37,0.432066956898031,1.47708138007688,0.0415973377703827,0.198253607033774,0.189686411791752,1246,"tags=32%, list=12%, signal=29%","58505/51125/1603/6480/1650/6185/51201/25921/746/6184/55741/100128731",0.287857117255149
"R-HSA-450341","Activation of the AP-1 family of transcription factors",9,-0.620653784347624,-1.47661206790462,0.0726141078838174,0.287598931919471,0.275170829157481,1105,"tags=33%, list=11%, signal=30%","5594/2353/3725",0.241339976815091
"R-HSA-159418","Recycling of bile acids and salts",6,0.701234374816556,1.47558335464864,0.0499075785582255,0.222207792207792,0.212605457255983,1256,"tags=33%, list=13%, signal=29%","6256/200931",0.276500599254472
"R-HSA-6807878","COPI-mediated anterograde transport",76,0.374218258677388,1.4745488453902,0.03376088483273,0.171919267704765,0.164490066519834,2151,"tags=36%, list=21%, signal=28%","7280/8655/10376/11316/375/81876/966/54732/377/10671/10959/832/8775/22820/11258/10972/22818/55860/26286/10282/25839/10383/1315/5861/9570/84516/10540",0.321775918075361
"R-HSA-9933947","Formation of the non-canonical BAF (ncBAF) complex",14,-0.530143333799359,-1.47409973501936,0.0857787810383747,0.324706845921812,0.310675187244554,1449,"tags=50%, list=14%, signal=43%","9275/6604/6599/6603/6602/65980/9274",0.231126709673834
"R-HSA-2454202","Fc epsilon receptor (FCERI) signaling",110,0.354452648843533,1.47274686334941,0.00761208536797595,0.0552308616236338,0.0528441530941182,1639,"tags=35%, list=16%, signal=30%","27040/2207/5687/7334/5689/7462/5702/5685/8945/5704/5691/5690/6654/5683/5694/23118/84433/4775/5714/5682/9861/11047/805/5713/5588/5695/5705/5719/5700/9402/10213/8454/5686/6233/5692/5684/3937/7410/801",0.407017918923954
"R-HSA-9768759","Regulation of NPAS4 gene expression",11,-0.564421914646219,-1.47268792678946,0.0652173913043478,0.270186335403727,0.258510688631077,1905,"tags=55%, list=19%, signal=44%","2908/192669/5978/27327/26523/27161",0.261663521711573
"R-HSA-77588","SLBP Dependent Processing of Replication-Dependent Histone Pre-mRNAs",11,0.59766436134227,1.47087899428925,0.0701107011070111,0.282257434339049,0.27006015538572,2391,"tags=73%, list=24%, signal=55%","6637/6635/6628/6634/6636/25888/84967/22916",0.231126709673834
"R-HSA-109581","Apoptosis",133,0.337205936453511,1.47002035297919,0.0144580637092077,0.091961884782358,0.0879879070396956,2434,"tags=38%, list=24%, signal=29%","5687/10134/5689/598/5702/5685/5704/8655/5691/5690/3002/5683/5694/8743/8428/840/5714/5682/9861/572/11047/5713/5588/5695/5705/355/51074/5719/5700/578/10213/5686/6233/5692/5684/1869/356/10971/5688/28988/7314/118/54205/90427/5718/5706/63967/5701/148022/581/10059",0.380730400722792
"R-HSA-1368108","BMAL1:CLOCK,NPAS2 activates circadian expression",19,0.507653198817225,1.46745532531265,0.0532859680284192,0.231401754559962,0.22140211803217,548,"tags=16%, list=5%, signal=15%","8553/6256/80205",0.261663521711573
"R-HSA-375276","Peptide ligand-binding receptors",36,0.437778328120307,1.46744949051529,0.0463576158940397,0.2124,0.203221492246063,1331,"tags=31%, list=13%, signal=27%","6370/301/1235/2833/10911/10316/5660/719/6752/1889/1234",0.271288554688953
"R-HSA-190828","Gap junction trafficking",14,0.544014453284295,1.46692728140547,0.0661896243291592,0.272892643920943,0.261100048590337,1612,"tags=50%, list=16%, signal=42%","60/71/7280/10376/4646/1173/10383",0.234392647294686
"R-HSA-446652","Interleukin-1 family signaling",106,0.353448771912957,1.46489204495906,0.0100415491545711,0.0687243624138843,0.065754555006633,1481,"tags=32%, list=15%, signal=28%","5687/4791/7334/5689/834/5702/5685/8945/5704/5691/5690/5683/5694/23118/5714/5682/9861/11047/80216/5713/5695/5705/5719/9978/5700/5778/10213/8454/4615/5686/6233/5692/1326/5684",0.380730400722792
"R-HSA-2187338","Visual phototransduction",36,0.436707925273378,1.46386145974384,0.0480132450331126,0.216472672064777,0.207118170656764,1892,"tags=25%, list=19%, signal=20%","8787/5145/805/335/5588/801/5578/29967/7804",0.266350657088526
"R-HSA-373076","Class A/1 (Rhodopsin-like receptors)",62,0.388244737097099,1.46225485367068,0.0266079987608766,0.144083942932655,0.13785759835909,979,"tags=26%, list=10%, signal=23%","6370/301/1235/2833/10911/5732/8477/154/10316/8111/10800/5660/29933/719/27334/6752",0.352487857583619
"R-HSA-9943411","CHD1 and CHD2 subfamily",39,0.428952756798132,1.46214159732366,0.0434782608695652,0.202803434712369,0.194039626341218,2458,"tags=44%, list=25%, signal=33%","6637/6632/10262/6635/6628/51639/6633/6629/79577/6634/9646/84844/6636/6627/22827/83443/10992",0.287857117255149
"R-HSA-877300","Interferon gamma signaling",73,0.37417170463795,1.46081671180529,0.0340526268566568,0.172736805422431,0.165272275723938,1114,"tags=27%, list=11%, signal=25%","8638/115362/2633/4684/2634/7412/3659/3122/7341/4502/115361/6772/3383/3123/567/4938/6737/3113/3115/4940",0.321775918075361
"R-HSA-192105","Synthesis of bile acids and bile salts",15,0.540547110587621,1.4605554649191,0.0612959719789842,0.260241707335092,0.248995800891246,1938,"tags=40%, list=19%, signal=32%","6256/6342/10858/114883/10005/3295",0.241339976815091
"R-HSA-9609736","Assembly and cell surface presentation of NMDA receptors",13,0.561375457850665,1.46053527673879,0.0807899461400359,0.309936318039465,0.29654294281182,1612,"tags=38%, list=16%, signal=32%","7280/10376/8573/55327/10383",0.211400189384923
"R-HSA-73887","Death Receptor Signaling",121,-0.320556046239031,-1.46051701463593,0.00982441319088656,0.0680574637434304,0.065116475237393,824,"tags=17%, list=8%, signal=16%","90268/23421/55512/6610/8878/9138/8837/7322/5879/7321/8717/8797/10273/8767/81858/7074/142678/11214/10451/10018/4792",0.380730400722792
"R-HSA-193639","p75NTR signals via NF-kB",14,-0.524641450160897,-1.45880137192303,0.0880361173814898,0.330328501841511,0.316053912785492,573,"tags=21%, list=6%, signal=20%","8878/8767/4792",0.227987202850442
"R-HSA-933542","TRAF6 mediated NF-kB activation",21,-0.46719491564336,-1.45848789896043,0.0627906976744186,0.262589714780933,0.2512423431556,1452,"tags=29%, list=14%, signal=24%","8517/7186/4793/84282/89122/4792",0.276500599254472
"R-HSA-168164","Toll Like Receptor 3 (TLR3) Cascade",96,-0.331200294348899,-1.45847370499743,0.012765241987917,0.0830468784841292,0.0794581477020821,1452,"tags=25%, list=14%, signal=22%","8517/841/5609/7186/10392/5594/1846/23291/9097/5515/4793/9683/79155/5608/7322/7321/5604/5606/2353/9684/8767/3725/3665/4792",0.380730400722792
"R-HSA-198725","Nuclear Events (kinase and transcription factor activation)",48,-0.384122124255561,-1.45774000891782,0.0341421218633714,0.172736805422431,0.165272275723938,2518,"tags=42%, list=25%, signal=31%","1959/6446/1432/7166/1785/9261/5598/1848/8851/5978/3727/4066/5594/1846/5515/4664/2353/2354/1958/3726",0.321775918075361
"R-HSA-157858","Gap junction trafficking and regulation",15,0.53939450227115,1.4574411232779,0.0612959719789842,0.260241707335092,0.248995800891246,1612,"tags=47%, list=16%, signal=39%","60/71/7280/10376/4646/1173/10383",0.241339976815091
"R-HSA-112314","Neurotransmitter receptors and postsynaptic signal transmission",80,0.364863740737416,1.45700009096243,0.0192287648402145,0.116255889192957,0.111232087025357,1688,"tags=28%, list=17%, signal=23%","54331/27020/7280/10376/1175/5564/4646/805/8573/2787/55327/2773/5566/113/5571/1173/115/5924/10383/801/5578/5613",0.352487857583619
"R-HSA-164952","The role of Nef in HIV-1 replication and disease pathogenesis",26,0.470451059528047,1.45598043407454,0.0523465703971119,0.229066449998615,0.219167729718582,1409,"tags=38%, list=14%, signal=33%","3932/375/1175/1174/567/130340/920/926/8907/1173",0.266350657088526
"R-HSA-112315","Transmission across Chemical Synapses",100,0.35047768905566,1.45597140910537,0.0162006729945317,0.101546914414685,0.0971587357831238,1688,"tags=28%, list=17%, signal=24%","2752/54331/27020/7280/6804/10376/3312/1175/10550/5564/4646/805/8573/1312/2787/55327/2773/5566/113/5864/5571/1173/115/5924/10383/801/5578/5613",0.352487857583619
"R-HSA-166016","Toll Like Receptor 4 (TLR4) Cascade",109,-0.323522681939535,-1.45085483929597,0.0107102314049447,0.0721464800545684,0.0690287916054155,1452,"tags=24%, list=14%, signal=21%","8517/841/57162/5609/7186/10392/5594/1846/23291/9097/5515/4793/9683/79155/5608/7322/7321/5604/5606/2353/9684/8767/3725/3665/8651/4792",0.380730400722792
"R-HSA-9758274","Regulation of NF-kappa B signaling",18,-0.481488602512391,-1.45002805534729,0.0697167755991285,0.281333497759691,0.269176145167274,1819,"tags=44%, list=18%, signal=36%","79671/11274/8517/841/7186/9097/9683/9684",0.252961123069611
"R-HSA-2029482","Regulation of actin dynamics for phagocytic cup formation",50,0.391162585003421,1.44961064984801,0.0418138036783056,0.198253699127001,0.189686499905326,2208,"tags=40%, list=22%, signal=31%","2214/60/10095/1072/71/55845/10092/10096/10109/10094/3984/10006/10093/7410/147179/3320/919/10552/7454/998",0.321775918075361
"R-HSA-9662851","Anti-inflammatory response favouring Leishmania parasite infection",48,0.397842314125472,1.44819378901035,0.0634687279613124,0.263580081412149,0.252189912763257,1688,"tags=27%, list=17%, signal=23%","2268/54331/2214/5045/10800/805/2787/2773/5566/113/115/801/5613",0.287805130535564
"R-HSA-9664433","Leishmania parasite growth and survival",48,0.397842314125472,1.44819378901035,0.0634687279613124,0.263580081412149,0.252189912763257,1688,"tags=27%, list=17%, signal=23%","2268/54331/2214/5045/10800/805/2787/2773/5566/113/115/801/5613",0.287805130535564
"R-HSA-500792","GPCR ligand binding",80,0.36243365785506,1.44729610948846,0.0214107176220753,0.125889133509866,0.120449046937094,979,"tags=24%, list=10%, signal=22%","6370/301/1235/2833/10911/5732/8477/54331/154/5727/10316/8111/10800/5660/29933/719/27334/2787/6752",0.352487857583619
"R-HSA-9692914","SARS-CoV-1-host interactions",83,0.362782584667545,1.44407812383818,0.0241018859015706,0.136550750919163,0.130649940532547,2752,"tags=45%, list=27%, signal=33%","6231/6204/834/598/5479/51065/6208/83737/6203/6222/9111/6191/29108/6233/6194/6223/6209/4869/10971/6207/7314/11035/7329/5478/5706/6189/3178/5970/7189/9641/6229/6228/7534/2033/6188/7529/3838",0.352487857583619
"R-HSA-9932451","SWI/SNF chromatin remodelers",25,-0.445555038752701,-1.4411559363655,0.0765765765765766,0.298629229674515,0.285724471199375,1457,"tags=40%, list=15%, signal=34%","55193/9275/8289/6604/6599/6603/29117/6602/65980/9274",0.245041785430996
"R-HSA-2197563","NOTCH2 intracellular domain regulates transcription",7,0.646375283919945,1.44095462330709,0.103636363636364,0.371512962439599,0.355458656382915,441,"tags=29%, list=4%, signal=27%","4853/3002",0.186432558434075
"R-HSA-1445148","Translocation of SLC2A4 (GLUT4) to the plasma membrane",56,0.393391506460286,1.44022258136307,0.029298341616894,0.154720563291684,0.14803457510964,1732,"tags=30%, list=17%, signal=25%","60/4218/71/7280/10376/8766/5564/805/6814/6810/23433/11127/5571/10640/10383/801/10971",0.352487857583619
"R-HSA-451927","Interleukin-2 family signaling",32,0.432783709873629,1.4400676196605,0.0672727272727273,0.275131603446233,0.2632422552561,793,"tags=22%, list=8%, signal=20%","5293/3932/3561/3560/6654/6772/50615",0.234392647294686
"R-HSA-5696399","Global Genome Nucleotide Excision Repair (GG-NER)",82,0.357979668625436,1.43987369762652,0.0297790915638747,0.155816592250121,0.149083241025264,2558,"tags=40%, list=26%, signal=30%","60/7334/7341/7336/6613/51138/10445/7515/5111/9978/6117/10920/6233/6612/5982/86/8533/5984/7314/93973/7329/57804/6119/9318/2067/29844/6118/2873/10980/54107/2071/8607/5886",0.352487857583619
"R-HSA-193648","NRAGE signals death through JNK",36,-0.406903001690674,-1.43912357988738,0.036151748961416,0.17877353315891,0.171048136453177,502,"tags=17%, list=5%, signal=16%","9138/5879/7074/11214/10451/10018",0.321775918075361
"R-HSA-8963898","Plasma lipoprotein assembly",7,0.645499207953588,1.43900160043401,0.103636363636364,0.371512962439599,0.355458656382915,1613,"tags=43%, list=16%, signal=36%","335/5566/51128",0.186432558434075
"R-HSA-71240","Tryptophan catabolism",4,-0.747315423809651,-1.43608449768193,0.101030927835052,0.369367345140541,0.353405758316513,19,"tags=25%, list=0%, signal=25%","8140",0.20207170902116
"R-HSA-2029480","Fcgamma receptor (FCGR) dependent phagocytosis",70,0.373188379511785,1.43577031773547,0.0425420793214457,0.201075960549706,0.192386802060837,2208,"tags=34%, list=22%, signal=27%","2268/2214/60/10095/1072/71/55845/10092/10096/10109/10094/5338/3984/10006/10093/7410/147179/23646/84513/3320/919/10552/7454/998",0.321775918075361
"R-HSA-918233","TRAF3-dependent IRF activation pathway",13,-0.533576347517503,-1.43220527281318,0.0831460674157303,0.316843922824754,0.303152047107077,978,"tags=23%, list=10%, signal=21%","84282/89122/3665",0.234392647294686
"R-HSA-166520","Signaling by NTRKs",96,-0.32502469019863,-1.43127881290548,0.0170559913412291,0.10497410498145,0.100437826090043,2043,"tags=31%, list=20%, signal=25%","1785/9261/25920/5598/1848/3265/8851/5978/160/5607/3727/4066/5594/1846/5515/5295/2885/673/4664/5879/2534/161/5604/1398/2353/7074/1211/2354/1958/3726",0.352487857583619
"R-HSA-446203","Asparagine N-linked glycosylation",250,0.303232303701622,1.43035173975406,0.00651478857000166,0.0491048601025235,0.0469828763962759,3026,"tags=40%, list=30%, signal=28%","58505/1603/1075/8818/79644/29880/7280/6480/8655/10376/6048/11316/375/81876/1650/58485/966/10960/54732/51009/6185/2517/5476/377/10671/10959/29926/832/9526/79090/8775/9919/746/6184/22820/55741/55577/11258/91869/10972/5700/9334/10956/282969/22818/100128731/55860/8813/6233/22845/26286/10282/25839/3703/51399/10383/51128/64841/5973/6396/7314/1315/8790/79796/9117/5861/9570/79053/84516/10540/22870/10175/23256/140838/55014/5238/6483/83548/84364/6399/6811/79087/6400/11282/8729/27095/51035/84061/5537/10121/79139/1798/7903/829/9276/8704/3998/11253/7316",0.407017918923954
"R-HSA-418594","G alpha (i) signalling events",106,0.345038397473269,1.43003468629532,0.0157516092858819,0.0994501973732246,0.0951526248321668,1688,"tags=27%, list=17%, signal=23%","8787/6370/301/1235/2833/54331/5499/5141/10287/5143/10316/63940/5660/5518/805/719/2787/6752/2773/5566/5519/113/1234/115/53637/6004/801/5578/5613",0.352487857583619
"R-HSA-9679191","Potential therapeutics for SARS",80,0.357925438093141,1.42929356259268,0.0246836522397272,0.138926740072938,0.132923255322521,1584,"tags=29%, list=16%, signal=24%","481/3688/5045/203068/6654/3065/1175/10284/54815/10800/3614/974/23186/1312/1108/9978/3676/51185/57504/1173/51317/3615/5931",0.352487857583619
"R-HSA-5656169","Termination of translesion DNA synthesis",29,0.442046482342603,1.42885314471778,0.0627177700348432,0.262589714780933,0.2512423431556,3026,"tags=59%, list=30%, signal=41%","11201/5111/9246/6117/6233/5982/5984/7314/57804/6119/6118/54107/9636/9100/56655/5425/7316",0.237793834423688
"R-HSA-1251985","Nuclear signaling by ERBB4",15,0.528523993188685,1.42806906460648,0.0788091068301226,0.30438460899851,0.291231141513238,1766,"tags=40%, list=18%, signal=33%","3925/55851/23118/11033/51107/23385",0.211400189384923
"R-HSA-72165","mRNA Splicing - Minor Pathway",50,0.385287778772641,1.42783918702301,0.0503471125286834,0.223125407520104,0.213483419370276,2458,"tags=46%, list=25%, signal=35%","6637/6632/9410/10262/9343/6635/6628/11066/51639/5434/6633/6634/5435/5440/5436/5441/6636/5439/5438/5432/22916/83443/10992",0.321775918075361
"R-HSA-9679506","SARS-CoV Infections",333,0.29647378409346,1.42542714770069,0.00146396314483386,0.0135396807611391,0.0129545862938513,2057,"tags=29%, list=21%, signal=24%","481/3688/6231/79760/58505/6637/51125/1603/6204/7334/834/598/5479/6480/6632/7341/5045/203068/6733/51065/1650/6654/6208/23118/6185/3276/3065/83737/1175/10284/6772/54815/54960/6203/10800/3614/6222/567/6635/974/8086/51201/25921/7284/746/6184/23186/1312/6628/55741/1108/9978/9111/6191/6633/6634/3676/51185/7555/100128731/29108/6233/57504/1173/51317/8480/6194/3615/6636/3703/6223/5931/51128/79643/6209/9908/4869/10971/11311/6396/1901/6207/83666/6606/27243/7314/11035/253832/54625/7329/55129/25855/2589/3320/5478/10146",0.45505986738723
"R-HSA-9937080","Developmental Lineage of Multipotent Pancreatic Progenitor Cells",2,-0.933521116323406,-1.42380407428052,0.0169243204038878,0.104918522503812,0.100384645515428,343,"tags=50%, list=3%, signal=48%","7852",0.352487857583619
"R-HSA-9734779","Developmental Cell Lineages of the Integumentary System",19,0.492514718102363,1.42369504921486,0.0603907637655417,0.257677298760204,0.246542208907643,109,"tags=16%, list=1%, signal=16%","3688/3856/3875",0.245041785430996
"R-HSA-166166","MyD88-independent TLR4 cascade",97,-0.327806388236271,-1.42313976177031,0.0265825080670104,0.144083942932655,0.13785759835909,1452,"tags=25%, list=14%, signal=21%","8517/841/5609/7186/10392/5594/1846/23291/9097/5515/4793/9683/79155/5608/7322/7321/5604/5606/2353/9684/8767/3725/3665/4792",0.352487857583619
"R-HSA-937061","TRIF (TICAM1)-mediated TLR4 signaling",97,-0.327806388236271,-1.42313976177031,0.0265825080670104,0.144083942932655,0.13785759835909,1452,"tags=25%, list=14%, signal=21%","8517/841/5609/7186/10392/5594/1846/23291/9097/5515/4793/9683/79155/5608/7322/7321/5604/5606/2353/9684/8767/3725/3665/4792",0.352487857583619
"R-HSA-5173105","O-linked glycosylation",41,-0.386641561708085,-1.42246525146999,0.0616405070049644,0.260412117248133,0.249158846827319,503,"tags=22%, list=5%, signal=21%","6484/170691/148789/79147/2650/10678/11174/63917/10417",0.321775918075361
"R-HSA-1855183","Synthesis of IP2, IP, and Ins in the cytosol",9,-0.596763881562371,-1.41977503630438,0.103734439834025,0.371512962439599,0.355458656382915,3494,"tags=78%, list=35%, signal=51%","55586/3633/3631/51477/66036/3612/3628",0.199915231309662
"R-HSA-9659379","Sensory processing of sound",32,0.424803970712332,1.41351540959032,0.0781818181818182,0.3033312719027,0.290223322603405,2963,"tags=44%, list=30%, signal=31%","60/71/6804/11344/832/8573/5864/286262/4354/64787/5756/4641/490/829",0.216542836735348
"R-HSA-8866907","Activation of the TFAP2 (AP-2) family of transcription factors",5,-0.69651821166701,-1.41319993455439,0.0985010706638116,0.364007196340781,0.3482772393064,15,"tags=20%, list=0%, signal=20%","10370",0.208955027549354
"R-HSA-2682334","EPH-Ephrin signaling",60,0.368254615008799,1.4125969984888,0.0403877221324717,0.193026236225305,0.184684932995987,1590,"tags=37%, list=16%, signal=31%","10627/4637/60/10095/1072/71/103910/55851/10092/10096/10109/10094/1175/2041/387/3984/10093/102/1173/6386/51107/7410",0.287857117255149
"R-HSA-2555396","Mitotic Metaphase and Anaphase",183,0.31428074725878,1.41220185663642,0.0121165879399435,0.0794309653840741,0.0759984901878387,1847,"tags=28%, list=18%, signal=23%","5687/5689/7280/5702/5685/5704/7341/8655/10376/5691/11243/8815/5690/5683/9232/5694/5714/5682/25936/4085/9861/25906/5518/8379/11047/5713/5695/332/5705/246184/22919/5719/5700/10213/5519/5686/6233/79682/348235/5692/5684/10383/79643/5901/26271/7443/6396/5688/51529/27243/7314",0.380730400722792
"R-HSA-190241","FGFR2 ligand binding and activation",4,0.763993244977972,1.41175265393183,0.108317214700193,0.38055596376187,0.36411087965549,34,"tags=25%, list=0%, signal=25%","83888",0.188204146308491
"R-HSA-190377","FGFR2b ligand binding and activation",4,0.763993244977972,1.41175265393183,0.108317214700193,0.38055596376187,0.36411087965549,34,"tags=25%, list=0%, signal=25%","83888",0.188204146308491
"R-HSA-211979","Eicosanoids",2,0.937017549055617,1.41024069109018,0.0206992061662518,0.123213298927201,0.117888844032703,40,"tags=50%, list=0%, signal=50%","6916",0.352487857583619
"R-HSA-5627123","RHO GTPases activate PAKs",19,0.487586469870968,1.40944913462499,0.0621669626998224,0.261345634347411,0.250052023559674,2384,"tags=47%, list=24%, signal=36%","4637/103910/805/3984/801/4659/998/2316/4638",0.241339976815091
"R-HSA-170670","Adenylate cyclase inhibitory pathway",7,0.631495459249096,1.40778325570245,0.125454545454545,0.414387504387504,0.396480447315211,1410,"tags=43%, list=14%, signal=37%","2773/113/115",0.16823816568964
"R-HSA-9931295","PD-L1(CD274) glycosylation and translocation to plasma membrane",18,0.485461688219674,1.40660636826072,0.0939226519337017,0.350112543482709,0.334983020436068,1847,"tags=56%, list=18%, signal=45%","58505/1603/1650/6185/746/6184/100128731/6233/3703/7314",0.197822021315103
"R-HSA-1566977","Fibronectin matrix formation",4,0.760825078955766,1.40589832626683,0.112185686653772,0.386995382791539,0.370272030052887,26,"tags=25%, list=0%, signal=25%","3688",0.184706471207739
"R-HSA-68882","Mitotic Anaphase",182,0.310860921874762,1.4055616687751,0.0170103913919707,0.10497410498145,0.100437826090043,1847,"tags=27%, list=18%, signal=23%","5687/5689/7280/5702/5685/5704/7341/8655/10376/5691/11243/8815/5690/5683/9232/5694/5714/5682/25936/4085/9861/25906/5518/8379/11047/5713/5695/332/5705/246184/22919/5719/5700/10213/5519/5686/6233/79682/348235/5692/5684/10383/79643/5901/7443/6396/5688/51529/27243/7314",0.352487857583619
"R-HSA-1474228","Degradation of the extracellular matrix",35,0.409962016772669,1.404427595131,0.0864197530864197,0.326139444256184,0.312045878258209,1766,"tags=34%, list=18%, signal=28%","7076/1292/5045/823/825/682/101/80781/6650/102/826/23385",0.20207170902116
"R-HSA-168142","Toll Like Receptor 10 (TLR10) Cascade",84,-0.331688840054754,-1.40366885529993,0.0207395850911946,0.123213298927201,0.117888844032703,1452,"tags=26%, list=14%, signal=23%","8517/841/57162/5609/7186/10392/5594/1846/23291/9097/5515/4793/9683/79155/5608/5604/5606/2353/9684/8767/3725/4792",0.352487857583619
"R-HSA-168176","Toll Like Receptor 5 (TLR5) Cascade",84,-0.331688840054754,-1.40366885529993,0.0207395850911946,0.123213298927201,0.117888844032703,1452,"tags=26%, list=14%, signal=23%","8517/841/57162/5609/7186/10392/5594/1846/23291/9097/5515/4793/9683/79155/5608/5604/5606/2353/9684/8767/3725/4792",0.352487857583619
"R-HSA-975871","MyD88 cascade initiated on plasma membrane",84,-0.331688840054754,-1.40366885529993,0.0207395850911946,0.123213298927201,0.117888844032703,1452,"tags=26%, list=14%, signal=23%","8517/841/57162/5609/7186/10392/5594/1846/23291/9097/5515/4793/9683/79155/5608/5604/5606/2353/9684/8767/3725/4792",0.352487857583619
"R-HSA-5620920","Cargo trafficking to the periciliary membrane",47,0.388741619463534,1.40049076386793,0.0752508361204013,0.295307753674327,0.282546527182343,2102,"tags=32%, list=21%, signal=25%","4218/10694/7280/10376/8766/54585/5147/6950/10640/22948/6102/10383/10576/55770/5310",0.211400189384923
"R-HSA-977347","Serine metabolism",7,0.628103957509264,1.40022263227897,0.134545454545455,0.431605185299198,0.412954095186637,2226,"tags=57%, list=22%, signal=44%","5723/26227/63826/10955",0.161978948883402
"R-HSA-9762292","Regulation of CDH11 function",4,0.757384402699251,1.39954043780593,0.117988394584139,0.39688469797667,0.37973399516218,234,"tags=50%, list=2%, signal=49%","8728/1500",0.179782316298324
"R-HSA-8956321","Nucleotide salvage",17,0.494430238735328,1.39541314316834,0.103571428571429,0.371512962439599,0.355458656382915,1904,"tags=53%, list=19%, signal=43%","7378/8226/4860/353/1716/271/3251/54963/100",0.184706471207739
"R-HSA-110373","Resolution of AP sites via the multiple-nucleotide patch replacement pathway",23,0.448752944152624,1.39520225950839,0.0981067125645439,0.363334599995529,0.347633708077768,2973,"tags=57%, list=30%, signal=40%","5111/6117/328/5982/5984/57804/6119/6118/54107/2237/56655/5425/5423",0.186432558434075
"R-HSA-9020558","Interleukin-2 signaling",11,0.566746514791554,1.39478877713463,0.101476014760148,0.369415875009814,0.353452191049339,383,"tags=27%, list=4%, signal=26%","3932/3561/3560",0.190023305279108
"R-HSA-9818030","NFE2L2 regulating tumorigenic genes",9,0.584444350220827,1.39330165510437,0.125,0.413684719535783,0.3958080321255,392,"tags=22%, list=4%, signal=21%","598/4851",0.173747838999571
"R-HSA-9706369","Negative regulation of FLT3",13,0.535527230462981,1.39328572492294,0.114901256732496,0.394771185279719,0.377711814351655,1347,"tags=46%, list=13%, signal=40%","2323/8835/10019/1445/84174/6233",0.175204047558551
"R-HSA-9013418","RHOBTB2 GTPase cycle",22,0.456836585703527,1.3932018732699,0.0811287477954145,0.310021126326178,0.296624086251465,3039,"tags=59%, list=30%, signal=41%","71/23221/4646/10574/908/11140/9352/3320/10576/1627/5756/11329/8452",0.208955027549354
"R-HSA-202733","Cell surface interactions at the vascular wall",69,0.361176641172842,1.39070255354288,0.0528052805280528,0.230243198277549,0.220293626805414,1138,"tags=25%, list=11%, signal=22%","481/3688/9046/51744/2207/6693/6404/3932/4267/962/965/6654/10544/972/3683/682/3676",0.252961123069611
"R-HSA-8940973","RUNX2 regulates osteoblast differentiation",12,-0.522610907341864,-1.39045663012406,0.099537037037037,0.366253484667463,0.350426458071763,2593,"tags=50%, list=26%, signal=37%","10013/865/860/5594/5925/4094",0.216542836735348
"R-HSA-975138","TRAF6 mediated induction of NFkB and MAP kinases upon TLR7/8 or 9 activation",85,-0.326858881289857,-1.38790678629359,0.0285264999076912,0.152527629193936,0.145936404960198,1452,"tags=26%, list=14%, signal=22%","8517/841/57162/5609/7186/10392/5594/1846/23291/9097/5515/4793/9683/79155/5608/5604/5606/2353/9684/8767/3725/4792",0.352487857583619
"R-HSA-9020958","Interleukin-21 signaling",9,0.581863850170223,1.38714980336665,0.130769230769231,0.425982747251268,0.407574621315821,793,"tags=33%, list=8%, signal=31%","3561/6772/50615",0.169570644405628
"R-HSA-8963691","Phenylalanine and tyrosine metabolism",5,0.702620422294102,1.38660595656718,0.0990654205607477,0.365303738317757,0.349517753408663,658,"tags=40%, list=7%, signal=37%","259307/2184",0.193813302725311
"R-HSA-982772","Growth hormone receptor signaling",17,0.49084295588394,1.38528888043738,0.107142857142857,0.379547471162378,0.363145967362703,638,"tags=24%, list=6%, signal=22%","1154/8835/8660/6772",0.181383128498408
"R-HSA-193704","p75 NTR receptor-mediated signalling",69,-0.338489648715647,-1.38481907945526,0.038884083233284,0.186883894416149,0.178808022128086,749,"tags=16%, list=7%, signal=15%","23421/6610/8878/9138/5879/8767/7074/11214/10451/10018/4792",0.321775918075361
"R-HSA-69620","Cell Cycle Checkpoints",210,0.306958234266053,1.383341228359,0.00998277140266059,0.0685964733733023,0.0656321924752347,2350,"tags=32%, list=23%, signal=25%","5687/7334/5689/5702/5685/8945/5704/8655/5691/7336/11243/5690/5683/5694/5714/5682/25936/4085/9861/25906/5518/8379/11047/5713/5695/332/5705/29086/246184/22919/5719/9978/5700/10524/10213/5810/5519/8454/6117/7486/5686/6233/79682/348235/5692/5684/5982/5001/5984/10971/6396/5688/51529/165918/7314/6119/580/1017/10393/8317/6118/5718/5706/4172/29945/55920/63967/5701",0.380730400722792
"R-HSA-9733458","Induction of Cell-Cell Fusion",5,0.699733182561645,1.38090805242999,0.106542056074766,0.378202194904409,0.361858824949202,1937,"tags=40%, list=19%, signal=32%","5045/55129",0.186432558434075
"R-HSA-8849471","PTK6 Regulates RHO GTPases, RAS GTPase and MAP kinases",12,-0.518928206023577,-1.38065844873741,0.101851851851852,0.369996854604073,0.354008064590346,697,"tags=33%, list=7%, signal=31%","2909/5879/1398/5921",0.213927855492356
"R-HSA-176187","Activation of ATR in response to replication stress",29,0.427011487017113,1.38025463481041,0.0853658536585366,0.323860256340923,0.309865181604496,3149,"tags=52%, list=31%, signal=36%","5810/6117/5982/5001/5984/6119/1017/8317/6118/4172/63967/3364/4173/4176/1111",0.20207170902116
"R-HSA-166658","Complement cascade",10,0.558050651552645,1.38006491643314,0.131205673758865,0.425982747251268,0.407574621315821,844,"tags=40%, list=8%, signal=37%","1191/966/3004/719",0.161978948883402
"R-HSA-428542","Regulation of commissural axon pathfinding by SLIT and ROBO",2,-0.90483004293105,-1.3800445208251,0.0756972111553785,0.296379698596917,0.283572149813107,368,"tags=50%, list=4%, signal=48%","4753",0.231126709673834
"R-HSA-933541","TRAF6 mediated IRF7 activation",15,-0.485341928675807,-1.37923367217421,0.0835266821345708,0.317587006960557,0.303863020115279,1281,"tags=27%, list=13%, signal=23%","7186/84282/89122/3665",0.237793834423688
"R-HSA-9662360","Sensory processing of sound by inner hair cells of the cochlea",30,0.425809127909135,1.37773940108583,0.0811744386873921,0.310021126326178,0.296624086251465,2963,"tags=43%, list=30%, signal=31%","60/71/6804/11344/832/8573/5864/286262/64787/5756/4641/490/829",0.206587922696891
"R-HSA-71064","Lysine catabolism",6,-0.64087218394033,-1.37517517012462,0.132321041214751,0.427979776027293,0.409485351861594,303,"tags=33%, list=3%, signal=32%","10157/85007",0.179782316298324
"R-HSA-380108","Chemokine receptors bind chemokines",18,0.474166162991211,1.37387802304882,0.116022099447514,0.39623515400139,0.379112520134233,72,"tags=17%, list=1%, signal=17%","6370/1235/2833",0.176694268938498
"R-HSA-5675221","Negative regulation of MAPK pathway",40,-0.374667762640867,-1.37117221081609,0.0661764705882353,0.272892643920943,0.261100048590337,1875,"tags=32%, list=19%, signal=27%","8844/1848/3265/5527/8315/5594/1846/5515/4140/673/5604/1843/1844",0.276500599254472
"R-HSA-6781827","Transcription-Coupled Nucleotide Excision Repair (TC-NER)",74,0.353165747782799,1.37095623583209,0.0512,0.225781443298969,0.21602467904278,3195,"tags=51%, list=32%, signal=35%","51138/7515/5111/5434/27339/9978/5435/5440/5436/6117/10920/6233/5441/5982/8533/5984/5439/5438/7314/57804/6119/9318/2067/5432/6118/2873/10980/54107/2071/1161/8178/91603/56655/5425/7316/57461/8450/1642",0.252961123069611
"R-HSA-209560","NF-kB is activated and signals survival",11,-0.524691698811279,-1.36902396961386,0.128260869565217,0.421217558207461,0.403015351879299,573,"tags=18%, list=6%, signal=17%","8878/4792",0.183023938384487
"R-HSA-373760","L1CAM interactions",53,0.374905654952929,1.36844003217894,0.0719178082191781,0.286165976425613,0.273799796418385,1612,"tags=26%, list=16%, signal=22%","3688/4684/60/71/7280/10376/3312/1175/11313/9252/1173/6386/7410/10383",0.219250346703755
"R-HSA-429947","Deadenylation of mRNA",17,-0.474845319829956,-1.36803696810024,0.108597285067873,0.38075810399822,0.364304284742467,946,"tags=29%, list=9%, signal=27%","4849/55571/1975/246175/9775",0.204294756516886
"R-HSA-5693607","Processing of DNA double-strand break ends",54,0.363569377588744,1.36558125956671,0.0787671232876712,0.30438460899851,0.291231141513238,2616,"tags=43%, list=26%, signal=32%","7334/7336/6613/29086/10524/5810/6117/7486/6233/5982/5984/165918/7314/7329/6119/580/1017/51548/6118/8914/63967/3364/6047",0.208955027549354
"R-HSA-8851708","Signaling by FGFR2 IIIa TM",16,0.491823646566609,1.36371268332496,0.10989010989011,0.383718322493833,0.367136582388667,2391,"tags=56%, list=24%, signal=43%","5434/5435/5440/5436/5441/5439/5438/5432/22916",0.181383128498408
"R-HSA-3322077","Glycogen synthesis",9,0.571712504784458,1.36294923350542,0.148076923076923,0.456895695158606,0.4371517183189,1847,"tags=44%, list=18%, signal=36%","5236/2992/6233/7314",0.158514105424824
"R-HSA-1538133","G0 and Early G1",19,0.47102870725195,1.3615861900259,0.0799289520426288,0.307595505617978,0.294303284650978,2530,"tags=53%, list=25%, signal=39%","3065/5111/7153/1869/4149/132660/1017/4609/5933/5928",0.211400189384923
"R-HSA-167242","Abortive elongation of HIV-1 transcript in the absence of Tat",23,0.437842310238549,1.36128038492698,0.110154905335628,0.383806228373702,0.367220689564205,2391,"tags=52%, list=24%, signal=40%","6827/5434/5435/5440/5436/5441/5439/5438/7936/51497/5432/22916",0.175204047558551
"R-HSA-9764790","Positive Regulation of CDH1 Gene Transcription",7,-0.61636707454726,-1.36105918474233,0.148230088495575,0.456895695158606,0.4371517183189,1033,"tags=43%, list=10%, signal=38%","8289/5925/687",0.170932335370056
"R-HSA-1461973","Defensins",2,0.903640897755611,1.36000778793588,0.062,0.261285714285714,0.24999469284238,968,"tags=100%, list=10%, signal=90%","1235/920",0.257206466468838
"R-HSA-169893","Prolonged ERK activation events",12,-0.510934652174264,-1.35939082919123,0.115740740740741,0.396064814814815,0.378949541868302,1105,"tags=33%, list=11%, signal=30%","5594/673/5604/1398",0.199915231309662
"R-HSA-5683057","MAPK family signaling cascades",187,0.302505942382,1.35845714800902,0.0379008746355685,0.184753266385919,0.176769465594543,1523,"tags=27%, list=15%, signal=24%","2323/4684/27040/5687/51125/60/3561/71/5689/598/409/5702/5685/5704/5691/3560/5690/6654/5683/5694/7414/369/8660/5714/5682/9861/402/5518/1847/11047/805/1445/5713/28956/5588/5695/5705/5719/9978/5700/5147/5778/5566/10213/5519/5686/6233/5692/5684/5924/1849",0.282013350011725
"R-HSA-187037","Signaling by NTRK1 (TRKA)",88,-0.310394783723774,-1.35683314886278,0.0469795274188062,0.213657564644004,0.204424713355057,2043,"tags=30%, list=20%, signal=24%","1785/9261/5598/1848/3265/8851/5978/160/5607/3727/4066/5594/1846/5515/5295/2885/673/4664/161/5604/1398/2353/1211/2354/1958/3726",0.321775918075361
"R-HSA-8875555","MET activates RAP1 and RAC1",7,-0.613908254393941,-1.35562962840893,0.152654867256637,0.458395989974937,0.438587180425227,681,"tags=43%, list=7%, signal=40%","2885/5879/1398",0.16823816568964
"R-HSA-211897","Cytochrome P450 - arranged by substrate type",19,0.468938040066207,1.35554277160103,0.0870337477797513,0.327285148244296,0.313142072580884,2024,"tags=32%, list=20%, signal=25%","6916/6256/10858/120227/196/57491",0.20207170902116
"R-HSA-392170","ADP signalling through P2Y purinoceptor 12",9,0.56836090428056,1.35495909633057,0.15,0.456895695158606,0.4371517183189,1180,"tags=33%, list=12%, signal=29%","54331/2787/2773",0.157402899305283
"R-HSA-70263","Gluconeogenesis",15,0.501287400662512,1.35447593408982,0.120840630472855,0.40303765836073,0.38562106574118,3156,"tags=67%, list=31%, signal=46%","229/226/2023/5106/92579/7167/5230/5223/54020/2542",0.16823816568964
"R-HSA-3299685","Detoxification of Reactive Oxygen Species",26,0.437443546564901,1.35382678370331,0.104693140794224,0.372411567357416,0.356318429604846,2969,"tags=58%, list=30%, signal=41%","4689/7295/2950/2882/847/5052/25824/7001/475/54205/25828/30001/10935/6647/6648",0.184706471207739
"R-HSA-1362277","Transcription of E2F targets under negative control by DREAM complex",16,0.488042328718555,1.35322796762438,0.113553113553114,0.390924300381041,0.374031166095496,2530,"tags=56%, list=25%, signal=42%","3065/5111/7153/1869/4149/132660/4609/5933/5928",0.178219874951973
"R-HSA-5651801","PCNA-Dependent Long Patch Base Excision Repair",20,0.459257191533764,1.35135826238986,0.112068965517241,0.386995382791539,0.370272030052887,2973,"tags=65%, list=30%, signal=46%","5111/6117/328/5982/5984/57804/6119/6118/54107/2237/56655/5425/5423",0.173747838999571
"R-HSA-9937848","CHD chromatin remodelers",83,0.339447526871939,1.35119150825818,0.0711864406779661,0.285245901639344,0.272919481112153,2760,"tags=43%, list=28%, signal=32%","6637/6632/7341/80205/3065/54815/10262/1728/6635/6628/51639/1108/6633/6629/79577/6634/9646/84844/57504/10263/6636/5931/57592/7329/6627/22827/170394/3066/83443/10992/22850/5928/6941/2033/6638/53615",0.219250346703755
"R-HSA-9006115","Signaling by NTRK2 (TRKB)",18,-0.448347491225421,-1.3502218690726,0.122004357298475,0.406127345014962,0.388577236797893,1680,"tags=39%, list=17%, signal=32%","3265/8851/5295/2885/5879/2534/7074",0.188204146308491
"R-HSA-9020956","Interleukin-27 signaling",8,-0.567482954385042,-1.34988870601281,0.117777777777778,0.39688469797667,0.37973399516218,4,"tags=12%, list=0%, signal=13%","3572",0.193813302725311
"R-HSA-6811434","COPI-dependent Golgi-to-ER retrograde traffic",68,0.347497528126723,1.3497026916362,0.0747967479674797,0.29420054200542,0.281487161798221,2053,"tags=34%, list=20%, signal=27%","124602/7280/10376/11316/375/81876/54732/53407/377/10959/8775/22820/10972/11127/22818/60561/26286/6836/10383/55582/1315/5861/3833",0.208955027549354
"R-HSA-381183","ATF6 (ATF6-alpha) activates chaperone genes",10,0.544928832743884,1.3476145255459,0.159574468085106,0.467167235494881,0.446979391364114,1154,"tags=40%, list=12%, signal=35%","7184/3309/1649/4802",0.14551614609036
"R-HSA-5609975","Diseases associated with glycosylation precursor biosynthesis",16,0.485747278647234,1.34686432709392,0.115384615384615,0.395637428703561,0.378540624526992,1392,"tags=31%, list=14%, signal=27%","5236/8818/79644/8813/22845",0.176694268938498
"R-HSA-77289","Mitochondrial Fatty Acid Beta-Oxidation",29,0.41645371970455,1.34612813538481,0.104529616724739,0.372411567357416,0.356318429604846,2720,"tags=41%, list=27%, signal=30%","10449/3032/1622/58488/5095/1892/1666/84693/6296/3030/3033/34",0.181383128498408
"R-HSA-2979096","NOTCH2 Activation and Transmission of Signal to the Nucleus",14,0.49890136425309,1.34528047469138,0.10912343470483,0.38182044331281,0.36532071685538,1847,"tags=50%, list=18%, signal=41%","4853/55851/6233/102/51107/23385/7314",0.179782316298324
"R-HSA-9820952","Respiratory Syncytial Virus Infection Pathway",81,0.333714449714165,1.34410708301733,0.0521885521885522,0.228960545627212,0.219066401825965,3026,"tags=38%, list=30%, signal=27%","90701/5499/60559/10134/9789/5045/3312/5878/9978/9246/28972/84246/6233/219541/23478/9477/892/7314/9439/3320/29079/9636/8678/5868/1460/80306/2033/23097/9443/23389/7316",0.257206466468838
"R-HSA-5663202","Diseases of signal transduction by growth factor receptors and second messengers",329,0.278903488646613,1.34237870783866,0.00808366414972411,0.0576297890007415,0.0551394148707931,2214,"tags=29%, list=22%, signal=23%","2323/7171/5551/5293/57085/5687/60/3932/71/5689/51411/598/409/5702/5685/5704/1523/5691/55851/4851/5690/3002/6654/5683/5694/51009/7414/5880/7046/369/3065/8660/5714/5682/6772/9861/572/5518/9612/11047/805/1445/5713/7170/5695/5705/5434/5719/9978/5700/597/10956/27044/391/10213/5435/5440/23533/5436/5519/8454/5686/6233/102/5441/27436/5692/5684/6194/1849/51107/801/4869/54894/892/11140/5688/23385/5439/5438/8312/7314/55615/5906/11052/6199/3320/55750/4609/11221/6464/5159/5432/5718/5706",0.380730400722792
"R-HSA-6782210","Gap-filling DNA repair synthesis and ligation in TC-NER",60,0.349856907922527,1.34202477820985,0.074313408723748,0.29364952038414,0.28095995164692,3195,"tags=50%, list=32%, signal=34%","7515/5111/5434/27339/9978/5435/5440/5436/6117/6233/5441/5982/5984/5439/5438/7314/57804/6119/5432/6118/54107/2071/1161/91603/56655/5425/7316/57461/8450/1642",0.208955027549354
"R-HSA-1839126","FGFR2 mutant receptor activation",18,0.46243966727352,1.33990095759927,0.136279926335175,0.435841035438289,0.417006900206395,2391,"tags=50%, list=24%, signal=38%","5434/5435/5440/5436/5441/5439/5438/5432/22916",0.161978948883402
"R-HSA-111931","PKA-mediated phosphorylation of CREB",15,0.495754413913277,1.33952583283938,0.12784588441331,0.420662131213795,0.40248392672635,2146,"tags=47%, list=21%, signal=37%","805/5566/113/115/801/5613/5577",0.163180127180689
"R-HSA-5357769","Caspase activation via extrinsic apoptotic signalling pathway",18,-0.444765991984894,-1.33943599719138,0.128540305010893,0.421326555313483,0.403119638859226,2179,"tags=56%, list=22%, signal=44%","8795/836/841/23604/7186/1613/842/8837/8717/8797",0.183023938384487
"R-HSA-75892","Platelet Adhesion to exposed collagen",7,0.600744868257611,1.33923142929306,0.158181818181818,0.467167235494881,0.446979391364114,134,"tags=29%, list=1%, signal=28%","3688/2207",0.148261500475107
"R-HSA-9680350","Signaling by CSF1 (M-CSF) in myeloid cells",27,0.414957631323642,1.33902474232745,0.120209059233449,0.401714258493031,0.384354854366642,1347,"tags=26%, list=13%, signal=23%","5293/1435/139716/6654/6772/9402/6233",0.16823816568964
"R-HSA-9658195","Leishmania infection",115,0.314911959434376,1.33853818227384,0.0436187399030695,0.202803434712369,0.194039626341218,1688,"tags=27%, list=17%, signal=23%","2268/54331/4791/2214/60/10095/71/834/5045/7295/55845/4907/10092/10096/10109/10094/10800/805/719/2787/2773/5566/113/10006/10093/29108/115/7410/801/147179/5613",0.276500599254472
"R-HSA-9824443","Parasitic Infection Pathways",115,0.314911959434376,1.33853818227384,0.0436187399030695,0.202803434712369,0.194039626341218,1688,"tags=27%, list=17%, signal=23%","2268/54331/4791/2214/60/10095/71/834/5045/7295/55845/4907/10092/10096/10109/10094/10800/805/719/2787/2773/5566/113/10006/10093/29108/115/7410/801/147179/5613",0.276500599254472
"R-HSA-191273","Cholesterol biosynthesis",26,-0.408108785787835,-1.33848770980439,0.100446428571429,0.368016786479046,0.352113561769645,1569,"tags=38%, list=16%, signal=33%","2222/4597/51478/1595/1717/6307/3156/6713/1718/3157",0.211400189384923
"R-HSA-912526","Interleukin receptor SHC signaling",18,0.461694116103376,1.33774075206867,0.139963167587477,0.444298663714607,0.425099046341875,453,"tags=22%, list=5%, signal=21%","5293/3561/3560/6654",0.159646701919906
"R-HSA-8984722","Interleukin-35 Signalling",10,-0.520047841107856,-1.33716918900977,0.134703196347032,0.431605185299198,0.412954095186637,4,"tags=10%, list=0%, signal=10%","3572",0.183023938384487
"R-HSA-1963642","PI3K events in ERBB2 signaling",3,-0.784830310293375,-1.33613629995968,0.142857142857143,0.450975224037955,0.43148709037192,966,"tags=67%, list=10%, signal=60%","5295/2885",0.16823816568964
"R-HSA-202430","Translocation of ZAP-70 to Immunological synapse",15,0.49440152285107,1.33587032826699,0.133099824868651,0.429686415755213,0.411118242032188,1286,"tags=47%, list=13%, signal=41%","3932/3122/3123/920/3113/3115/915",0.159646701919906
"R-HSA-2559584","Formation of Senescence-Associated Heterochromatin Foci (SAHF)",9,-0.561278261026996,-1.33535035890602,0.149377593360996,0.456895695158606,0.4371517183189,1842,"tags=44%, list=18%, signal=36%","57634/23523/29855/5925",0.16440575583821
"R-HSA-8851680","Butyrophilin (BTN) family interactions",5,-0.65725817390608,-1.33354331988877,0.160599571734475,0.467744627461814,0.447531832311058,471,"tags=40%, list=5%, signal=38%","11119/11118",0.160801401070022
"R-HSA-191859","snRNP Assembly",52,0.362065450199101,1.32909637812412,0.103789126853377,0.371512962439599,0.355458656382915,3316,"tags=50%, list=33%, signal=34%","79760/6637/6632/54960/6635/8086/6628/6633/6634/10073/8480/6636/6396/6606/79084/23165/22916/51808/53371/11218/79833/1207/23636/9972/4686/23279",0.176694268938498
"R-HSA-194441","Metabolism of non-coding RNA",52,0.362065450199101,1.32909637812412,0.103789126853377,0.371512962439599,0.355458656382915,3316,"tags=50%, list=33%, signal=34%","79760/6637/6632/54960/6635/8086/6628/6633/6634/10073/8480/6636/6396/6606/79084/23165/22916/51808/53371/11218/79833/1207/23636/9972/4686/23279",0.176694268938498
"R-HSA-209968","Thyroxine biosynthesis",2,-0.871366994250619,-1.32900676258275,0.117529880478088,0.39688469797667,0.37973399516218,450,"tags=50%, list=4%, signal=48%","51061",0.183023938384487
"R-HSA-9005891","Loss of function of MECP2 in Rett syndrome",14,0.492472596747365,1.32794539400919,0.118067978533095,0.39688469797667,0.37973399516218,1639,"tags=36%, list=16%, signal=30%","3065/9612/805/5566/801",0.172324344900946
"R-HSA-9005895","Pervasive developmental disorders",14,0.492472596747365,1.32794539400919,0.118067978533095,0.39688469797667,0.37973399516218,1639,"tags=36%, list=16%, signal=30%","3065/9612/805/5566/801",0.172324344900946
"R-HSA-9697154","Disorders of Nervous System Development",14,0.492472596747365,1.32794539400919,0.118067978533095,0.39688469797667,0.37973399516218,1639,"tags=36%, list=16%, signal=30%","3065/9612/805/5566/801",0.172324344900946
"R-HSA-1059683","Interleukin-6 signaling",9,-0.558075493498032,-1.32773057908154,0.151452282157676,0.456895695158606,0.4371517183189,4,"tags=11%, list=0%, signal=11%","3572",0.163180127180689
"R-HSA-9824878","Regulation of TBK1, IKKε (IKBKE)-mediated activation of IRF3, IRF7",10,0.536220818253676,1.32607951746681,0.171985815602837,0.486166041938132,0.4651571964314,4037,"tags=80%, list=40%, signal=48%","6233/7314/148022/9641/10010/7316/7187/7311",0.139599673451922
"R-HSA-9828211","Regulation of TBK1, IKKε-mediated activation of IRF3, IRF7 upon TLR3 ligation",10,0.536220818253676,1.32607951746681,0.171985815602837,0.486166041938132,0.4651571964314,4037,"tags=80%, list=40%, signal=48%","6233/7314/148022/9641/10010/7316/7187/7311",0.139599673451922
"R-HSA-1660517","Synthesis of PIPs at the late endosome membrane",10,-0.514950963378223,-1.32406387961035,0.143835616438356,0.451614551182443,0.432098790072186,3384,"tags=70%, list=34%, signal=46%","5289/9110/66036/8898/200576/5286/30849",0.176694268938498
"R-HSA-1980145","Signaling by NOTCH2",20,0.449813515132814,1.32357036844499,0.124137931034483,0.411627906976744,0.393840101252061,1847,"tags=40%, list=18%, signal=33%","4853/55851/3002/6233/102/51107/23385/7314",0.16440575583821
"R-HSA-9662361","Sensory processing of sound by outer hair cells of the cochlea",21,0.442422203838226,1.32356664489645,0.143356643356643,0.451614551182443,0.432098790072186,2926,"tags=43%, list=29%, signal=30%","60/71/11344/8573/286262/4354/64787/5756/4641",0.153158808683073
"R-HSA-8866904","Negative regulation of activity of TFAP2 (AP-2) family transcription factors",3,0.777740167585276,1.32347272141002,0.119460500963391,0.399993967022235,0.382708902390213,1924,"tags=67%, list=19%, signal=54%","7341/7329",0.178219874951973
"R-HSA-9830674","Formation of the ureteric bud",1,0.997506483143826,1.32298625429732,0.0076180498791219,0.0552308616236338,0.0528441530941182,26,"tags=100%, list=0%, signal=100%","3688",0.407017918923954
"R-HSA-8964043","Plasma lipoprotein clearance",27,-0.395513192022894,-1.3215480209694,0.102803738317757,0.371512962439599,0.355458656382915,410,"tags=19%, list=4%, signal=18%","161/51599/1211/29116/26119",0.213927855492356
"R-HSA-2559585","Oncogene Induced Senescence",31,-0.379909230256986,-1.3208177859703,0.107798165137615,0.38055596376187,0.36411087965549,1105,"tags=23%, list=11%, signal=20%","5594/1029/27327/26523/5925/2077/2113",0.206587922696891
"R-HSA-8956320","Nucleotide biosynthesis",12,0.513004111652233,1.31785275657381,0.156140350877193,0.464619374523265,0.444541631907017,2738,"tags=50%, list=27%, signal=36%","3614/5198/3615/8833/7372/10606",0.14641623786055
"R-HSA-1461957","Beta defensins",1,0.993417115499701,1.31756255302483,0.0176883008408957,0.108475565371945,0.103787976775527,67,"tags=100%, list=1%, signal=99%","1235",0.352487857583619
"R-HSA-1236394","Signaling by ERBB4",29,0.407611973222692,1.31754843218607,0.118466898954704,0.397444831591173,0.380269923547286,2126,"tags=38%, list=21%, signal=30%","3925/55851/6654/23118/83737/11033/6233/51107/23385/7314/6464",0.169570644405628
"R-HSA-6807070","PTEN Regulation",114,0.312198119860272,1.31433167088422,0.0528846153846154,0.230243198277549,0.220293626805414,1584,"tags=31%, list=16%, signal=26%","5687/5689/5702/5685/5704/5691/5690/5683/5694/389541/3065/5714/5682/10542/54815/9861/11047/5713/28956/5695/23186/5705/1108/1911/5719/5700/10213/5686/6233/57504/5692/5684/55004/1912/5931",0.248911114434702
"R-HSA-9933939","Formation of the polybromo-BAF (pBAF) complex",17,-0.455778977872712,-1.31310653169352,0.133484162895928,0.430115635997989,0.41152891424612,1457,"tags=47%, list=15%, signal=40%","55193/9275/6604/6599/6603/29117/6602/9274",0.183023938384487
"R-HSA-9938206","Developmental Lineage of Mammary Stem Cells",4,0.710298653075543,1.31253255857323,0.174081237911025,0.488661678185869,0.467544987967975,26,"tags=25%, list=0%, signal=25%","3688",0.14551614609036
"R-HSA-8931838","DAG1 glycosylations",11,-0.50285972080033,-1.3120600396169,0.171739130434783,0.486166041938132,0.4651571964314,296,"tags=18%, list=3%, signal=18%","148789/79147",0.156312403073186
"R-HSA-9748784","Drug ADME",37,0.383653468069927,1.31157309079238,0.111480865224626,0.386120972468288,0.369435405896924,1944,"tags=35%, list=19%, signal=28%","4831/3704/2950/3614/4860/682/4830/3615/7410/10257/3251/100/8833",0.170932335370056
"R-HSA-5620922","BBSome-mediated cargo-targeting to cilium",17,0.464715146282145,1.31154927864077,0.15,0.456895695158606,0.4371517183189,2421,"tags=35%, list=24%, signal=27%","10694/54585/6950/22948/10576/8195",0.151148761385484
"R-HSA-9831926","Nephron development",1,0.988031119090365,1.31041914159277,0.0292598161736254,0.154720563291684,0.14803457510964,121,"tags=100%, list=1%, signal=99%","3955",0.352487857583619
"R-HSA-437239","Recycling pathway of L1",27,0.405759196166728,1.30934235710052,0.141114982578397,0.44712543554007,0.427803663990697,1612,"tags=30%, list=16%, signal=25%","60/71/7280/10376/1175/9252/1173/10383",0.154190966581424
"R-HSA-446107","Type I hemidesmosome assembly",3,-0.76817193465802,-1.30777620722009,0.161490683229814,0.469118096784739,0.448845949473766,1171,"tags=67%, list=12%, signal=59%","3655/5339",0.157402899305283
"R-HSA-416572","Sema4D induced cell migration and growth-cone collapse",15,0.483965091226092,1.3076711446148,0.154115586690018,0.460999595850734,0.441078275864493,1245,"tags=33%, list=12%, signal=29%","4637/103910/389/387/3984",0.147331213699377
"R-HSA-5689896","Ovarian tumor domain proteases",33,-0.373458896504535,-1.30648105731527,0.110588235294118,0.383806228373702,0.367220689564205,1720,"tags=30%, list=17%, signal=25%","7415/8517/10392/84282/79155/161725/89122/7321/8767/79931",0.206587922696891
"R-HSA-211945","Phase I - Functionalization of compounds",32,0.392581771720666,1.3062975445378,0.129090909090909,0.42232226664349,0.404072322203531,2794,"tags=38%, list=28%, signal=27%","6916/6256/10858/9049/120227/128/196/57491/217/80777/405/8824",0.165656695205483
"R-HSA-8853884","Transcriptional Regulation by VENTX",33,-0.373239971886666,-1.30571518757993,0.110588235294118,0.383806228373702,0.367220689564205,1162,"tags=24%, list=12%, signal=22%","51343/1029/27327/8881/26523/7321/27338/1051",0.206587922696891
"R-HSA-5218859","Regulated Necrosis",50,0.352307694700712,1.30561819008606,0.108061749571184,0.38055596376187,0.36411087965549,2100,"tags=42%, list=21%, signal=33%","3659/834/3002/7332/8743/83737/355/578/6233/6386/837/79643/356/3660/11140/27243/7314/11035/330/3320/54205",0.176694268938498
"R-HSA-418885","DCC mediated attractive signaling",8,-0.548837723908773,-1.30553673764718,0.16,0.467167235494881,0.446979391364114,2380,"tags=50%, list=24%, signal=38%","8976/3983/5879/2534",0.16440575583821
"R-HSA-75893","TNF signaling",53,-0.332889511750299,-1.30506805372944,0.117224880382775,0.39688469797667,0.37973399516218,1452,"tags=25%, list=14%, signal=21%","8517/841/7186/90268/55512/6610/8837/7322/7321/8717/10273/81858/142678",0.20207170902116
"R-HSA-5579029","Metabolic disorders of biological oxidation enzymes",13,0.501532970479825,1.30484257120524,0.159784560143627,0.467167235494881,0.446979391364114,1005,"tags=23%, list=10%, signal=21%","6916/191/120227",0.14641623786055
"R-HSA-9706019","RHOBTB3 ATPase cycle",6,0.619709729897972,1.30403385086544,0.179297597042514,0.498016539837242,0.476495595051532,3039,"tags=50%, list=30%, signal=35%","10226/10489/8452",0.139599673451922
"R-HSA-9648002","RAS processing",23,0.419335705771376,1.30374214098925,0.151462994836489,0.456895695158606,0.4371517183189,1847,"tags=39%, list=18%, signal=32%","51125/598/402/805/5588/5147/6233/801/7314",0.147331213699377
"R-HSA-6803204","TP53 Regulates Transcription of Genes Involved in Cytochrome C Release",15,-0.458322315563657,-1.30244994917077,0.14385150812065,0.451614551182443,0.432098790072186,1998,"tags=27%, list=20%, signal=21%","27166/94241/472/27113",0.178219874951973
"R-HSA-9925563","Developmental Lineage of Pancreatic Ductal Cells",6,0.618934728421727,1.30240304193871,0.179297597042514,0.498016539837242,0.476495595051532,676,"tags=50%, list=7%, signal=47%","301/302/972",0.139599673451922
"R-HSA-75072","mRNA Editing",3,0.764553003951334,1.3010322559825,0.146435452793834,0.456895695158606,0.4371517183189,2339,"tags=67%, list=23%, signal=51%","164668/27350",0.159646701919906
"R-HSA-5635838","Activation of SMO",8,0.569365521797051,1.29955780309733,0.184782608695652,0.508300712987558,0.486335355005035,1193,"tags=38%, list=12%, signal=33%","409/5727/11127",0.135740943810425
"R-HSA-5696397","Gap-filling DNA repair synthesis and ligation in GG-NER",24,0.429114927427714,1.29886388109492,0.15,0.456895695158606,0.4371517183189,3026,"tags=58%, list=30%, signal=41%","7515/5111/6117/6233/5982/5984/7314/57804/6119/6118/54107/56655/5425/7316",0.151148761385484
"R-HSA-381033","ATF6 (ATF6-alpha) activates chaperones",12,0.5046644863532,1.29642915013579,0.171929824561404,0.486166041938132,0.4651571964314,1154,"tags=33%, list=12%, signal=30%","7184/3309/1649/4802",0.13880510939114
"R-HSA-9646399","Aggrephagy",27,0.400951238632363,1.29382758254863,0.149825783972125,0.456895695158606,0.4371517183189,2018,"tags=33%, list=20%, signal=27%","7334/7280/8655/10376/11315/6233/10383/7314/3320",0.149207542435322
"R-HSA-9769743","Amplification and propagation of coagulation cascade",4,-0.67303397801876,-1.29334097952745,0.189690721649485,0.514359468688222,0.492132291797141,644,"tags=25%, list=6%, signal=23%","2811",0.143758989039275
"R-HSA-73817","Purine ribonucleoside monophosphate biosynthesis",9,0.542419125211368,1.29311450205945,0.186538461538462,0.510353558787268,0.488299490535959,2738,"tags=56%, list=27%, signal=40%","3614/5198/3615/8833/10606",0.139599673451922
"R-HSA-110313","Translesion synthesis by Y family DNA polymerases bypasses lesions on DNA template",35,0.377429063671033,1.29297781388852,0.132275132275132,0.427979776027293,0.409485351861594,3026,"tags=54%, list=30%, signal=38%","10459/11201/5111/9246/6117/6233/5982/5984/7314/57804/6119/6118/54107/9636/9100/83932/56655/5425/7316",0.160801401070022
"R-HSA-9645723","Diseases of programmed cell death",39,-0.364984827793829,-1.29292823726654,0.131147540983607,0.425982747251268,0.407574621315821,1674,"tags=28%, list=17%, signal=24%","8851/841/7186/1029/708/23512/197259/5557/8717/3725/10018",0.188204146308491
"R-HSA-1482922","Acyl chain remodelling of PI",2,-0.847381546134663,-1.29242421704222,0.149402390438247,0.456895695158606,0.4371517183189,1533,"tags=100%, list=15%, signal=85%","79143/81579",0.160801401070022
"R-HSA-5683826","Surfactant metabolism",6,0.614016607085568,1.29205400851936,0.188539741219963,0.512864065544287,0.490701509977839,824,"tags=33%, list=8%, signal=31%","1512/51201",0.135740943810425
"R-HSA-442729","CREB1 phosphorylation through the activation of CaMKII/CaMKK/CaMKIV cascasde",9,0.54160436654246,1.29117213645788,0.186538461538462,0.510353558787268,0.488299490535959,3641,"tags=56%, list=36%, signal=35%","805/801/3838/84254/1385",0.139599673451922
"R-HSA-5628897","TP53 Regulates Metabolic Genes",70,0.335597011334815,1.29114477847788,0.101307189542484,0.369415875009814,0.353452191049339,2945,"tags=44%, list=29%, signal=31%","2539/7295/1337/389541/10542/1349/5052/1347/1327/5564/28956/1329/1345/9167/1351/25824/5571/55004/7001/10971/4514/54205/1340/9997/7534/4512/7529/192670/8649/83667/7531",0.178219874951973
"R-HSA-8964539","Glutamate and glutamine metabolism",8,0.564714263543331,1.28894146135123,0.193840579710145,0.518220674818841,0.495826642417358,721,"tags=25%, list=7%, signal=23%","2752/4942",0.132147260608774
"R-HSA-1257604","PIP3 activates AKT signaling",187,0.287020394010171,1.28891651779559,0.0685131195335277,0.279109398861585,0.267048156951757,1584,"tags=25%, list=16%, signal=22%","2323/5293/5687/3932/5689/5702/5685/5704/5691/5690/5683/5694/389541/5880/3065/8660/5714/5682/10542/54815/9861/572/5518/11047/5713/28956/5695/23186/5705/79837/1108/1911/5719/5700/391/10213/23533/5519/4615/5686/6233/57504/5692/5684/55004/1912/5931",0.206587922696891
"R-HSA-2173789","TGF-beta receptor signaling activates SMADs",34,0.383101004437532,1.28860582372553,0.130824372759857,0.425982747251268,0.407574621315821,1847,"tags=32%, list=18%, signal=26%","3688/5499/9040/5045/7046/11171/4738/7049/6233/9958/7314",0.163180127180689
"R-HSA-199977","ER to Golgi Anterograde Transport",122,0.30576449092922,1.28780448192826,0.0725806451612903,0.287598931919471,0.275170829157481,3005,"tags=42%, list=30%, signal=30%","1075/7280/8655/10376/11316/375/81876/58485/966/10960/54732/377/10671/10959/832/79090/8775/9919/22820/11258/10972/22818/55860/26286/10282/25839/51399/10383/51128/6396/1315/9117/5861/9570/84516/10540/22870/10175/23256/55014/83548/84364/6399/6811/8729/27095/5537/10121/829/9276/3998",0.211400189384923
"R-HSA-6807047","Cholesterol biosynthesis via desmosterol (Bloch pathway)",10,-0.500704589875265,-1.2874329964541,0.162100456621005,0.47001510860957,0.449704198445538,1322,"tags=50%, list=13%, signal=43%","51478/1595/1717/6307/1718",0.165656695205483
"R-HSA-9969896","Lanosterol biosynthesis",13,-0.479521743006197,-1.28711396589691,0.155056179775281,0.463003706100359,0.442995781869928,1569,"tags=38%, list=16%, signal=32%","2222/4597/3156/6713/3157",0.16823816568964
"R-HSA-2129379","Molecules associated with elastic fibres",8,0.563813490141388,1.28688547612118,0.195652173913043,0.520623436337819,0.498125572649929,26,"tags=12%, list=0%, signal=12%","3688",0.131457611642763
"R-HSA-8978868","Fatty acid metabolism",108,0.310236599863852,1.28574066813743,0.08,0.307595505617978,0.294303284650978,2720,"tags=31%, list=27%, signal=23%","10449/6916/6256/241/79966/6342/1374/3032/1622/58488/55825/283927/5095/64834/873/9524/788/58526/1892/4048/10005/1666/3295/84693/215/6296/5538/8310/3030/3033/2180/145482/22880/34",0.199915231309662
"R-HSA-9006925","Intracellular signaling by second messengers",216,0.277356256453531,1.28551528135605,0.0370898716119829,0.181836018132099,0.173978281303613,1688,"tags=25%, list=17%, signal=21%","2323/5293/5687/3932/5689/5702/5685/5704/5691/5690/5683/5694/389541/5880/3065/8660/5714/5682/10542/54815/9861/572/5518/11047/805/5713/28956/5695/23186/5705/79837/1108/1911/5719/5700/391/5566/10213/23533/5519/113/4615/5686/6233/57504/115/5692/5684/55004/1912/5931/801/5578/5613",0.282013350011725
"R-HSA-163615","PKA activation",13,0.493934571735774,1.28507375292646,0.170556552962298,0.486166041938132,0.4651571964314,2146,"tags=46%, list=21%, signal=36%","805/5566/113/115/801/5577",0.141225119642531
"R-HSA-6781823","Formation of TC-NER Pre-Incision Complex",50,0.346519334460207,1.28416708772739,0.123499142367067,0.410304917650585,0.392574282678202,2394,"tags=40%, list=24%, signal=31%","51138/5434/27339/9978/5435/5440/5436/10920/6233/5441/8533/5439/5438/7314/9318/5432/2873/10980/2071/1161",0.16440575583821
"R-HSA-9694516","SARS-CoV-2 Infection",237,0.276959990128182,1.28364900628576,0.0384615384615385,0.185373781148429,0.177363165858187,2057,"tags=27%, list=21%, signal=22%","6231/79760/58505/6637/51125/1603/6204/7334/6480/6632/7341/5045/6733/51065/1650/6208/23118/6185/3276/6772/54960/6203/6222/567/6635/8086/51201/25921/7284/746/6184/6628/55741/6191/6633/6634/7555/100128731/6233/8480/6194/6636/3703/6223/51128/79643/6209/9908/10971/11311/6396/6207/83666/6606/27243/7314/253832/54625/7329/55129/2589/3320/10146",0.276500599254472
"R-HSA-9638630","Attachment of bacteria to epithelial cells",2,-0.840099750623441,-1.28131804072155,0.165338645418327,0.476253236213396,0.45567275588655,1606,"tags=100%, list=16%, signal=84%","1289/3912",0.152144922367565
"R-HSA-9931953","Biofilm formation",2,-0.840099750623441,-1.28131804072155,0.165338645418327,0.476253236213396,0.45567275588655,1606,"tags=100%, list=16%, signal=84%","1289/3912",0.152144922367565
"R-HSA-5682910","LGI-ADAM interactions",1,0.966088170756034,1.28131635427696,0.0707269155206287,0.28406984144553,0.271794242376004,341,"tags=100%, list=3%, signal=97%","6804",0.237793834423688
"R-HSA-3295583","TRP channels",11,-0.490411961055145,-1.27958138310726,0.197826086956522,0.522984135504264,0.500384258183588,1594,"tags=45%, list=16%, signal=38%","26133/255231/57192/55283/197259",0.144630528034484
"R-HSA-70221","Glycogen breakdown (glycogenolysis)",12,0.497896647864495,1.2790432960933,0.191228070175439,0.515377882356276,0.493106696436246,1639,"tags=42%, list=16%, signal=35%","5236/805/2992/5261/801",0.130777137971974
"R-HSA-901032","ER Quality Control Compartment (ERQC)",19,0.44227317174513,1.27846357046985,0.150976909413854,0.456895695158606,0.4371517183189,3026,"tags=47%, list=30%, signal=33%","6048/51009/55741/10956/6233/7314/6400/11253/7316",0.150169802128406
"R-HSA-159782","Removal of aminoterminal propeptides from gamma-carboxylated proteins",1,0.963694394574107,1.2781415047516,0.0766208251473477,0.298629229674515,0.285724471199375,365,"tags=100%, list=4%, signal=96%","5045",0.227987202850442
"R-HSA-432040","Vasopressin regulates renal water homeostasis via Aquaporins",21,0.426896711184695,1.27712000627044,0.18006993006993,0.498543123543124,0.47699942333073,2146,"tags=38%, list=21%, signal=30%","54331/8766/2787/5566/113/115/360/5577",0.135002033828631
"R-HSA-445717","Aquaporin-mediated transport",21,0.426896711184695,1.27712000627044,0.18006993006993,0.498543123543124,0.47699942333073,2146,"tags=38%, list=21%, signal=30%","54331/8766/2787/5566/113/115/360/5577",0.135002033828631
"R-HSA-5696394","DNA Damage Recognition in GG-NER",38,0.367995095288192,1.27683983377373,0.147959183673469,0.456895695158606,0.4371517183189,3195,"tags=53%, list=32%, signal=36%","60/51138/10445/9978/10920/6233/86/8533/7314/93973/9318/29844/2873/10980/8607/5886/283899/7316/8450/1642",0.148261500475107
"R-HSA-2672351","Stimuli-sensing channels",47,-0.336010224671479,-1.27683490787876,0.116336633663366,0.396517888840677,0.379383037064318,1797,"tags=32%, list=18%, signal=26%","133308/26133/255231/41/7439/1182/1186/57348/266675/57192/55283/197259/1184/65125/1831",0.206587922696891
"R-HSA-8982491","Glycogen metabolism",19,0.441644573271446,1.27664650287362,0.150976909413854,0.456895695158606,0.4371517183189,1847,"tags=37%, list=18%, signal=30%","5236/805/2992/6233/5261/801/7314",0.150169802128406
"R-HSA-9629569","Protein hydroxylation",16,0.460205277149166,1.27604229231869,0.157509157509158,0.466259807090257,0.446111175947475,3520,"tags=62%, list=35%, signal=41%","6132/6194/444/79831/6228/6157/55854/4733/2107/1819",0.149207542435322
"R-HSA-9675151","Disorders of Developmental Biology",19,0.441300111817833,1.27565078021168,0.150976909413854,0.456895695158606,0.4371517183189,1639,"tags=32%, list=16%, signal=26%","3065/9612/805/84661/5566/801",0.150169802128406
"R-HSA-912694","Regulation of IFNA/IFNB signaling",12,-0.479148268938432,-1.27482009655435,0.18287037037037,0.503850569571181,0.48207751703053,2294,"tags=42%, list=23%, signal=32%","3455/11274/3716/5770/8651",0.156312403073186
"R-HSA-9013700","NOTCH4 Activation and Transmission of Signal to the Nucleus",8,0.558453360048046,1.27465115805704,0.201086956521739,0.528663782858773,0.505818469157291,2694,"tags=62%, list=27%, signal=46%","55851/102/51107/23385/7534",0.129442887745046
"R-HSA-3928662","EPHB-mediated forward signaling",29,0.394103223942806,1.2738832981769,0.14808362369338,0.456895695158606,0.4371517183189,1332,"tags=38%, list=13%, signal=33%","60/10095/1072/71/10092/10096/10109/10094/387/3984/10093",0.150169802128406
"R-HSA-9660821","ADORA2B mediated anti-inflammatory cytokines production",22,0.417658772862046,1.27372238333958,0.151675485008818,0.456895695158606,0.4371517183189,2146,"tags=36%, list=21%, signal=29%","54331/2787/2773/5566/113/115/5613/5577",0.149207542435322
"R-HSA-5339562","Uptake and actions of bacterial toxins",21,0.425198600631936,1.27203987587128,0.187062937062937,0.510469992527409,0.488410892788403,805,"tags=24%, list=8%, signal=22%","118429/6804/5045/928/805",0.132147260608774
"R-HSA-110314","Recognition of DNA damage by PCNA-containing replication complex",28,0.40269724094603,1.27194853209897,0.16751269035533,0.480896330869076,0.460115207037996,3195,"tags=61%, list=32%, signal=41%","5111/9978/6117/6233/5982/5984/7314/57804/6119/6118/54107/56655/7398/5425/7316/8450/1642",0.138022242496643
"R-HSA-977606","Regulation of Complement cascade",8,0.55676523860505,1.27079807719802,0.208333333333333,0.538456696878147,0.515188198914611,844,"tags=38%, list=8%, signal=34%","1191/966/719",0.126875729929857
"R-HSA-71288","Creatine metabolism",1,-0.956014362657092,-1.27072518441173,0.0953346855983773,0.35460358056266,0.33927998492345,443,"tags=100%, list=4%, signal=96%","2593",0.206587922696891
"R-HSA-8853659","RET signaling",20,0.431450612756596,1.26953776905403,0.15,0.456895695158606,0.4371517183189,2126,"tags=40%, list=21%, signal=32%","5293/9046/6654/8660/5566/5578/1796/6464",0.148261500475107
"R-HSA-9022699","MECP2 regulates neuronal receptors and channels",9,-0.533313594924738,-1.26881896171987,0.186721991701245,0.510353558787268,0.488299490535959,2,"tags=11%, list=0%, signal=11%","2289",0.14551614609036
"R-HSA-2219530","Constitutive Signaling by Aberrant PI3K in Cancer",30,0.391595060341314,1.26703705613831,0.162348877374784,0.47001510860957,0.449704198445538,1248,"tags=23%, list=12%, signal=20%","2323/5293/3932/5880/8660/391/23533",0.142056643575821
"R-HSA-5625900","RHO GTPases activate CIT",14,0.469749749739921,1.26667355833426,0.155635062611807,0.463922634370734,0.443875000205016,1650,"tags=36%, list=16%, signal=30%","4637/103910/389/387/4659",0.148261500475107
"R-HSA-8856828","Clathrin-mediated endocytosis",99,0.310631547135227,1.26665151654337,0.104166666666667,0.372085942936674,0.35600687649423,2352,"tags=36%, list=23%, signal=28%","154/60/8673/71/409/3312/274/5878/10092/10096/4074/10109/10094/1175/23149/51138/4738/920/55707/85021/915/10920/10093/6233/1173/3267/8533/7314/6845/23208/9318/1861/10552/2873/10980/112574",0.173747838999571
"R-HSA-74217","Purine salvage",9,0.531029536975936,1.26596199021912,0.207692307692308,0.538426573426573,0.515159377197189,1904,"tags=67%, list=19%, signal=54%","4860/353/1716/271/3251/100",0.131457611642763
"R-HSA-9609523","Insertion of tail-anchored proteins into the endoplasmic reticulum membrane",19,0.437938761156561,1.26593424155966,0.159857904085258,0.467167235494881,0.446979391364114,341,"tags=21%, list=3%, signal=20%","5621/10952/23480/6804",0.14551614609036
"R-HSA-76066","RNA Polymerase III Transcription Initiation From Type 2 Promoter",26,0.408536762928717,1.26436431883283,0.169675090252708,0.484664573326181,0.463720611253052,2225,"tags=38%, list=22%, signal=30%","2975/112495/5434/5435/5440/5441/2976/11128/51728/9533",0.142056643575821
"R-HSA-5357905","Regulation of TNFR1 signaling",44,-0.335074922727114,-1.26336529965153,0.1338199513382,0.430387099134698,0.411788646561242,1452,"tags=25%, list=14%, signal=21%","8517/841/7186/90268/8837/7322/7321/8717/10273/81858/142678",0.190023305279108
"R-HSA-5668914","Diseases of metabolism",145,0.288897682020922,1.26301064005986,0.0890302066772655,0.333327535284029,0.318923348056133,1681,"tags=23%, list=17%, signal=19%","6916/4853/3955/5236/8818/79644/3795/4851/411/191/5476/229/9526/29071/4860/2992/120227/1738/5095/22934/91869/353/6888/8813/6233/26275/22845/92579/27249/2591/51293/1892/3251",0.188204146308491
"R-HSA-74158","RNA Polymerase III Transcription",38,0.363904532436608,1.26264672723961,0.159863945578231,0.467167235494881,0.446979391364114,2225,"tags=37%, list=22%, signal=29%","2975/112495/55290/5434/5435/5440/5441/6741/6617/2976/11128/4782/51728/9533",0.142056643575821
"R-HSA-749476","RNA Polymerase III Abortive And Retractive Initiation",38,0.363904532436608,1.26264672723961,0.159863945578231,0.467167235494881,0.446979391364114,2225,"tags=37%, list=22%, signal=29%","2975/112495/55290/5434/5435/5440/5441/6741/6617/2976/11128/4782/51728/9533",0.142056643575821
"R-HSA-2299718","Condensation of Prophase Chromosomes",12,-0.474419663550869,-1.26223918670342,0.194444444444444,0.518550626577015,0.496142335866818,2653,"tags=50%, list=26%, signal=37%","79648/23310/5347/23133/10051/5925",0.151148761385484
"R-HSA-3000170","Syndecan interactions",9,0.529293307873642,1.26182286066649,0.215384615384615,0.545393151587842,0.52182490643345,1654,"tags=44%, list=16%, signal=37%","3688/8573/51399/5578",0.128788713061714
"R-HSA-445989","TAK1-dependent IKK and NF-kappa-B activation",39,-0.356022210998924,-1.2611789166058,0.14519906323185,0.455010251263179,0.435347750701315,1819,"tags=31%, list=18%, signal=25%","79671/11274/8517/841/7186/10392/9097/4793/9683/9684/8767/4792",0.178219874951973
"R-HSA-6803529","FGFR2 alternative splicing",23,0.403257382727006,1.25375358284626,0.189328743545611,0.514192825724667,0.491972850028187,2397,"tags=48%, list=24%, signal=36%","3185/5434/5435/5440/5436/5441/5439/5438/5432/22916/3178",0.130105630751129
"R-HSA-167238","Pausing and recovery of Tat-mediated HIV elongation",27,0.38818281150715,1.2526252077743,0.172473867595819,0.486166041938132,0.4651571964314,2493,"tags=44%, list=25%, signal=33%","6827/5434/5435/5440/5436/5441/5439/5438/7936/51497/5432/8178",0.138022242496643
"R-HSA-167243","Tat-mediated HIV elongation arrest and recovery",27,0.38818281150715,1.2526252077743,0.172473867595819,0.486166041938132,0.4651571964314,2493,"tags=44%, list=25%, signal=33%","6827/5434/5435/5440/5436/5441/5439/5438/7936/51497/5432/8178",0.138022242496643
"R-HSA-9013409","RHOJ GTPase cycle",34,-0.358436176529402,-1.25217305299695,0.13963963963964,0.444095582571419,0.424904741007762,966,"tags=21%, list=10%, signal=19%","5295/2909/23048/7112/144402/9497/23513",0.178219874951973
"R-HSA-6811558","PI5P, PP2A and IER3 Regulate PI3K/AKT Signaling",52,0.340975561848236,1.25167807100102,0.14827018121911,0.456895695158606,0.4371517183189,1290,"tags=21%, list=13%, signal=19%","2323/5293/3932/5880/8660/5518/79837/391/23533/5519/4615",0.14551614609036
"R-HSA-1660661","Sphingolipid de novo biosynthesis",27,0.387880828023563,1.25165073875439,0.174216027874564,0.488661678185869,0.467544987967975,2684,"tags=37%, list=27%, signal=27%","29095/94103/94101/29956/388931/8560/253782/23683/80777/171546",0.137250779610133
"R-HSA-139853","Elevation of cytosolic Ca2+ levels",9,-0.524917712520572,-1.24884411972043,0.199170124481328,0.525084873632591,0.502394216456925,307,"tags=22%, list=3%, signal=22%","6786/5026",0.140406238523342
"R-HSA-1266695","Interleukin-7 signaling",15,0.462036332997293,1.24841975460155,0.204903677758319,0.533622819854617,0.510563209733557,600,"tags=27%, list=6%, signal=25%","1154/8835/3561/8660",0.12563992130984
"R-HSA-73893","DNA Damage Bypass",43,0.352303661433904,1.24808680027612,0.160744500846024,0.467744627461814,0.447531832311058,3195,"tags=53%, list=32%, signal=37%","10459/11201/5111/9978/9246/6117/6233/5982/5984/7314/57804/6119/6118/54107/9636/9100/83932/56655/7398/5425/7316/8450/1642",0.141225119642531
"R-HSA-3928663","EPHA-mediated growth cone collapse",15,0.461436169173898,1.24679811509052,0.211908931698774,0.545227341558801,0.521666261605149,1210,"tags=27%, list=12%, signal=23%","4637/103910/2041/387",0.123257226381337
"R-HSA-211000","Gene Silencing by RNA",36,0.371893418150345,1.24660078385776,0.145695364238411,0.455730837681756,0.436037198193197,2175,"tags=44%, list=22%, signal=35%","4603/9271/5434/113802/5435/5440/5436/11022/8575/5441/5901/5439/5438/3320/29102/5432",0.147331213699377
"R-HSA-1474151","Tetrahydrobiopterin (BH4) synthesis, recycling, salvage and regulation",9,0.522897751058958,1.24657600287439,0.228846153846154,0.563918757467145,0.539549959501031,2018,"tags=44%, list=20%, signal=36%","5805/805/801/3320",0.124434168630393
"R-HSA-9920588","Dengue virus activates/modulates innate and adaptive immune responses",19,0.430554189794346,1.24458791970868,0.181172291296625,0.499977081304074,0.478371415025637,3669,"tags=58%, list=37%, signal=37%","1191/335/79577/9646/3320/9641/5371/55763/23352/54623/3326",0.135740943810425
"R-HSA-8986944","Transcriptional Regulation by MECP2",38,-0.3382355084998,-1.24401419969071,0.13768115942029,0.439500865239022,0.42050857663517,1705,"tags=24%, list=17%, signal=20%","25942/192669/9611/5770/27327/26523/2593/27161/2289",0.186432558434075
"R-HSA-5668599","RHO GTPases Activate NADPH Oxidases",17,-0.431613329333036,-1.24348491138938,0.190045248868778,0.514505412681139,0.492271929066561,1585,"tags=47%, list=16%, signal=40%","5580/653361/5594/5590/10811/30849/5879/1535",0.151148761385484
"R-HSA-209776","Metabolism of amine-derived hormones",4,-0.646598225620036,-1.24254051028136,0.235051546391753,0.571268744142455,0.546582328899079,2165,"tags=50%, list=22%, signal=39%","7166/51061",0.127505315300183
"R-HSA-8948216","Collagen chain trimerization",5,0.629133559609844,1.24158124863921,0.211214953271028,0.544979919678715,0.521429531644295,1283,"tags=40%, list=13%, signal=35%","1292/80781",0.128142916898415
"R-HSA-9656223","Signaling by RAF1 mutants",31,0.380613095389777,1.23959974325112,0.171378091872792,0.486166041938132,0.4651571964314,815,"tags=23%, list=8%, signal=21%","60/71/409/7414/369/805/1445",0.139599673451922
"R-HSA-112316","Neuronal System",125,0.29129688277547,1.23921650733381,0.0927672955974843,0.346560792068331,0.331584751968474,1688,"tags=25%, list=17%, signal=21%","2752/54331/27020/7280/6804/10376/3312/1175/10550/5564/10313/4646/805/8514/22839/8573/1312/2787/55327/2773/5566/113/5864/5571/1173/115/5924/10383/801/5578/5613",0.183023938384487
"R-HSA-525793","Myogenesis",14,-0.444830496770617,-1.23688156695047,0.191873589164786,0.515377882356276,0.493106696436246,1059,"tags=21%, list=11%, signal=19%","1495/5608/9043",0.150169802128406
"R-HSA-9933946","Formation of the embryonic stem cell BAF (esBAF) complex",17,-0.429041206730838,-1.23607458499604,0.194570135746606,0.518550626577015,0.496142335866818,1449,"tags=41%, list=14%, signal=35%","9275/8289/6604/6599/6603/6602/9274",0.149207542435322
"R-HSA-76046","RNA Polymerase III Transcription Initiation",35,0.360755405287675,1.23585801988975,0.178130511463845,0.497196256304467,0.475710758688089,2225,"tags=34%, list=22%, signal=27%","2975/112495/55290/5434/5435/5440/5441/6617/2976/11128/51728/9533",0.136490437780413
"R-HSA-196807","Nicotinate metabolism",18,-0.410333540210253,-1.23574087164303,0.202614379084967,0.529272065060121,0.506400465469272,1316,"tags=33%, list=13%, signal=29%","92014/84875/23475/79668/56965/93100",0.142901149386948
"R-HSA-5674135","MAP2K and MAPK activation",29,0.382182977464415,1.23535277628202,0.174216027874564,0.488661678185869,0.467544987967975,840,"tags=24%, list=8%, signal=22%","60/71/409/7414/369/1445/28956",0.137250779610133
"R-HSA-6811442","Intra-Golgi and retrograde Golgi-to-ER traffic",159,0.27972966082676,1.23482875614169,0.0970149253731343,0.360070579855603,0.344510737062904,2991,"tags=38%, list=30%, signal=27%","124602/2590/22930/7280/8655/10376/1523/11316/375/81876/54732/53407/22931/4074/377/10671/10959/832/8775/22820/11258/10972/11127/22818/55860/60561/26286/5050/6836/25839/10383/11311/9950/55582/1315/2589/5861/9570/3833/84516/84316/10540/8677/10226/10139/83548/60560/10244/84364/51542/6811/23046/8729/23299/122830/10121/400/89953/829/9276",0.173747838999571
"R-HSA-163359","Glucagon signaling in metabolic regulation",16,0.444930288407424,1.23368829809703,0.201465201465201,0.528663782858773,0.505818469157291,1410,"tags=31%, list=14%, signal=27%","54331/2787/5566/113/115",0.130105630751129
"R-HSA-114452","Activation of BH3-only proteins",27,-0.369177153562448,-1.23355009774069,0.163551401869159,0.472696703713059,0.452269912939563,647,"tags=11%, list=6%, signal=10%","5533/27113/10018",0.166933848713193
"R-HSA-388844","Receptor-type tyrosine-protein phosphatases",1,-0.927688011170956,-1.23307406783657,0.150101419878296,0.456895695158606,0.4371517183189,727,"tags=100%, list=7%, signal=93%","8500",0.161978948883402
"R-HSA-186763","Downstream signal transduction",23,-0.386472552267127,-1.23277133120741,0.180522565320665,0.498988867954213,0.477425905648913,966,"tags=22%, list=10%, signal=20%","5295/8440/2885/1398/5921",0.159646701919906
"R-HSA-948021","Transport to the Golgi and subsequent modification",143,0.282530506735583,1.23148409721848,0.100313479623824,0.368016786479046,0.352113561769645,3005,"tags=39%, list=30%, signal=28%","1075/7280/6480/8655/10376/11316/375/81876/58485/966/10960/54732/2517/377/10671/10959/832/79090/8775/9919/22820/11258/10972/9334/22818/55860/26286/10282/25839/51399/10383/51128/6396/1315/9117/5861/9570/84516/10540/22870/10175/23256/55014/83548/84364/6399/6811/11282/8729/27095/5537/10121/829/9276/8704/3998",0.175204047558551
"R-HSA-9764560","Regulation of CDH1 Gene Transcription",32,-0.35242542982872,-1.23123527864175,0.179203539823009,0.498016539837242,0.476495595051532,1105,"tags=19%, list=11%, signal=17%","5594/8289/23512/5925/7088/687",0.154190966581424
"R-HSA-8876198","RAB GEFs exchange GTP for GDP on RABs",73,0.31509417959136,1.23017010007483,0.148580968280467,0.456895695158606,0.4371517183189,1594,"tags=25%, list=16%, signal=21%","4218/22930/3257/81876/58485/5878/22931/51762/9909/2665/79090/10260/22879/5864/79958/7879/84079/51399",0.14641623786055
"R-HSA-193692","Regulated proteolysis of p75NTR",10,0.497339006204384,1.22992440225051,0.228723404255319,0.563918757467145,0.539549959501031,2620,"tags=50%, list=26%, signal=37%","55851/51107/23385/5970/7189",0.118815039412263
"R-HSA-373752","Netrin-1 signaling",16,-0.421734976024165,-1.22876427299092,0.192982456140351,0.517543859649123,0.495179074673644,466,"tags=19%, list=5%, signal=18%","5879/2534/6478",0.147331213699377
"R-HSA-9764562","Regulation of CDH1 mRNA translation by microRNAs",9,-0.515657613146978,-1.22681319873053,0.224066390041494,0.557234874071215,0.533154908852634,1672,"tags=44%, list=17%, signal=37%","192669/27327/26523/27161",0.131457611642763
"R-HSA-111885","Opioid Signalling",59,0.327873274413454,1.22628768933863,0.14261744966443,0.450975224037955,0.43148709037192,1688,"tags=25%, list=17%, signal=21%","54331/5499/5141/5143/5518/805/2787/2773/5566/5519/113/115/801/5578/5613",0.150169802128406
"R-HSA-9823730","Formation of definitive endoderm",6,-0.57125584441691,-1.22579333713733,0.249457700650759,0.595288878400905,0.56956447356929,2306,"tags=67%, list=23%, signal=51%","4088/8320/4089/7852",0.126875729929857
"R-HSA-977225","Amyloid fiber formation",28,0.387948006275654,1.22536200137307,0.196277495769882,0.5214763901588,0.498941667510178,1847,"tags=43%, list=18%, signal=35%","5045/55851/26088/567/335/9246/23163/6233/102/51107/23385/7314",0.126253987849115
"R-HSA-3000471","Scavenging by Class B Receptors",4,0.662377570514292,1.22398110091331,0.253384912959381,0.596327077747989,0.570557808882677,886,"tags=50%, list=9%, signal=46%","5052/335",0.11776578836269
"R-HSA-5696395","Formation of Incision Complex in GG-NER",42,0.345341897966469,1.22373464320809,0.153710247349823,0.460592352391502,0.440688630744472,2558,"tags=36%, list=26%, signal=27%","7334/7341/7336/6613/9978/6117/6233/6612/7314/7329/6119/2067/6118/2071/5886",0.148261500475107
"R-HSA-2892247","POU5F1 (OCT4), SOX2, NANOG activate genes related to proliferation",2,0.811767631840039,1.2217356518931,0.202,0.528663782858773,0.505818469157291,612,"tags=50%, list=6%, signal=47%","2041",0.136490437780413
"R-HSA-913531","Interferon Signaling",205,0.270340707014356,1.22136563602277,0.0747800586510264,0.29420054200542,0.281487161798221,1757,"tags=24%, list=18%, signal=21%","8638/115362/2633/4684/2634/7412/3659/60/7334/71/3122/834/7280/7341/10376/5045/3312/3309/4502/115361/6772/3383/3123/567/5518/4938/8086/54920/6737/3113/3115/317649/8519/9246/4940/5519/91442/6233/8575/55128/8480/9470/5611/10383/5696/4869/51447/3660/6396/3608",0.197822021315103
"R-HSA-375280","Amine ligand-binding receptors",2,0.809476309226933,1.21828713976152,0.202,0.528663782858773,0.505818469157291,1912,"tags=100%, list=19%, signal=81%","154/153",0.136490437780413
"R-HSA-1650814","Collagen biosynthesis and modifying enzymes",16,0.439258587265017,1.21796198880319,0.216117216117216,0.545393151587842,0.52182490643345,1535,"tags=31%, list=15%, signal=27%","1292/5479/8985/80781/5351",0.125033367555272
"R-HSA-9820960","Respiratory syncytial virus (RSV) attachment and entry",8,0.533247489838102,1.2171196004527,0.257246376811594,0.596327077747989,0.570557808882677,476,"tags=25%, list=5%, signal=24%","5045/5878",0.112378519110475
"R-HSA-163560","Triglyceride catabolism",13,0.467603679050077,1.21656844672244,0.21903052064632,0.550310162739872,0.526529437241859,1454,"tags=31%, list=15%, signal=26%","2168/5499/5566/3991",0.122679189568808
"R-HSA-2565942","Regulation of PLK1 Activity at G2/M Transition",79,0.306889788466291,1.21602485864717,0.156606851549755,0.465151051755191,0.445050333604123,2151,"tags=27%, list=21%, signal=21%","4218/8945/8655/203068/80321/5518/95681/11258/22919/5566/84131/8454/6233/10383/4659/22897/7314/55559/3320/5577/10540",0.140406238523342
"R-HSA-375165","NCAM signaling for neurite out-growth",25,0.395331854076309,1.21557301491289,0.191756272401434,0.515377882356276,0.493106696436246,881,"tags=20%, list=9%, signal=18%","1292/4684/5621/6654/9252",0.132147260608774
"R-HSA-76061","RNA Polymerase III Transcription Initiation From Type 1 Promoter",27,0.376409988017071,1.21463554147997,0.191637630662021,0.515377882356276,0.493106696436246,2225,"tags=37%, list=22%, signal=29%","2975/112495/5434/5435/5440/5441/2976/11128/51728/9533",0.130105630751129
"R-HSA-168928","DDX58/IFIH1-mediated induction of interferon-alpha/beta",63,-0.300226883072235,-1.21379080256582,0.156862745098039,0.465151051755191,0.445050333604123,1452,"tags=21%, list=14%, signal=18%","8517/841/7186/26007/4793/84282/7322/89122/7321/79132/51191/3665/4792",0.175204047558551
"R-HSA-180024","DARPP-32 events",24,0.400977420588142,1.21369604142768,0.2125,0.545393151587842,0.52182490643345,1639,"tags=33%, list=16%, signal=28%","5499/5141/5143/5518/805/5566/5519/801",0.124434168630393
"R-HSA-380994","ATF4 activates genes in response to endoplasmic reticulum  stress",13,-0.452059582082713,-1.2134010813951,0.215730337078652,0.545393151587842,0.52182490643345,1199,"tags=31%, list=12%, signal=27%","467/9709/468/1051",0.140406238523342
"R-HSA-418346","Platelet homeostasis",43,0.34219354558678,1.2122702490467,0.187817258883249,0.511712308836367,0.489599524493432,2182,"tags=33%, list=22%, signal=26%","2268/54331/5518/805/80228/2787/5519/488/493/489/801/7804/5153/5025",0.129442887745046
"R-HSA-1362409","Mitochondrial iron-sulfur cluster biogenesis",12,-0.455383469960482,-1.2115915610641,0.229166666666667,0.563918757467145,0.539549959501031,1422,"tags=33%, list=14%, signal=29%","81894/2230/23479/51218",0.138022242496643
"R-HSA-879518","Organic anion transport by SLCO transporters",2,0.804861487056629,1.21134168819206,0.216,0.545393151587842,0.52182490643345,352,"tags=50%, list=4%, signal=48%","28232",0.131457611642763
"R-HSA-390522","Striated Muscle Contraction",10,0.489402248192483,1.21029671925799,0.24113475177305,0.58192039532255,0.556773686939114,861,"tags=20%, list=9%, signal=18%","7171/7170",0.115240003147781
"R-HSA-8939243","RUNX1 interacts with co-factors whose precise effect on RUNX1 targets is not known",35,-0.339802165852,-1.2101464288534,0.186206896551724,0.510353558787268,0.488299490535959,2682,"tags=49%, list=27%, signal=36%","6595/6045/865/6598/57492/80012/1457/6015/23429/55193/8289/6604/6599/6603/8535/6602/22955",0.154190966581424
"R-HSA-204998","Cell death signalling via NRAGE, NRIF and NADE",52,-0.312953835543143,-1.20998930232752,0.159493670886076,0.467167235494881,0.446979391364114,749,"tags=15%, list=7%, signal=14%","23421/8878/9138/5879/7074/11214/10451/10018",0.176694268938498
"R-HSA-442720","CREB1 phosphorylation through the activation of Adenylate Cyclase",11,0.491589238108842,1.20982332379505,0.247232472324723,0.591725365543547,0.566154951909638,2146,"tags=45%, list=21%, signal=36%","805/5566/801/5613/5577",0.116234148779716
"R-HSA-8963901","Chylomicron remodeling",1,0.911729503291442,1.20922081297189,0.206286836935167,0.535594503787664,0.512449690670993,886,"tags=100%, list=9%, signal=91%","335",0.133554954557592
"R-HSA-9664323","FCGR3A-mediated IL10 synthesis",30,0.373511863808156,1.2085274312187,0.202072538860104,0.528663782858773,0.505818469157291,2146,"tags=33%, list=21%, signal=26%","2268/2214/805/5566/113/115/801/5613/919/5577",0.12563992130984
"R-HSA-5140745","WNT5A-dependent internalization of FZD2, FZD5 and ROR2",8,-0.507985463873506,-1.20836024272238,0.24,0.58,0.554936278261378,1628,"tags=50%, list=16%, signal=42%","160/1212/161/1211",0.131457611642763
"R-HSA-6782135","Dual incision in TC-NER",61,0.318154527360849,1.20729432728149,0.193493150684932,0.518101378438056,0.495712501228456,3195,"tags=49%, list=32%, signal=34%","5111/5434/27339/9978/5435/5440/5436/6117/6233/5441/5982/5984/5439/5438/7314/57804/6119/2067/5432/6118/54107/2071/1161/91603/56655/5425/7316/57461/8450/1642",0.128142916898415
"R-HSA-622312","Inflammasomes",19,-0.395767925466587,-1.20695411372273,0.230068337129841,0.564154124077591,0.53977515514039,778,"tags=32%, list=8%, signal=29%","9447/24145/22861/114548/3162/10628",0.136490437780413
"R-HSA-2559580","Oxidative Stress Induced Senescence",59,-0.305655881512191,-1.20608300863143,0.152709359605911,0.458395989974937,0.438587180425227,2040,"tags=32%, list=20%, signal=26%","9261/4193/80012/8550/192669/6015/5609/5594/1029/27327/26523/23135/23512/8535/5608/22955/5606/2353/3725",0.178219874951973
"R-HSA-9663891","Selective autophagy",69,0.312655237842284,1.20387197863591,0.176567656765677,0.493647147597013,0.472315018727296,2701,"tags=39%, list=27%, signal=29%","7334/7280/8655/10376/3312/7332/5564/7323/401505/11315/139341/2034/6233/5571/56993/10383/9140/7314/3320/7417/7419/10226/9804/123/1460/7416/9474",0.132147260608774
"R-HSA-1296065","Inwardly rectifying K+ channels",7,0.539554671446701,1.20282105100472,0.254545454545455,0.596327077747989,0.570557808882677,965,"tags=29%, list=10%, signal=26%","54331/2787",0.11331290842208
"R-HSA-1296041","Activation of G protein gated Potassium channels",7,0.539554671446701,1.20282105100472,0.254545454545455,0.596327077747989,0.570557808882677,965,"tags=29%, list=10%, signal=26%","54331/2787",0.11331290842208
"R-HSA-1296059","G protein gated Potassium channels",7,0.539554671446701,1.20282105100472,0.254545454545455,0.596327077747989,0.570557808882677,965,"tags=29%, list=10%, signal=26%","54331/2787",0.11331290842208
"R-HSA-8964315","G beta:gamma signalling through BTK",7,0.539554671446701,1.20282105100472,0.254545454545455,0.596327077747989,0.570557808882677,965,"tags=29%, list=10%, signal=26%","54331/2787",0.11331290842208
"R-HSA-997272","Inhibition  of voltage gated Ca2+ channels via Gbeta/gamma subunits",7,0.539554671446701,1.20282105100472,0.254545454545455,0.596327077747989,0.570557808882677,965,"tags=29%, list=10%, signal=26%","54331/2787",0.11331290842208
"R-HSA-1442490","Collagen degradation",13,0.462197280730737,1.20250257448832,0.231597845601436,0.566614020786631,0.542128751562153,1393,"tags=31%, list=14%, signal=27%","1292/5045/80781/102",0.118815039412263
"R-HSA-1170546","Prolactin receptor signaling",9,0.504296249182111,1.20223045766954,0.255769230769231,0.596327077747989,0.570557808882677,2886,"tags=56%, list=29%, signal=40%","8945/9978/8454/6500/5781",0.116739204791222
"R-HSA-199992","trans-Golgi Network Vesicle Budding",62,0.319099309695241,1.2018308809377,0.167218543046358,0.480858701096333,0.460079203372413,1279,"tags=26%, list=13%, signal=23%","8673/23557/375/3312/5878/4074/1174/6643/2647/8775/130340/6810/8906/2512/1777/8907",0.136490437780413
"R-HSA-8963888","Chylomicron assembly",3,0.706080176825549,1.20152962660825,0.254335260115607,0.596327077747989,0.570557808882677,1613,"tags=67%, list=16%, signal=56%","335/51128",0.117249716749792
"R-HSA-9841251","Mitochondrial unfolded protein response (UPRmt)",16,0.433087896839897,1.20085209818213,0.236263736263736,0.573400358506742,0.548621829143916,877,"tags=25%, list=9%, signal=23%","847/3313/22809/3336",0.118815039412263
"R-HSA-5625886","Activated PKN1 stimulates transcription of AR (androgen receptor) regulated genes KLK2 and KLK3",4,-0.624867232158362,-1.20078097764594,0.278350515463918,0.61851653501138,0.591788386176446,2890,"tags=50%, list=29%, signal=36%","23028/23081",0.115734447701689
"R-HSA-9820448","Developmental Cell Lineages of the Exocrine Pancreas",9,0.503437721855453,1.20018374861206,0.255769230769231,0.596327077747989,0.570557808882677,676,"tags=33%, list=7%, signal=31%","301/302/972",0.116739204791222
"R-HSA-446219","Synthesis of substrates in N-glycan biosythesis",51,0.324609624858333,1.20014033178548,0.197301854974705,0.522575036937647,0.499992838121518,2408,"tags=31%, list=24%, signal=24%","8818/79644/29880/6480/5476/29926/55577/282969/8813/22845/64841/5973/8790/140838/5238/6483",0.12563992130984
"R-HSA-1462054","Alpha-defensins",1,0.903550768003192,1.1983734104269,0.222003929273084,0.554523683191602,0.530560877514033,968,"tags=100%, list=10%, signal=90%","920",0.128142916898415
"R-HSA-9706574","RHOBTB GTPase Cycle",32,0.359853955867155,1.19739726294769,0.221818181818182,0.554523683191602,0.530560877514033,3039,"tags=50%, list=30%, signal=35%","71/23221/4646/51138/10574/908/11140/9352/9318/3320/10576/2873/1627/5756/11329/8452",0.122679189568808
"R-HSA-69205","G1/S-Specific Transcription",20,0.406861328150842,1.19718412161899,0.218965517241379,0.550310162739872,0.526529437241859,2530,"tags=45%, list=25%, signal=34%","3065/5111/7298/1869/26271/132660/7083/5933/5928",0.119887845115423
"R-HSA-5357786","TNFR1-induced proapoptotic signaling",23,-0.375267480583945,-1.19702935922488,0.213776722090261,0.545393151587842,0.52182490643345,3624,"tags=61%, list=36%, signal=39%","8737/29110/331/220213/8772/56957/329/7128/7132/841/7186/8717/81858/142678",0.14551614609036
"R-HSA-975634","Retinoid metabolism and transport",12,0.465336999678898,1.19540103838065,0.245614035087719,0.590232603981865,0.564726697521066,1892,"tags=25%, list=19%, signal=20%","335/29967/7804",0.11331290842208
"R-HSA-933543","NF-kB activation through FADD/RIP-1 pathway mediated by caspase-8 and -10",12,-0.448794717256768,-1.19406155020435,0.247685185185185,0.591884569625491,0.566307276255703,1452,"tags=33%, list=14%, signal=29%","8517/841/84282/89122",0.132147260608774
"R-HSA-2162123","Synthesis of Prostaglandins (PG) and Thromboxanes (TX)",7,0.535322279793833,1.19338584444351,0.269090909090909,0.603699066697018,0.577611229763294,1053,"tags=29%, list=11%, signal=26%","6916/873",0.109684061970549
"R-HSA-3134975","Regulation of innate immune responses to cytosolic DNA",11,0.484852838280699,1.19324473948379,0.263837638376384,0.597909396224999,0.572071750135532,3297,"tags=64%, list=33%, signal=43%","6737/6233/7314/22954/51428/7316/81030",0.111918316325105
"R-HSA-111933","Calmodulin induced events",24,0.394084513367134,1.19283228756395,0.232142857142857,0.566614020786631,0.542128751562153,2146,"tags=38%, list=21%, signal=30%","805/5566/113/115/801/5578/5613/5153/5577",0.118287526124085
"R-HSA-111997","CaM pathway",24,0.394084513367134,1.19283228756395,0.232142857142857,0.566614020786631,0.542128751562153,2146,"tags=38%, list=21%, signal=30%","805/5566/113/115/801/5578/5613/5153/5577",0.118287526124085
"R-HSA-8983432","Interleukin-15 signaling",13,0.458429264291143,1.19269929424798,0.242369838420108,0.584077173995499,0.558837264059458,453,"tags=23%, list=5%, signal=22%","3561/3560/6654",0.115734447701689
"R-HSA-9833482","PKR-mediated signaling",56,0.32533248252615,1.19105567886065,0.197255574614065,0.522575036937647,0.499992838121518,1924,"tags=29%, list=19%, signal=23%","7280/7341/10376/3312/6772/5518/54920/9246/5519/91442/8575/5611/10383/4869/3608/7329",0.126875729929857
"R-HSA-392451","G beta:gamma signalling through PI3Kgamma",15,0.440609601273496,1.19052483757845,0.257443082311734,0.596327077747989,0.570557808882677,1248,"tags=27%, list=12%, signal=23%","54331/2787/387/23533",0.110122263835536
"R-HSA-73980","RNA Polymerase III Transcription Termination",20,0.404486798775507,1.19019710007681,0.225862068965517,0.56088534107402,0.536647627081001,2225,"tags=45%, list=22%, signal=35%","5434/5435/5440/5441/6741/11128/4782/51728/9533",0.11776578836269
"R-HSA-9772572","Early SARS-CoV-2 Infection Events",22,-0.374069579421308,-1.19007757581522,0.211494252873563,0.544979919678715,0.521429531644295,1720,"tags=36%, list=17%, signal=30%","7415/7405/128866/23479/1655/81631/30849/5925",0.143758989039275
"R-HSA-917937","Iron uptake and transport",39,0.34910026890669,1.18995394414859,0.203478260869565,0.530718451749735,0.507784348997653,3099,"tags=62%, list=31%, signal=43%","10539/7036/8992/9114/533/26234/9550/4738/9296/2512/8454/6233/528/7314/28982/23545/523/529/6500/3163/51382/535/7316/79689",0.12563992130984
"R-HSA-9634638","Estrogen-dependent nuclear events downstream of ESR-membrane signaling",16,-0.408125484098069,-1.18911174615997,0.221491228070175,0.554523683191602,0.530560877514033,1637,"tags=25%, list=16%, signal=21%","374/7514/5594/2353",0.136490437780413
"R-HSA-8964058","HDL remodeling",4,0.643220592636935,1.18858168535898,0.30174081237911,0.645151203720947,0.617272082601294,3580,"tags=100%, list=36%, signal=64%","335/9619/5360/3931",0.106323255932708
"R-HSA-888590","GABA synthesis, release, reuptake and degradation",7,0.53311848110361,1.18847294942646,0.274545454545455,0.613247092333254,0.58674665357591,1322,"tags=43%, list=13%, signal=37%","6804/3312/5864",0.108394255853397
"R-HSA-1482925","Acyl chain remodelling of PG",5,-0.585268199210288,-1.18747933215013,0.291220556745182,0.634749519224212,0.607319889356006,1423,"tags=60%, list=14%, signal=52%","79888/54675/81579",0.115240003147781
"R-HSA-9013407","RHOH GTPase cycle",30,0.366806331097289,1.18683114521751,0.22279792746114,0.554886832439607,0.530908333879795,2028,"tags=37%, list=20%, signal=29%","3932/10376/9528/397/396/1445/56924/7879/55004/2040/55968",0.118815039412263
"R-HSA-5626467","RHO GTPases activate IQGAPs",19,0.410572060407961,1.18682627800632,0.229129662522202,0.563918757467145,0.539549959501031,1639,"tags=37%, list=16%, signal=31%","60/71/7280/10376/805/10383/801",0.118815039412263
"R-HSA-199418","Negative regulation of the PI3K/AKT network",58,0.313804159898036,1.18546787755654,0.208264462809917,0.538456696878147,0.515188198914611,1290,"tags=19%, list=13%, signal=17%","2323/5293/3932/5880/8660/5518/79837/391/23533/5519/4615",0.120433371642259
"R-HSA-446193","Biosynthesis of the N-glycan precursor (dolichol lipid-linked oligosaccharide, LLO) and transfer to a nascent protein",66,0.307313610616502,1.18430685711147,0.205298013245033,0.533837235049015,0.510768359336974,2408,"tags=30%, list=24%, signal=23%","8818/79644/29880/6480/5476/29926/9526/55577/91869/282969/8813/22845/64841/5973/8790/79796/79053/140838/5238/6483",0.121543282035469
"R-HSA-212676","Dopamine Neurotransmitter Release Cycle",7,0.530883093982257,1.18348963479868,0.276363636363636,0.615700757575758,0.589094287813452,1322,"tags=57%, list=13%, signal=50%","6804/8573/55327/5864",0.107972360317345
"R-HSA-390471","Association of TriC/CCT with target proteins during biosynthesis",29,0.366053229834214,1.18321563336713,0.214285714285714,0.545393151587842,0.52182490643345,2229,"tags=31%, list=22%, signal=24%","10694/26270/26234/10574/908/6950/22948/10576/26272",0.122107920287081
"R-HSA-8866427","VLDLR internalisation and degradation",13,-0.440385196891425,-1.18206514211367,0.253932584269663,0.596327077747989,0.570557808882677,410,"tags=23%, list=4%, signal=22%","161/1211/29116",0.128142916898415
"R-HSA-9013406","RHOQ GTPase cycle",38,-0.321337938793386,-1.18186573766708,0.198067632850242,0.522984135504264,0.500384258183588,934,"tags=18%, list=9%, signal=17%","23380/2909/23048/144402/9497/23513/54438",0.153158808683073
"R-HSA-167287","HIV elongation arrest and recovery",29,0.365339216320546,1.18090768500621,0.214285714285714,0.545393151587842,0.52182490643345,2493,"tags=41%, list=25%, signal=31%","6827/5434/5435/5440/5436/5441/5439/5438/7936/51497/5432/8178",0.122107920287081
"R-HSA-167290","Pausing and recovery of HIV elongation",29,0.365339216320546,1.18090768500621,0.214285714285714,0.545393151587842,0.52182490643345,2493,"tags=41%, list=25%, signal=31%","6827/5434/5435/5440/5436/5441/5439/5438/7936/51497/5432/8178",0.122107920287081
"R-HSA-9670095","Inhibition of DNA recombination at telomere",20,0.401324885658793,1.18089321220309,0.232758620689655,0.567307692307692,0.542792447238417,2175,"tags=50%, list=22%, signal=39%","26277/1616/5434/5435/5440/5436/5441/5439/5438/5432",0.115734447701689
"R-HSA-5694530","Cargo concentration in the ER",25,0.383490676552426,1.1791635636774,0.229390681003584,0.563918757467145,0.539549959501031,2257,"tags=32%, list=23%, signal=25%","1075/966/10960/10959/10972/51128/9570/10175",0.119348440591015
"R-HSA-983695","Antigen activates B Cell Receptor (BCR) leading to generation of second messengers",25,0.383059121204585,1.17783661005637,0.229390681003584,0.563918757467145,0.539549959501031,862,"tags=24%, list=9%, signal=22%","5293/27071/6654/805/974/80228",0.119348440591015
"R-HSA-4641265","Repression of WNT target genes",7,-0.532890746386916,-1.17672710757118,0.292035398230089,0.635715733297305,0.608244350117602,467,"tags=29%, list=5%, signal=27%","7091/7088",0.117249716749792
"R-HSA-438066","Unblocking of NMDA receptors, glutamate binding and activation",7,0.527495451752218,1.17593761532188,0.281818181818182,0.622316518726997,0.595424160005064,1639,"tags=29%, list=16%, signal=24%","805/801",0.106729884364606
"R-HSA-9027276","Erythropoietin activates Phosphoinositide-3-kinase (PI3K)",10,0.475163037637402,1.17508300725873,0.264184397163121,0.597909396224999,0.572071750135532,1248,"tags=30%, list=12%, signal=26%","5293/8660/23533",0.109250039480711
"R-HSA-983231","Factors involved in megakaryocyte development and platelet production",88,0.288128606502367,1.17466975806902,0.176570458404075,0.493647147597013,0.472315018727296,2208,"tags=24%, list=22%, signal=19%","3043/124602/3659/60/7280/10376/10019/3065/832/23186/11127/5566/51317/10383/3660/11311/55582/3833/1017/5577/998",0.134273452883202
"R-HSA-1834941","STING mediated induction of host immune responses",10,0.474583149849578,1.17364893888301,0.265957446808511,0.599763087597152,0.57384533736158,1298,"tags=30%, list=13%, signal=26%","197358/6737/2547",0.108820126769161
"R-HSA-8875656","MET receptor recycling",7,-0.531387452246936,-1.1734075397664,0.29424778761062,0.638380168140332,0.610793645902877,1520,"tags=57%, list=15%, signal=49%","5867/2885/1398/382",0.116739204791222
"R-HSA-9607240","FLT3 Signaling",32,0.352631617538677,1.17336526884119,0.247272727272727,0.591725365543547,0.566154951909638,1347,"tags=28%, list=13%, signal=24%","2323/8835/3932/6654/10019/1445/84174/9402/6233",0.115240003147781
"R-HSA-9913351","Formation of the dystrophin-glycoprotein complex (DGC)",11,-0.449564015214338,-1.17300104823204,0.269565217391304,0.603699066697018,0.577611229763294,1673,"tags=45%, list=17%, signal=38%","1605/7402/59/3912/6645",0.121543282035469
"R-HSA-8939211","ESR-mediated signaling",123,-0.257941667505666,-1.17273508973766,0.126050420168067,0.41555350463885,0.397596060832337,1680,"tags=21%, list=17%, signal=18%","3265/192669/2793/374/5170/7392/3727/9166/7514/7391/5594/27327/5590/1655/5295/26523/5431/8503/23030/2353/27161/2288/3725/55625/2354/2289",0.211400189384923
"R-HSA-397795","G-protein beta:gamma signalling",21,0.391347586499622,1.17076992871955,0.269230769230769,0.603699066697018,0.577611229763294,3502,"tags=52%, list=35%, signal=34%","54331/2787/387/23533/998/5294/23236/2790/5058/5330/2782",0.107140237276725
"R-HSA-1660516","Synthesis of PIPs at the early endosome membrane",16,-0.401293720410691,-1.16920676407927,0.239035087719298,0.578485198143875,0.553486936012513,829,"tags=25%, list=8%, signal=23%","200576/5286/30849/22876",0.130777137971974
"R-HSA-9931509","Expression of BMAL (ARNTL), CLOCK, and NPAS2",31,0.358717927315503,1.16829046605582,0.252650176678445,0.596327077747989,0.570557808882677,694,"tags=13%, list=7%, signal=12%","6256/6095/80205/9572",0.111918316325105
"R-HSA-9619665","EGR2 and SOX10-mediated initiation of Schwann cell myelination",14,-0.419406331703104,-1.16618794015238,0.257336343115124,0.596327077747989,0.570557808882677,1673,"tags=43%, list=17%, signal=36%","1605/7402/1595/3156/4664/3912",0.127505315300183
"R-HSA-392518","Signal amplification",14,0.432361517837817,1.16585671964624,0.255813953488372,0.596327077747989,0.570557808882677,1180,"tags=21%, list=12%, signal=19%","54331/2787/2773",0.111918316325105
"R-HSA-5654710","PI-3K cascade:FGFR3",5,-0.573935305819353,-1.16448546934783,0.308351177730193,0.653294185801559,0.625063179445715,966,"tags=40%, list=10%, signal=36%","5295/2885",0.11146266692298
"R-HSA-5654720","PI-3K cascade:FGFR4",5,-0.573935305819353,-1.16448546934783,0.308351177730193,0.653294185801559,0.625063179445715,966,"tags=40%, list=10%, signal=36%","5295/2885",0.11146266692298
"R-HSA-110320","Translesion Synthesis by POLH",18,0.401776576279408,1.16413200985054,0.257826887661142,0.596327077747989,0.570557808882677,3026,"tags=56%, list=30%, signal=39%","5111/6117/6233/5982/5984/7314/6119/6118/83932/7316",0.11331290842208
"R-HSA-159854","Gamma-carboxylation, transport, and amino-terminal cleavage of proteins",2,0.772668329177057,1.1628899796171,0.28,0.620569948186529,0.593753064564635,2281,"tags=100%, list=23%, signal=77%","5045/2677",0.11331290842208
"R-HSA-77595","Processing of Intronless Pre-mRNAs",20,0.395013570775326,1.16232225093881,0.262068965517241,0.597909396224999,0.572071750135532,3465,"tags=50%, list=35%, signal=33%","1478/1477/11052/10978/22916/81608/11051/10914/4686/51692",0.107972360317345
"R-HSA-1989781","PPARA activates gene expression",91,0.287809355469994,1.16223133290226,0.167974882260597,0.481415449828946,0.460611893147591,3240,"tags=40%, list=32%, signal=27%","6256/2168/11010/6095/84498/1374/80205/9572/9612/335/4802/84246/219541/2274/196/9477/892/9439/8202/57491/7376/29079/123/405/2180/80306/2033/34/23097/9443/23389/2874/133522/23054/6720/9441",0.132147260608774
"R-HSA-15869","Metabolism of nucleotides",73,0.297586366422126,1.16181724028409,0.217028380634391,0.54688594884454,0.523253194974537,1944,"tags=30%, list=19%, signal=24%","7378/4831/955/7295/3704/8226/4907/3614/4860/7298/353/5198/1716/102157402/271/4830/3615/3251/204/54963/100/8833",0.118287526124085
"R-HSA-8956319","Nucleotide catabolism",22,0.380698656803069,1.1610061418189,0.246913580246914,0.591725365543547,0.566154951909638,813,"tags=23%, list=8%, signal=21%","7378/955/3704/4907/4860",0.11331290842208
"R-HSA-445144","Signal transduction by L1",14,0.430507037574609,1.16085613983719,0.261180679785331,0.597909396224999,0.572071750135532,103,"tags=14%, list=1%, signal=14%","3688/4684",0.110564716336619
"R-HSA-6802948","Signaling by high-kinase activity BRAF mutants",26,0.374865765887726,1.1601572777505,0.254512635379061,0.596327077747989,0.570557808882677,815,"tags=23%, list=8%, signal=21%","60/71/409/7414/369/1445",0.112843355675562
"R-HSA-9006936","Signaling by TGFB family members",105,0.278505563258317,1.16011671439659,0.191596638655462,0.515377882356276,0.493106696436246,1847,"tags=24%, list=18%, signal=20%","3688/7076/6256/5499/9040/409/5045/55851/10589/7046/3065/6772/11171/9612/4738/7049/7323/387/6233/7050/51107/9958/892/23385/7314",0.127505315300183
"R-HSA-210991","Basigin interactions",15,0.42888265011982,1.15883867691112,0.283712784588441,0.624752348044817,0.597754729067325,144,"tags=20%, list=1%, signal=20%","481/3688/6693",0.103958471559957
"R-HSA-195258","RHO GTPase Effectors",196,0.253340302012385,1.15866028866774,0.168639053254438,0.482510735983852,0.461659848358685,1754,"tags=21%, list=17%, signal=18%","3688/4689/4637/60/10095/1072/71/103910/7280/8655/10376/11243/55845/5880/10092/10096/10109/10094/25936/4085/389/5518/8379/805/332/22919/23433/391/387/3984/5519/10006/10093/79682/348235/10383/801/4659/5578/147179/10971/6396",0.127505315300183
"R-HSA-1433557","Signaling by SCF-KIT",32,-0.331224730194176,-1.15716840629765,0.267699115044248,0.60188329282616,0.575873921497677,966,"tags=22%, list=10%, signal=20%","5295/2885/8503/10750/5879/2534/8651",0.123257226381337
"R-HSA-9620244","Long-term potentiation",8,0.50680128769088,1.15675702659288,0.318840579710145,0.66610040523084,0.637315999702066,1639,"tags=25%, list=16%, signal=21%","805/801",0.0988903007520636
"R-HSA-5362517","Signaling by Retinoic Acid",21,0.386350129410182,1.15581935106884,0.29020979020979,0.634597988131423,0.60717490642381,1014,"tags=24%, list=10%, signal=21%","10901/6256/5916/5162/1738",0.102449405629826
"R-HSA-113418","Formation of the Early Elongation Complex",32,0.347320100986317,1.15569144511853,0.26,0.596327077747989,0.570557808882677,2391,"tags=41%, list=24%, signal=31%","6827/5434/5435/5440/5436/5441/5439/5438/7936/51497/5432/2071/22916",0.111918316325105
"R-HSA-167158","Formation of the HIV-1 Early Elongation Complex",32,0.347320100986317,1.15569144511853,0.26,0.596327077747989,0.570557808882677,2391,"tags=41%, list=24%, signal=31%","6827/5434/5435/5440/5436/5441/5439/5438/7936/51497/5432/2071/22916",0.111918316325105
"R-HSA-5663084","Diseases of carbohydrate metabolism",25,0.375836754556104,1.15562915596134,0.261648745519713,0.597909396224999,0.572071750135532,1847,"tags=36%, list=18%, signal=29%","3795/411/229/2992/22934/6888/6233/92579/7314",0.110564716336619
"R-HSA-9674555","Signaling by CSF3 (G-CSF)",23,-0.362040949551645,-1.15483933001764,0.2541567695962,0.596327077747989,0.570557808882677,681,"tags=17%, list=7%, signal=16%","2885/7322/7321/8651",0.132147260608774
"R-HSA-451326","Activation of kainate receptors upon glutamate binding",16,0.416237575231285,1.15413007199208,0.3003663003663,0.64482652437483,0.616961433725497,1639,"tags=25%, list=16%, signal=21%","54331/805/2787/801",0.103197466945307
"R-HSA-2559582","Senescence-Associated Secretory Phenotype (SASP)",43,-0.312868178831796,-1.15327099050478,0.228710462287105,0.563918757467145,0.539549959501031,1162,"tags=21%, list=12%, signal=19%","51343/5594/1029/8881/7321/27338/2353/3725/1051",0.142056643575821
"R-HSA-1592230","Mitochondrial biogenesis",68,0.296898795022066,1.15317396628701,0.239024390243902,0.578485198143875,0.553486936012513,3330,"tags=44%, list=33%, signal=30%","6256/80205/9572/3313/5564/805/8834/11232/55735/84303/5571/64216/10989/801/6742/4580/54205/10651/25813/139322/6648/3054/7978/7019/5565/133522/23054/51106/5465/2746",0.110122263835536
"R-HSA-3928665","EPH-ephrin mediated repulsion of cells",29,-0.33716994110957,-1.1523420112409,0.259345794392523,0.596327077747989,0.570557808882677,781,"tags=24%, list=8%, signal=22%","1212/5879/2534/161/7074/1211/10451",0.129442887745046
"R-HSA-73780","RNA Polymerase III Chain Elongation",17,0.408038056385891,1.1515915131933,0.285714285714286,0.627544470933431,0.600426195074662,2225,"tags=41%, list=22%, signal=32%","5434/5435/5440/5441/11128/51728/9533",0.104732821580651
"R-HSA-5576892","Phase 0 - rapid depolarisation",7,0.516467706832938,1.15135363072129,0.307272727272727,0.653294185801559,0.625063179445715,1639,"tags=43%, list=16%, signal=36%","805/29098/801",0.101350743797099
"R-HSA-6791312","TP53 Regulates Transcription of Cell Cycle Genes",36,-0.32548343126797,-1.15116103556413,0.233668341708543,0.568714840203864,0.544138787611633,1245,"tags=25%, list=12%, signal=22%","1874/5325/4849/55571/246175/7832/1263/1647/28984",0.142901149386948
"R-HSA-5578775","Ion homeostasis",26,0.371815692779272,1.15071772675265,0.259927797833935,0.596327077747989,0.570557808882677,1639,"tags=35%, list=16%, signal=29%","481/805/80228/5566/488/493/444/489/801",0.11146266692298
"R-HSA-5083625","Defective GALNT3 causes HFTC",2,0.763890274314214,1.14967873275339,0.29,0.634597988131423,0.60717490642381,2369,"tags=100%, list=24%, signal=76%","2591/10071",0.11101149245045
"R-HSA-68886","M Phase",292,0.241240581890425,1.148187406186,0.13855421686747,0.441464180745328,0.422387050773311,2314,"tags=27%, list=23%, signal=22%","5687/5689/7280/5702/5685/5704/7341/8655/10376/5691/203068/11243/8815/81876/5690/5683/9232/5694/80321/5714/5682/25936/4085/9861/25906/5518/8379/11047/8086/5713/5695/332/5705/246184/95681/11258/22919/5719/5700/5566/10213/84131/5519/5686/6233/79682/348235/27436/8480/5692/5684/10383/79643/5578/23175/5901/26271/22897/10776/7443/26003/6396/5688/51529/29922/27243/7314/7329/55559/3320/5861/5577/23165/10540/10393/5718/5706/3930/29945/55920",0.143758989039275
"R-HSA-162594","Early Phase of HIV Life Cycle",14,0.424803065779278,1.14547546054011,0.280858676207513,0.62166778135971,0.594803456728906,2030,"tags=36%, list=20%, signal=29%","8815/920/2547/1234/5478",0.105920292736253
"R-HSA-6785631","ERBB2 Regulates Cell Motility",3,0.673038527910344,1.14530298070226,0.317919075144509,0.66610040523084,0.637315999702066,1210,"tags=33%, list=12%, signal=29%","387",0.102821842840815
"R-HSA-9768919","NPAS4 regulates expression of target genes",12,-0.430312196191589,-1.14488702361975,0.273148148148148,0.610923505204551,0.584523476345878,2008,"tags=42%, list=20%, signal=33%","4193/8851/7514/5594/2353",0.125033367555272
"R-HSA-9705462","Inactivation of CSF3 (G-CSF) signaling",19,-0.375292768844613,-1.14451202854143,0.28246013667426,0.622795481765024,0.595882425463249,485,"tags=16%, list=5%, signal=15%","7322/7321/8651",0.121543282035469
"R-HSA-196849","Metabolism of water-soluble vitamins and cofactors",86,-0.26631160873877,-1.14408544625246,0.219638242894057,0.551027908492275,0.527216166822162,1316,"tags=19%, list=13%, signal=16%","92014/84875/79581/9962/8034/23475/8884/79668/25902/56965/80025/8875/32/6470/26119/93100",0.150169802128406
"R-HSA-8874081","MET activates PTK2 signaling",6,0.543056350276924,1.14273478295256,0.33826247689464,0.683261880924061,0.653735871168737,26,"tags=17%, list=0%, signal=17%","3688",0.0965629554309422
"R-HSA-4755510","SUMOylation of immune response proteins",12,-0.429434096038972,-1.14255075363003,0.277777777777778,0.618046525068632,0.591338686920628,284,"tags=17%, list=3%, signal=16%","51588/4792",0.12384217120105
"R-HSA-76071","RNA Polymerase III Transcription Initiation From Type 3 Promoter",27,0.354009173975187,1.14235046467664,0.275261324041812,0.614044492093273,0.58750959505024,2225,"tags=33%, list=22%, signal=26%","55290/5434/5435/5440/5441/6617/11128/51728/9533",0.105520936843198
"R-HSA-442755","Activation of NMDA receptors and postsynaptic events",48,0.313340693342174,1.14059774395747,0.266787658802178,0.600623268698061,0.574668347187044,1688,"tags=25%, list=17%, signal=21%","7280/10376/5564/805/8573/55327/5566/5571/5924/10383/801/5613",0.110122263835536
"R-HSA-204005","COPII-mediated vesicle transport",61,0.300317418829897,1.13960822479803,0.258561643835616,0.596327077747989,0.570557808882677,2825,"tags=41%, list=28%, signal=30%","1075/81876/58485/966/10960/10959/79090/8775/9919/10972/10282/51399/51128/6396/9117/5861/9570/22870/10175/23256/55014/6399/6811/27095/5537",0.108394255853397
"R-HSA-2644602","Signaling by NOTCH1 PEST Domain Mutants in Cancer",45,0.314961074775243,1.13832716976127,0.263525305410122,0.597909396224999,0.572071750135532,3150,"tags=47%, list=31%, signal=32%","55851/4851/3065/9612/9978/8454/6233/102/51107/892/23385/7314/4609/3066/8850/55869/2033/6500/7316/57534/9794",0.108394255853397
"R-HSA-2644603","Signaling by NOTCH1 in Cancer",45,0.314961074775243,1.13832716976127,0.263525305410122,0.597909396224999,0.572071750135532,3150,"tags=47%, list=31%, signal=32%","55851/4851/3065/9612/9978/8454/6233/102/51107/892/23385/7314/4609/3066/8850/55869/2033/6500/7316/57534/9794",0.108394255853397
"R-HSA-2644606","Constitutive Signaling by NOTCH1 PEST Domain Mutants",45,0.314961074775243,1.13832716976127,0.263525305410122,0.597909396224999,0.572071750135532,3150,"tags=47%, list=31%, signal=32%","55851/4851/3065/9612/9978/8454/6233/102/51107/892/23385/7314/4609/3066/8850/55869/2033/6500/7316/57534/9794",0.108394255853397
"R-HSA-2894858","Signaling by NOTCH1 HD+PEST Domain Mutants in Cancer",45,0.314961074775243,1.13832716976127,0.263525305410122,0.597909396224999,0.572071750135532,3150,"tags=47%, list=31%, signal=32%","55851/4851/3065/9612/9978/8454/6233/102/51107/892/23385/7314/4609/3066/8850/55869/2033/6500/7316/57534/9794",0.108394255853397
"R-HSA-2894862","Constitutive Signaling by NOTCH1 HD+PEST Domain Mutants",45,0.314961074775243,1.13832716976127,0.263525305410122,0.597909396224999,0.572071750135532,3150,"tags=47%, list=31%, signal=32%","55851/4851/3065/9612/9978/8454/6233/102/51107/892/23385/7314/4609/3066/8850/55869/2033/6500/7316/57534/9794",0.108394255853397
"R-HSA-9942503","Differentiation of naive CD4+ T cells to T helper 1 cells (Th1 cells)",12,0.442954647890291,1.137903167831,0.310526315789474,0.655597105223734,0.627266582089297,2494,"tags=42%, list=25%, signal=31%","2833/6772/30009/6775/8459",0.0985499803531691
"R-HSA-3560801","Defective B3GAT3 causes JDSSDHD",4,-0.5921453031332,-1.13790062818422,0.354639175257732,0.699036281179138,0.668828607322802,2137,"tags=50%, list=21%, signal=39%","2817/26229",0.10027910675413
"R-HSA-9934037","Formation of neuronal progenitor and neuronal BAF (npBAF and nBAF)",21,-0.364238129966404,-1.13707766738948,0.290697674418605,0.634597988131423,0.60717490642381,1449,"tags=33%, list=14%, signal=29%","9275/8289/6604/6599/6603/6602/9274",0.120985142145252
"R-HSA-6802946","Signaling by moderate kinase activity BRAF mutants",34,0.337728232017883,1.1359891035883,0.259856630824373,0.596327077747989,0.570557808882677,815,"tags=21%, list=8%, signal=19%","60/71/409/7414/369/805/1445",0.11101149245045
"R-HSA-6802949","Signaling by RAS mutants",34,0.337728232017883,1.1359891035883,0.259856630824373,0.596327077747989,0.570557808882677,815,"tags=21%, list=8%, signal=19%","60/71/409/7414/369/805/1445",0.11101149245045
"R-HSA-6802955","Paradoxical activation of RAF signaling by kinase inactive BRAF",34,0.337728232017883,1.1359891035883,0.259856630824373,0.596327077747989,0.570557808882677,815,"tags=21%, list=8%, signal=19%","60/71/409/7414/369/805/1445",0.11101149245045
"R-HSA-9649948","Signaling downstream of RAS mutants",34,0.337728232017883,1.1359891035883,0.259856630824373,0.596327077747989,0.570557808882677,815,"tags=21%, list=8%, signal=19%","60/71/409/7414/369/805/1445",0.11101149245045
"R-HSA-400042","Adrenaline,noradrenaline inhibits insulin secretion",10,0.459346460885946,1.13596845267122,0.290780141843972,0.634597988131423,0.60717490642381,965,"tags=20%, list=10%, signal=18%","54331/2787",0.103197466945307
"R-HSA-9612973","Autophagy",132,0.260635240307359,1.134261325345,0.213716108452951,0.545393151587842,0.52182490643345,2729,"tags=33%, list=27%, signal=25%","3043/7334/7280/11152/8655/10376/3312/7332/389541/10542/5564/28956/7323/401505/11315/139341/2034/51160/7251/6233/5571/115201/56993/55004/10383/79643/9140/11337/27243/7314/3320/7417/7419/10226/23192/3920/9804/8678/79720/123/1460/7416/9474/29082",0.116234148779716
"R-HSA-416476","G alpha (q) signalling events",74,0.292165507743511,1.1341590379324,0.2448,0.589103797468354,0.563646670477126,965,"tags=19%, list=10%, signal=17%","301/10911/8477/54331/10287/6654/10316/1609/8111/10800/29933/27334/5588/2787",0.107554375265169
"R-HSA-399956","CRMPs in Sema3A signaling",9,-0.476161620979275,-1.13284735152314,0.329875518672199,0.674655279147987,0.645501189172026,2204,"tags=44%, list=22%, signal=35%","1808/8851/2932/2534",0.105125131597001
"R-HSA-9700206","Signaling by ALK in cancer",80,-0.265424602181107,-1.1324584014751,0.215584415584416,0.545393151587842,0.52182490643345,1105,"tags=18%, list=11%, signal=16%","5594/3831/5295/26523/5495/2885/8878/5925/9648/27161/3725/3726/1051/3586",0.152144922367565
"R-HSA-9725370","Signaling by ALK fusions and activated point mutants",80,-0.265424602181107,-1.1324584014751,0.215584415584416,0.545393151587842,0.52182490643345,1105,"tags=18%, list=11%, signal=16%","5594/3831/5295/26523/5495/2885/8878/5925/9648/27161/3725/3726/1051/3586",0.152144922367565
"R-HSA-5688426","Deubiquitination",199,0.250824926465271,1.13183970760621,0.21505376344086,0.545393151587842,0.52182490643345,2698,"tags=37%, list=27%, signal=28%","154/5687/60/5689/409/5702/5685/5704/5691/5690/5683/5694/7046/79594/23770/5714/5682/9861/11047/5713/54764/10445/25862/5695/4738/5705/29086/8078/5719/5700/10318/10213/387/10474/5686/6233/7347/5692/5684/1540/86/9958/29761/5688/8312/8295/7314/93973/330/580/7417/7419/4609/29844/126119/5718/57646/5706/4087/55611/63967/5701/9804/8850/8658/9960/8678/8607/5886/171023/7189/7416/5707/2033",0.11331290842208
"R-HSA-170968","Frs2-mediated activation",10,-0.440182028048054,-1.13181480420686,0.319634703196347,0.666945094108475,0.638124186774555,1105,"tags=30%, list=11%, signal=27%","5594/673/5604",0.11331290842208
"R-HSA-4641263","Regulation of FZD by ubiquitination",6,0.537410605189513,1.13085463592218,0.345656192236599,0.689298070998626,0.659511217470215,3026,"tags=67%, list=30%, signal=47%","6233/54894/7314/7316",0.0952879846194844
"R-HSA-9705683","SARS-CoV-2-host interactions",163,0.256146189962316,1.13063059649608,0.222565687789799,0.554886832439607,0.530908333879795,2945,"tags=36%, list=29%, signal=26%","6231/79760/6637/6204/7334/6632/51065/6208/23118/6772/54960/6203/6222/567/6635/8086/7284/6628/6191/6633/6634/7555/6233/8480/6194/6636/6223/51128/6209/9908/10971/11311/6396/6207/6606/7314/3320/10146/23165/3133/6189/9636/26276/8678/7189/9641/53371/6229/6228/7534/6188/7529/3838/11218/5781/6232/79833/7531",0.11146266692298
"R-HSA-1226099","Signaling by FGFR in disease",42,0.318935480376972,1.13016230750956,0.265017667844523,0.59900294541873,0.5731180434453,3282,"tags=45%, list=33%, signal=31%","1523/6654/6772/5434/5435/5440/5436/5441/5439/5438/11052/5432/22916/9208/613/4893/8805/27006/4686",0.108820126769161
"R-HSA-3214842","HDMs demethylate histones",19,-0.369887241050763,-1.12802705442449,0.296127562642369,0.640104751215862,0.61244370402958,2890,"tags=47%, list=29%, signal=34%","23028/23081/5253/10765/5927/84159/23133/23135/23030",0.118287526124085
"R-HSA-9856532","Mechanical load activates signaling by PIEZO1 and integrins in osteocytes",9,0.473041284578387,1.12771935341103,0.321153846153846,0.667431404958678,0.638589482521606,26,"tags=11%, list=0%, signal=11%","3688",0.102080107662747
"R-HSA-157579","Telomere Maintenance",59,0.301380865948327,1.12720271689056,0.281879194630872,0.622316518726997,0.595424160005064,2183,"tags=39%, list=22%, signal=31%","55505/54433/26277/55651/1616/5111/5434/5435/5440/5436/6117/7486/5441/5982/5984/5439/5438/10856/57804/6119/1017/5432/6118",0.101713902282311
"R-HSA-432722","Golgi Associated Vesicle Biogenesis",48,0.30962462301163,1.12707080179686,0.297640653357532,0.640926262916494,0.613229715487677,1279,"tags=25%, list=13%, signal=22%","8673/23557/375/3312/5878/1174/6643/2647/8775/130340/2512/8907",0.103197466945307
"R-HSA-418592","ADP signalling through P2Y purinoceptor 1",10,0.455696429129146,1.12694188714816,0.308510638297872,0.653294185801559,0.625063179445715,965,"tags=20%, list=10%, signal=18%","54331/2787",0.0995791200495904
"R-HSA-432142","Platelet sensitization by LDL",15,0.417075333091447,1.1269353680708,0.320490367775832,0.667431404958678,0.638589482521606,1257,"tags=20%, list=13%, signal=18%","2268/5518/5519",0.0965629554309422
"R-HSA-180292","GAB1 signalosome",9,0.47238187985716,1.1261473479855,0.321153846153846,0.667431404958678,0.638589482521606,815,"tags=33%, list=8%, signal=31%","5829/55824/1445",0.102080107662747
"R-HSA-3769402","Deactivation of the beta-catenin transactivating complex",31,-0.323604565432074,-1.1250652303308,0.26605504587156,0.599763087597152,0.57384533736158,1515,"tags=26%, list=15%, signal=22%","56998/7514/57680/11091/90780/4221/7091/7088",0.126253987849115
"R-HSA-8964616","G beta:gamma signalling through CDC42",10,0.454883413170821,1.12493129044432,0.308510638297872,0.653294185801559,0.625063179445715,3502,"tags=60%, list=35%, signal=39%","54331/2787/998/2790/5058/2782",0.0995791200495904
"R-HSA-9937850","NuRD complex assembly",28,0.35568115948236,1.12344481833557,0.297800338409475,0.640926262916494,0.613229715487677,2760,"tags=50%, list=28%, signal=36%","7341/3065/54815/1108/57504/10263/5931/57592/7329/170394/3066/5928/6941/53615",0.0988903007520636
"R-HSA-5602358","Diseases associated with the TLR signaling cascade",14,-0.404003200007128,-1.12335848082714,0.302483069977427,0.645322360014186,0.617435842664003,596,"tags=14%, list=6%, signal=13%","81622/4792",0.116234148779716
"R-HSA-2534343","Interaction With Cumulus Cells And The Zona Pellucida",1,-0.845002992220227,-1.12316992825626,0.332657200811359,0.67678533958173,0.647539202636808,1556,"tags=100%, list=16%, signal=84%","2683",0.103197466945307
"R-HSA-5083632","Defective C1GALT1C1 causes TNPS",3,0.659794294749693,1.12276540062776,0.339113680154143,0.683261880924061,0.653735871168737,2369,"tags=67%, list=24%, signal=51%","29071/10071",0.0988903007520636
"R-HSA-400206","Regulation of lipid metabolism by PPARalpha",93,0.276958054444606,1.12266936211865,0.230145867098865,0.564154124077591,0.53977515514039,3240,"tags=39%, list=32%, signal=26%","6256/2168/11010/6095/84498/1374/80205/9572/9612/335/4802/84246/219541/2274/196/9477/892/9439/8202/57491/7376/29079/123/405/2180/80306/2033/34/23097/9443/23389/2874/133522/23054/6720/9441",0.112378519110475
"R-HSA-170660","Adenylate cyclase activating pathway",5,0.56872249795462,1.12236134657577,0.34018691588785,0.683261880924061,0.653735871168737,1410,"tags=40%, list=14%, signal=34%","113/115",0.096887770327544
"R-HSA-5576891","Cardiac conduction",35,0.327510993639201,1.12197095915529,0.292768959435626,0.636502782203756,0.608997388033043,1639,"tags=29%, list=16%, signal=24%","481/805/29098/80228/5566/488/493/444/489/801",0.102449405629826
"R-HSA-190239","FGFR3 ligand binding and activation",1,0.844703770197487,1.12032502626178,0.324165029469548,0.668173771174674,0.639299768633695,1558,"tags=100%, list=16%, signal=84%","2591",0.102821842840815
"R-HSA-190372","FGFR3c ligand binding and activation",1,0.844703770197487,1.12032502626178,0.324165029469548,0.668173771174674,0.639299768633695,1558,"tags=100%, list=16%, signal=84%","2591",0.102821842840815
"R-HSA-9617629","Regulation of FOXO transcriptional activity by acetylation",10,-0.435710786017213,-1.12031815599944,0.337899543378995,0.683261880924061,0.653735871168737,41,"tags=10%, list=0%, signal=10%","10628",0.109684061970549
"R-HSA-9018678","Biosynthesis of specialized proresolving mediators (SPMs)",7,0.50228061558247,1.11972656323092,0.329090909090909,0.674340772999456,0.64520027387624,1694,"tags=43%, list=17%, signal=36%","241/2948/4048",0.0972150808846466
"R-HSA-9694676","Translation of Replicase and Assembly of the Replication Transcription Complex",13,-0.416928536967614,-1.11910367056087,0.328089887640449,0.673903718790887,0.644782106228133,1709,"tags=38%, list=17%, signal=32%","7405/128866/23479/81631/30849",0.110564716336619
"R-HSA-430116","GP1b-IX-V activation signalling",6,-0.521389160502611,-1.1187900574603,0.34056399132321,0.683261880924061,0.653735871168737,966,"tags=33%, list=10%, signal=30%","5295/2811",0.105920292736253
"R-HSA-9678108","SARS-CoV-1 Infection",123,0.263483705506416,1.11711215649316,0.254263565891473,0.596327077747989,0.570557808882677,2752,"tags=38%, list=27%, signal=28%","6231/6204/834/598/5479/6480/7341/51065/6208/83737/6203/6222/9111/6191/29108/6233/6194/6223/79643/6209/4869/10971/6207/83666/27243/7314/11035/54625/7329/2589/5478/5706/6189/3178/6483/8678/5970/7189/9641/6229/6228/7534/2033/6188/29082/7529/3838",0.103197466945307
"R-HSA-175474","Assembly Of The HIV Virion",15,0.413374949674779,1.11693695143763,0.330998248686515,0.67582100656638,0.646616541646217,3085,"tags=60%, list=31%, signal=42%","5045/51160/7251/6233/7314/5478/79720/7316/137492",0.0946646223153342
"R-HSA-419408","Lysosphingolipid and LPA receptors",7,-0.503960719205171,-1.1128439430795,0.334070796460177,0.678048793289873,0.648748058323967,297,"tags=29%, list=3%, signal=28%","8698/9170",0.108394255853397
"R-HSA-9843743","Transcriptional regulation of brown and beige adipocyte differentiation",18,0.383738753642518,1.11186812001887,0.302025782688766,0.645151203720947,0.617272082601294,1584,"tags=33%, list=16%, signal=28%","6256/3065/54815/1108/57504/5931",0.103197466945307
"R-HSA-9844594","Transcriptional regulation of brown and beige adipocyte differentiation by EBF2",18,0.383738753642518,1.11186812001887,0.302025782688766,0.645151203720947,0.617272082601294,1584,"tags=33%, list=16%, signal=28%","6256/3065/54815/1108/57504/5931",0.103197466945307
"R-HSA-9824585","Regulation of MITF-M-dependent genes involved in pigmentation",29,-0.324996852871877,-1.11073818102794,0.310747663551402,0.655597105223734,0.627266582089297,2425,"tags=41%, list=24%, signal=31%","1432/6598/57492/3662/9275/7391/8289/6604/6599/6603/6602/9274",0.116739204791222
"R-HSA-5693538","Homology Directed Repair",91,0.274662008717094,1.10913973580738,0.251177394034537,0.596327077747989,0.570557808882677,3255,"tags=41%, list=32%, signal=28%","7334/7336/6613/7515/5111/29086/10524/5810/6117/7486/6233/5982/5984/165918/7314/7329/57804/6119/580/1017/2067/51548/6118/8914/63967/54107/5889/3364/6047/2237/56655/5425/5892/7316/1111/10111/83695",0.104732821580651
"R-HSA-72086","mRNA Capping",28,0.350886910912382,1.10830183544158,0.316412859560068,0.665088946814835,0.636348249755525,2391,"tags=39%, list=24%, signal=30%","5434/5435/5440/5436/5441/5439/5438/8732/5432/2071/22916",0.0952879846194844
"R-HSA-6788467","IL-6-type cytokine receptor ligand interactions",6,-0.516101264990852,-1.10744336026824,0.353579175704989,0.698584260544153,0.668396119997154,4,"tags=17%, list=0%, signal=17%","3572",0.103576326612592
"R-HSA-69231","Cyclin D associated events in G1",40,0.318480522309197,1.10742140226489,0.296296296296296,0.640104751215862,0.61244370402958,3555,"tags=52%, list=35%, signal=34%","1163/894/5518/5519/8454/6233/1019/1031/1869/7314/1017/5933/6500/1032/7316/1026/1021/4067/1022/25/5934",0.0988903007520636
"R-HSA-69236","G1 Phase",40,0.318480522309197,1.10742140226489,0.296296296296296,0.640104751215862,0.61244370402958,3555,"tags=52%, list=35%, signal=34%","1163/894/5518/5519/8454/6233/1019/1031/1869/7314/1017/5933/6500/1032/7316/1026/1021/4067/1022/25/5934",0.0988903007520636
"R-HSA-2022377","Metabolism of Angiotensinogen to Angiotensins",4,0.598745158195269,1.10639730346749,0.37330754352031,0.711801759024913,0.681042446574462,1827,"tags=50%, list=18%, signal=41%","2999/10159",0.0934449219410994
"R-HSA-9635486","Infection with Mycobacterium tuberculosis",23,0.355676181434007,1.10582051539983,0.3184165232358,0.66610040523084,0.637315999702066,2586,"tags=39%, list=26%, signal=29%","11151/2023/567/6233/7879/7314/5230/26276/5868",0.0959206777921745
"R-HSA-9013695","NOTCH4 Intracellular Domain Regulates Transcription",12,0.430219394469616,1.10518766235084,0.349122807017544,0.694119076449123,0.664123891301554,392,"tags=17%, list=4%, signal=16%","4853/4851",0.0916795246008379
"R-HSA-83936","Transport of nucleosides and free purine and pyrimidine bases across the plasma membrane",8,0.482630468017357,1.10158793729705,0.367753623188406,0.708138450905701,0.677537442136875,3347,"tags=62%, list=33%, signal=42%","402/293/292/291/3177",0.0905428948469474
"R-HSA-4090294","SUMOylation of intracellular receptors",18,0.379501296007565,1.09959025126178,0.318600368324125,0.66610040523084,0.637315999702066,2366,"tags=44%, list=24%, signal=34%","6256/6095/7341/6613/6612/7329/7376/5914",0.0999276973731092
"R-HSA-2142753","Arachidonate metabolism",19,0.379992276948518,1.09843036877336,0.349911190053286,0.694419772838228,0.664411593603376,132,"tags=11%, list=1%, signal=10%","6916/241",0.0922597260527354
"R-HSA-3371378","Regulation by c-FLIP",11,-0.420905629395881,-1.09822567594237,0.365217391304348,0.706438231946133,0.675910695271957,1445,"tags=45%, list=14%, signal=39%","841/7186/8837/8717/8797",0.101713902282311
"R-HSA-5218900","CASP8 activity is inhibited",11,-0.420905629395881,-1.09822567594237,0.365217391304348,0.706438231946133,0.675910695271957,1445,"tags=45%, list=14%, signal=39%","841/7186/8837/8717/8797",0.101713902282311
"R-HSA-69416","Dimerization of procaspase-8",11,-0.420905629395881,-1.09822567594237,0.365217391304348,0.706438231946133,0.675910695271957,1445,"tags=45%, list=14%, signal=39%","841/7186/8837/8717/8797",0.101713902282311
"R-HSA-9839373","Signaling by TGFBR3",32,0.330001659114167,1.09806513711738,0.321818181818182,0.667431404958678,0.638589482521606,518,"tags=16%, list=5%, signal=15%","7076/6256/409/55851/7046",0.0985499803531691
"R-HSA-163125","Post-translational modification: synthesis of GPI-anchored proteins",32,0.329769930864311,1.09729407216839,0.321818181818182,0.667431404958678,0.638589482521606,2324,"tags=41%, list=23%, signal=31%","1043/8818/94005/4061/8813/9488/128869/5279/5283/80055/10026/284098/23556",0.0985499803531691
"R-HSA-418217","G beta:gamma signalling through PLC beta",10,0.44361255019521,1.09705833208958,0.340425531914894,0.683261880924061,0.653735871168737,3502,"tags=60%, list=35%, signal=39%","54331/2787/23236/2790/5330/2782",0.0937465422491719
"R-HSA-500657","Presynaptic function of Kainate receptors",10,0.44361255019521,1.09705833208958,0.340425531914894,0.683261880924061,0.653735871168737,3502,"tags=60%, list=35%, signal=39%","54331/2787/23236/2790/5330/2782",0.0937465422491719
"R-HSA-392851","Prostacyclin signalling through prostacyclin receptor",8,0.480580743920193,1.09690951044701,0.367753623188406,0.708138450905701,0.677537442136875,965,"tags=25%, list=10%, signal=23%","54331/2787",0.0905428948469474
"R-HSA-381070","IRE1alpha activates chaperones",46,0.309136819249918,1.09665772832013,0.305410122164049,0.650755565408079,0.622634261250756,2296,"tags=37%, list=23%, signal=29%","3309/9114/9797/1663/51726/3068/10525/4189/5611/1200/58477/118/10130/9570/6464/7494/10897",0.0992333343771191
"R-HSA-167160","RNA Pol II CTD phosphorylation and interaction with CE during HIV infection",26,0.354275141629696,1.09643216663023,0.324909747292419,0.668173771174674,0.639299768633695,2343,"tags=38%, list=23%, signal=30%","5434/5435/5440/5436/5441/5439/5438/8732/5432/2071",0.09754492162472
"R-HSA-77075","RNA Pol II CTD phosphorylation and interaction with CE",26,0.354275141629696,1.09643216663023,0.324909747292419,0.668173771174674,0.639299768633695,2343,"tags=38%, list=23%, signal=30%","5434/5435/5440/5436/5441/5439/5438/8732/5432/2071",0.09754492162472
"R-HSA-3000480","Scavenging by Class A Receptors",6,0.520430305280471,1.0951235753773,0.371534195933457,0.710384602736122,0.679686530304433,1199,"tags=50%, list=12%, signal=44%","7184/335/2512",0.0911073131586733
"R-HSA-420029","Tight junction interactions",7,-0.495809143655159,-1.0948436681936,0.36283185840708,0.704839326305557,0.674380883641833,2074,"tags=43%, list=21%, signal=34%","50855/84612/50848",0.103197466945307
"R-HSA-450294","MAP kinase activation",58,-0.280133323220121,-1.09479215675072,0.28463476070529,0.625976960882713,0.598926422326933,1452,"tags=24%, list=14%, signal=21%","8517/5609/10392/5594/1846/23291/5515/79155/5608/5604/5606/2353/8767/3725",0.128142916898415
"R-HSA-112311","Neurotransmitter clearance",3,0.64305673631886,1.09428326362435,0.38150289017341,0.717723851340756,0.686708625659417,2253,"tags=67%, list=22%, signal=52%","1312/217",0.0919686140000427
"R-HSA-9860931","Response of endothelial cells to shear stress",62,0.290474140379158,1.0940192642689,0.309602649006623,0.654796208220434,0.626500294499156,1711,"tags=24%, list=17%, signal=20%","3688/5293/302/54331/7414/6772/5518/805/2787/5566/5519/113/115/801/826",0.0952879846194844
"R-HSA-210745","Regulation of gene expression in beta cells",4,-0.569300087748327,-1.09399994232232,0.402061855670103,0.73260336502188,0.700945146253455,3777,"tags=50%, list=38%, signal=31%","208/10000",0.0928481214159878
"R-HSA-72163","mRNA Splicing - Major Pathway",199,0.242164218379511,1.0927585307647,0.290322580645161,0.634597988131423,0.60717490642381,2480,"tags=32%, list=25%, signal=25%","6637/6632/23658/3312/10286/6631/3185/9410/10284/11157/10262/9343/51690/6635/10189/3188/24144/6628/51639/5434/27339/6633/6629/10921/6634/8896/5435/5440/5436/4116/84844/27258/5441/55110/6636/56259/51759/5439/5356/5438/10179/10084/11017/4809/6627/220988/10569/7307/22827/6626/10236/5432/8559/59286/26017/65109/22916/3178/83443/163859/27238/51428/10992/9939",0.0946646223153342
"R-HSA-9682385","FLT3 signaling in disease",24,0.360929831052707,1.09247824114211,0.332142857142857,0.676543367346939,0.647307686824019,453,"tags=12%, list=5%, signal=12%","2323/598/6654",0.0956031492204301
"R-HSA-381038","XBP1(S) activates chaperone genes",44,0.304922566130203,1.09036886043535,0.3248730964467,0.668173771174674,0.639299768633695,2296,"tags=36%, list=23%, signal=28%","9114/9797/1663/51726/3068/10525/4189/5611/1200/58477/118/10130/9570/6464/7494/10897",0.0937465422491719
"R-HSA-3214858","RMTs methylate histone arginines",28,-0.319374460829388,-1.089862667546,0.340632603406326,0.683261880924061,0.653735871168737,2228,"tags=43%, list=22%, signal=33%","6598/57492/10419/55352/55193/8289/11091/6604/6599/6603/6602/6187",0.11331290842208
"R-HSA-383280","Nuclear Receptor transcription pathway",26,0.352073908332398,1.08961965649386,0.332129963898917,0.676543367346939,0.647307686824019,768,"tags=19%, list=8%, signal=18%","6256/6095/5916/9572/9612",0.096240602328129
"R-HSA-428930","Thromboxane signalling through TP receptor",10,0.440260787071652,1.0887693879191,0.349290780141844,0.694119076449123,0.664123891301554,965,"tags=20%, list=10%, signal=18%","54331/2787",0.0922597260527354
"R-HSA-111996","Ca-dependent events",25,0.354059949359568,1.08866947013038,0.333333333333333,0.67735550277118,0.648084727185695,2146,"tags=36%, list=21%, signal=28%","805/5566/113/115/801/5578/5613/5153/5577",0.0956031492204301
"R-HSA-196791","Vitamin D (calciferol) metabolism",6,-0.506899202156071,-1.08769769390695,0.368763557483731,0.708138450905701,0.677537442136875,284,"tags=33%, list=3%, signal=32%","51588/26119",0.100990587455923
"R-HSA-5621575","CD209 (DC-SIGN) signaling",18,0.375371547901014,1.08762446667579,0.335174953959484,0.678679699674175,0.649351701152994,3479,"tags=56%, list=35%, signal=36%","3384/3385/9252/5566/5970/2033/4893/4067/5058/4790",0.096887770327544
"R-HSA-8862803","Deregulated CDK5 triggers multiple neurodegenerative pathways in Alzheimer's disease models",18,-0.361033601741873,-1.08727153398263,0.344226579520697,0.688051025186814,0.658318060639822,182,"tags=11%, list=2%, signal=11%","3725/10018",0.105520936843198
"R-HSA-8863678","Neurodegenerative Diseases",18,-0.361033601741873,-1.08727153398263,0.344226579520697,0.688051025186814,0.658318060639822,182,"tags=11%, list=2%, signal=11%","3725/10018",0.105520936843198
"R-HSA-200425","Carnitine shuttle",12,0.422916507801453,1.08642732669663,0.378947368421053,0.717233348858873,0.686239319414979,1307,"tags=33%, list=13%, signal=29%","6256/1374/788/58526",0.0870515867946735
"R-HSA-5654695","PI-3K cascade:FGFR2",7,-0.491759198569062,-1.08590059646774,0.376106194690265,0.712644185066494,0.68184846859554,966,"tags=29%, list=10%, signal=26%","5295/2885",0.100990587455923
"R-HSA-451306","Ionotropic activity of kainate receptors",6,0.515805305789401,1.08539134816572,0.380776340110906,0.717520173931453,0.686513749825823,1639,"tags=33%, list=16%, signal=28%","805/801",0.0897104652742981
"R-HSA-451308","Activation of Ca-permeable Kainate Receptor",6,0.515805305789401,1.08539134816572,0.380776340110906,0.717520173931453,0.686513749825823,1639,"tags=33%, list=16%, signal=28%","805/801",0.0897104652742981
"R-HSA-442660","SLC-mediated transport of neurotransmitters",1,0.818172750847796,1.08513711068902,0.37524557956778,0.711801759024913,0.681042446574462,1824,"tags=100%, list=18%, signal=82%","79751",0.0940503465727813
"R-HSA-425397","Transport of vitamins, nucleosides, and related molecules",22,0.355400341878146,1.08385457198634,0.335097001763668,0.678679699674175,0.649351701152994,3445,"tags=45%, list=34%, signal=30%","402/293/51248/10999/23169/292/9197/291/3177/11046",0.0943563635421779
"R-HSA-9013106","RHOC GTPase cycle",46,-0.290123781758756,-1.08382238939693,0.324009324009324,0.668173771174674,0.639299768633695,966,"tags=20%, list=10%, signal=18%","5295/29941/708/93663/2909/9138/7112/4162/11214",0.11378726182188
"R-HSA-8856825","Cargo recognition for clathrin-mediated endocytosis",69,0.28091046281639,1.08163943461868,0.33003300330033,0.674655279147987,0.645501189172026,2292,"tags=35%, list=23%, signal=27%","154/8673/409/4074/1175/23149/51138/4738/920/55707/85021/915/10920/6233/1173/3267/8533/7314/6845/23208/9318/1861/2873/10980",0.0913924325943768
"R-HSA-5663220","RHO GTPases Activate Formins",103,0.266154087662108,1.07970560730049,0.301824212271973,0.645151203720947,0.617272082601294,1394,"tags=17%, list=14%, signal=15%","3688/60/71/7280/8655/10376/11243/25936/4085/389/5518/8379/332/22919/387/5519/79682/348235",0.096887770327544
"R-HSA-167169","HIV Transcription Elongation",38,0.311095146331817,1.07941295961853,0.355442176870748,0.699036281179138,0.668828607322802,2493,"tags=37%, list=25%, signal=28%","6827/5434/5435/5440/5436/5441/5439/5438/7936/51497/5432/2071/22916/8178",0.088894528862045
"R-HSA-167200","Formation of HIV-1 elongation complex containing HIV-1 Tat",38,0.311095146331817,1.07941295961853,0.355442176870748,0.699036281179138,0.668828607322802,2493,"tags=37%, list=25%, signal=28%","6827/5434/5435/5440/5436/5441/5439/5438/7936/51497/5432/2071/22916/8178",0.088894528862045
"R-HSA-167246","Tat-mediated elongation of the HIV-1 transcript",38,0.311095146331817,1.07941295961853,0.355442176870748,0.699036281179138,0.668828607322802,2493,"tags=37%, list=25%, signal=28%","6827/5434/5435/5440/5436/5441/5439/5438/7936/51497/5432/2071/22916/8178",0.088894528862045
"R-HSA-8854214","TBC/RABGAPs",40,-0.294867228116235,-1.07912606684792,0.352941176470588,0.698129887793268,0.667961382198327,2488,"tags=42%, list=25%, signal=32%","83874/26000/84958/374403/83452/7248/51256/55357/5867/128637/54662/27342/79735/81631/382/9135/23062",0.11146266692298
"R-HSA-5693567","HDR through Homologous Recombination (HRR) or Single Strand Annealing (SSA)",86,0.268569051936666,1.07878175532675,0.313821138211382,0.660452604526045,0.631912259178823,3255,"tags=41%, list=32%, signal=28%","7334/7336/6613/5111/29086/10524/5810/6117/7486/6233/5982/5984/165918/7314/7329/57804/6119/580/1017/2067/51548/6118/8914/63967/54107/5889/3364/6047/56655/5425/5892/7316/1111/10111/83695",0.0934449219410994
"R-HSA-72187","mRNA 3'-end processing",150,0.246550964188041,1.07868934975192,0.296923076923077,0.640649917547774,0.612965311917966,2498,"tags=34%, list=25%, signal=26%","5499/6637/79228/6632/6631/3185/10262/6635/10189/3188/80145/1478/6628/51639/5434/1477/6633/6629/10921/6634/5435/5440/5436/4116/6233/84844/5441/55110/6636/5439/5438/84324/7314/6627/220988/11052/10569/7307/10978/22827/6626/10236/5432/65109/22916/3178/83443/10992/64852/9939/81608",0.0934449219410994
"R-HSA-209952","Peptide hormone biosynthesis",1,-0.81149012567325,-1.07862494526592,0.391480730223124,0.725632346704435,0.694275368734878,1892,"tags=100%, list=19%, signal=81%","5443",0.0934449219410994
"R-HSA-194002","Glucocorticoid biosynthesis",1,-0.81149012567325,-1.07862494526592,0.391480730223124,0.725632346704435,0.694275368734878,1892,"tags=100%, list=19%, signal=81%","5443",0.0934449219410994
"R-HSA-9943965","CHD3, CHD4, CHD5 subfamily",32,0.323941553885707,1.07790041947173,0.356363636363636,0.700043836760255,0.669792623088882,2760,"tags=47%, list=28%, signal=34%","7341/3065/54815/1108/57504/10263/5931/57592/7329/170394/3066/22850/5928/6941/53615",0.0925528864684773
"R-HSA-190236","Signaling by FGFR",57,0.28704449579604,1.07728650640744,0.348511383537653,0.694119076449123,0.664123891301554,2397,"tags=33%, list=24%, signal=26%","83888/6654/3185/5518/5434/7049/5435/5440/5436/6233/5441/2591/5439/5438/7314/6464/5432/22916/3178",0.0916795246008379
"R-HSA-2871809","FCERI mediated Ca+2 mobilization",28,0.340837754818881,1.0765608448355,0.350253807106599,0.694419772838228,0.664411593603376,1639,"tags=32%, list=16%, signal=27%","27040/2207/6654/4775/805/9402/3937/7410/801",0.0894366833718621
"R-HSA-72172","mRNA Splicing",207,0.23437757670728,1.07639052207116,0.279521674140508,0.620313339110778,0.593507544417281,3204,"tags=41%, list=32%, signal=29%","6637/6632/23658/3312/10286/6631/3185/9410/10284/11157/10262/9343/51690/6635/10189/3188/24144/6628/11066/51639/5434/27339/6633/6629/10921/6634/8896/5435/5440/5436/4116/84844/27258/5441/55110/6636/56259/51759/5439/5356/5438/10179/10084/11017/4809/6627/220988/10569/7307/22827/6626/10236/5432/8559/59286/26017/65109/22916/3178/83443/163859/27238/51428/10992/9939/151903/3181/27336/91603/6638/84950/55954/25949/3190/153527/51593/79622/51503/5093/57461/79576/10946/57794/26121/85437",0.0952879846194844
"R-HSA-190873","Gap junction degradation",8,0.471362458750275,1.0758690821718,0.380434782608696,0.717520173931453,0.686513749825823,1409,"tags=50%, list=14%, signal=43%","60/71/4646/1173",0.0886261133285098
"R-HSA-432047","Passive transport by Aquaporins",1,0.810891681627768,1.07548027671605,0.385068762278978,0.71848707989022,0.687438872574422,1897,"tags=100%, list=19%, signal=81%","360",0.0925528864684773
"R-HSA-202040","G-protein activation",9,0.451108276339484,1.07543157499529,0.375,0.711801759024913,0.681042446574462,965,"tags=22%, list=10%, signal=20%","54331/2787",0.0928481214159878
"R-HSA-9918481","Dengue Virus-Host Interactions",196,0.234994952488466,1.07475722308264,0.294378698224852,0.638380168140332,0.610793645902877,3143,"tags=39%, list=31%, signal=27%","1191/6637/6632/3312/10286/3185/9410/10262/9343/6635/10189/3188/1478/335/1616/550/6628/51639/5434/1477/27339/6633/6629/10921/79577/6634/8896/5435/5440/5436/10421/9646/84844/5441/6636/56259/5439/5356/5438/10084/55615/7329/6627/220988/11052/3320/7307/10978/22827/10236/5432/6141/22916/3178/83443/27238/10992/8678/81608/3181/9641/8729/11051/6638/29959/5371/3190/10914/51593/51503/5093/57461/80273/55763/10946/57794",0.0916795246008379
"R-HSA-2022923","DS-GAG biosynthesis",3,0.631427787558031,1.07449439697572,0.396917148362235,0.730242194459983,0.698686009694905,405,"tags=33%, list=4%, signal=32%","29940",0.0897104652742981
"R-HSA-400685","Sema4D in semaphorin signaling",18,0.370733656525365,1.07418635672274,0.342541436464088,0.686286180082032,0.656629480339553,1245,"tags=28%, list=12%, signal=24%","4637/103910/389/387/3984",0.0956031492204301
"R-HSA-210990","PECAM1 interactions",11,-0.411519210291985,-1.07373466003496,0.382608695652174,0.717810831426392,0.686791847047358,434,"tags=18%, list=4%, signal=17%","2534/5175",0.0988903007520636
"R-HSA-9865881","Complex III assembly",24,0.354684346410676,1.07357413433302,0.3625,0.704839326305557,0.674380883641833,3321,"tags=58%, list=33%, signal=39%","84300/7381/3313/790955/29796/27089/7388/10975/4519/440567/7385/7384/55245/57128",0.0905428948469474
"R-HSA-112308","Presynaptic depolarization and calcium channel opening",3,-0.630432906658406,-1.07328205884469,0.434782608695652,0.759870320202514,0.727033805955974,1257,"tags=67%, list=13%, signal=58%","782/773",0.0886261133285098
"R-HSA-5654689","PI-3K cascade:FGFR1",6,-0.49989802964654,-1.07267466928811,0.38177874186551,0.717723851340756,0.686708625659417,966,"tags=33%, list=10%, signal=30%","5295/2885",0.0988903007520636
"R-HSA-9734009","Defective Intrinsic Pathway for Apoptosis",21,-0.343419393904707,-1.07208579012167,0.358139534883721,0.701920669170729,0.671588351352311,1102,"tags=19%, list=11%, signal=17%","1029/708/3725/10018",0.107140237276725
"R-HSA-73621","Pyrimidine catabolism",7,0.480909201887761,1.07208359460867,0.383636363636364,0.717925448868072,0.686901511489616,528,"tags=29%, list=5%, signal=27%","7378/4907",0.0883594442500905
"R-HSA-8848021","Signaling by PTK6",32,-0.306739157447769,-1.07162548450061,0.360619469026549,0.704360629571261,0.673922872979512,1905,"tags=31%, list=19%, signal=25%","2908/6421/3265/3091/5770/10657/2909/5879/1398/5921",0.103576326612592
"R-HSA-9006927","Signaling by Non-Receptor Tyrosine Kinases",32,-0.306739157447769,-1.07162548450061,0.360619469026549,0.704360629571261,0.673922872979512,1905,"tags=31%, list=19%, signal=25%","2908/6421/3265/3091/5770/10657/2909/5879/1398/5921",0.103576326612592
"R-HSA-844456","The NLRP3 inflammasome",15,-0.376996787429612,-1.0713409099912,0.361948955916473,0.704839326305557,0.674380883641833,663,"tags=27%, list=7%, signal=25%","24145/114548/3162/10628",0.106323255932708
"R-HSA-448424","Interleukin-17 signaling",61,-0.26881354049929,-1.07046692128434,0.313397129186603,0.660372522214627,0.631835637489422,1452,"tags=23%, list=14%, signal=20%","8517/5609/10392/5594/1846/23291/5515/79155/5608/5604/5606/2353/8767/3725",0.11776578836269
"R-HSA-425561","Sodium/Calcium exchangers",6,0.508534965878222,1.07009262217503,0.391866913123845,0.725632346704435,0.694275368734878,2524,"tags=50%, list=25%, signal=37%","805/801/6717",0.0880945010398517
"R-HSA-1912422","Pre-NOTCH Expression and Processing",41,0.307207030482686,1.06957345057736,0.365811965811966,0.706438231946133,0.675910695271957,1617,"tags=24%, list=16%, signal=21%","4853/3955/23509/5045/4851/10959/488/5986/1869/489",0.0875697115548511
"R-HSA-5260271","Diseases of Immune System",16,-0.367013444790222,-1.06932797681857,0.359649122807018,0.704072825083303,0.673647505477074,596,"tags=12%, list=6%, signal=12%","81622/4792",0.103197466945307
"R-HSA-9860927","Turbulent (oscillatory, disturbed) flow shear stress activates signaling by PIEZO1 and integrins in endothelial cells",25,0.347577407750143,1.06873684247284,0.369175627240143,0.708138450905701,0.677537442136875,756,"tags=20%, list=8%, signal=19%","3688/302/7414/6772/5518",0.0897104652742981
"R-HSA-174430","Telomere C-strand synthesis initiation",11,-0.409176213458322,-1.06762131989011,0.391304347826087,0.725632346704435,0.694275368734878,2409,"tags=45%, list=24%, signal=35%","23649/80169/25913/5557/54386",0.09754492162472
"R-HSA-1852241","Organelle biogenesis and maintenance",225,0.233539719477865,1.06760076448325,0.317829457364341,0.66610040523084,0.637315999702066,2151,"tags=23%, list=21%, signal=18%","6256/4218/10694/7280/8655/10376/203068/8766/80205/80321/9572/3313/5518/5564/805/79600/8834/11232/95681/11258/55735/22919/84303/54585/5147/11127/5566/84131/6950/55081/5571/10640/22948/6102/64216/79809/10989/10383/801/6742/22897/64792/4580/55559/3320/10576/55770/54205/5310/5577/10540",0.0899860794997137
"R-HSA-8980692","RHOA GTPase cycle",88,-0.244181082590112,-1.06739225192104,0.300242130750605,0.64482652437483,0.616961433725497,1034,"tags=18%, list=10%, signal=16%","117289/5295/29941/708/93663/2909/3895/114822/9138/7112/4162/50619/7074/11214/10424/10451",0.121543282035469
"R-HSA-1483206","Glycerophospholipid biosynthesis",71,-0.258714418609211,-1.06680874457754,0.324582338902148,0.668173771174674,0.639299768633695,2254,"tags=32%, list=22%, signal=25%","1119/23259/2820/8694/1457/114882/56910/81490/79143/79888/114884/54675/114971/23171/81579/150763/56261/10423/51205/283871/171586/5833/57104",0.115240003147781
"R-HSA-9637690","Response of Mtb to phagocytosis",21,0.35621564677079,1.06566791712929,0.403846153846154,0.734304749448214,0.702573008221458,3719,"tags=57%, list=37%, signal=36%","11151/2023/6233/7879/7314/5230/26276/5868/7316/5595/3837/51606",0.0833634065110386
"R-HSA-9694631","Maturation of nucleoprotein",15,0.393333183845767,1.06278420501675,0.374781085814361,0.711801759024913,0.681042446574462,1924,"tags=40%, list=19%, signal=32%","7341/6733/3276/83666/54625/7329",0.0875697115548511
"R-HSA-3270619","IRF3-mediated induction of type I IFN",8,0.464864429779431,1.06103754789281,0.393115942028986,0.726926523297491,0.695513619669298,2435,"tags=38%, list=24%, signal=28%","197358/2547/51428",0.086794975677172
"R-HSA-350054","Notch-HLH transcription pathway",24,0.350305256104793,1.06031931175097,0.375,0.711801759024913,0.681042446574462,768,"tags=17%, list=8%, signal=15%","4853/4851/3065/9612",0.0886261133285098
"R-HSA-6783589","Interleukin-6 family signaling",11,-0.406060258926894,-1.05949118089341,0.406521739130435,0.737602010235603,0.70572778344527,4,"tags=9%, list=0%, signal=9%","3572",0.0952879846194844
"R-HSA-5673000","RAF activation",32,-0.303181491664655,-1.05919640518044,0.373893805309735,0.711801759024913,0.681042446574462,2178,"tags=34%, list=22%, signal=27%","817/5501/8844/3265/5527/8315/5515/4296/4140/673/5604",0.101350743797099
"R-HSA-9855142","Cellular responses to mechanical stimuli",65,0.276552256317812,1.05783515904557,0.345238095238095,0.689267655720398,0.659482116536936,1711,"tags=23%, list=17%, signal=19%","3688/5293/302/54331/7414/6772/5518/805/2787/5566/5519/113/115/801/826",0.0905428948469474
"R-HSA-69473","G2/M DNA damage checkpoint",50,0.285315305576651,1.05735088524618,0.356775300171527,0.70004878279069,0.669797355384955,3255,"tags=42%, list=32%, signal=29%","7334/7336/29086/10524/5810/6117/7486/5982/5984/10971/165918/6119/580/6118/3364/7534/7529/7531/1111/10111/83695",0.0891647117820678
"R-HSA-901042","Calnexin/calreticulin cycle",24,0.34926806738901,1.05717990346032,0.382142857142857,0.717723851340756,0.686708625659417,1847,"tags=25%, list=18%, signal=20%","6048/51009/55741/10956/6233/7314",0.0875697115548511
"R-HSA-9748787","Azathioprine ADME",17,0.374558601134938,1.0571036194051,0.383928571428571,0.717925448868072,0.686901511489616,1944,"tags=47%, list=19%, signal=38%","4831/3614/4830/3615/7410/10257/3251/8833",0.0873098257637931
"R-HSA-9687136","Aberrant regulation of mitotic exit in cancer due to RB1 defects",19,-0.346269700284922,-1.05600179378787,0.387243735763098,0.720972831219435,0.689817206352555,1162,"tags=26%, list=12%, signal=23%","51343/8881/5925/7321/27338",0.100990587455923
"R-HSA-9856530","High laminar flow shear stress activates signaling by PIEZO1 and PECAM1:CDH5:KDR in endothelial cells",42,0.297977767453323,1.0558977033648,0.371024734982332,0.710384602736122,0.679686530304433,1884,"tags=26%, list=19%, signal=21%","5293/54331/7414/805/2787/5566/113/115/801/826/55615",0.0886261133285098
"R-HSA-112399","IRS-mediated signalling",21,0.35258520985987,1.05480696765613,0.416083916083916,0.74312896999605,0.711015904961758,600,"tags=14%, list=6%, signal=13%","2323/6654/8660",0.0817515582532145
"R-HSA-2428928","IRS-related events triggered by IGF1R",21,0.35258520985987,1.05480696765613,0.416083916083916,0.74312896999605,0.711015904961758,600,"tags=14%, list=6%, signal=13%","2323/6654/8660",0.0817515582532145
"R-HSA-8875878","MET promotes cell motility",13,-0.39262513716301,-1.05386941212835,0.4,0.73260336502188,0.700945146253455,681,"tags=31%, list=7%, signal=29%","2885/5879/1398/3912",0.0982123351217438
"R-HSA-5210891","Uptake and function of anthrax toxins",12,0.41014688100603,1.05362351968899,0.419298245614035,0.744983694959101,0.712790481113816,805,"tags=25%, list=8%, signal=23%","118429/5045/805",0.0815265143256594
"R-HSA-112310","Neurotransmitter release cycle",15,0.389883705506953,1.05346373259132,0.394045534150613,0.726926523297491,0.695513619669298,1322,"tags=40%, list=13%, signal=35%","6804/3312/10550/8573/55327/5864",0.0847985102819124
"R-HSA-438064","Post NMDA receptor activation events",44,0.294513656467893,1.05314776817279,0.365482233502538,0.706438231946133,0.675910695271957,1688,"tags=23%, list=17%, signal=19%","7280/10376/5564/805/5566/5571/5924/10383/801/5613",0.0870515867946735
"R-HSA-201722","Formation of the beta-catenin:TCF transactivating complex",26,-0.320608154109226,-1.05150903112721,0.352678571428571,0.698129887793268,0.667961382198327,907,"tags=19%, list=9%, signal=18%","11091/90780/4221/7091/7088",0.105520936843198
"R-HSA-6803207","TP53 Regulates Transcription of Caspase Activators and Caspases",10,0.42419455419093,1.04903743119395,0.402482269503546,0.73260336502188,0.700945146253455,1313,"tags=30%, list=13%, signal=26%","834/843/8738",0.0843144320642653
"R-HSA-9013404","RAC2 GTPase cycle",60,-0.256165422416583,-1.0486252822825,0.362924281984334,0.704839326305557,0.674380883641833,697,"tags=15%, list=7%, signal=14%","2909/8503/7112/4162/50619/7074/1535/10424/10451",0.11378726182188
"R-HSA-189483","Heme degradation",6,0.498190234774794,1.04832456063565,0.423290203327172,0.746649008136898,0.714383830591448,1752,"tags=50%, list=17%, signal=41%","2168/645/644",0.0838361057159929
"R-HSA-3906995","Diseases associated with O-glycosylation of proteins",18,0.361481452566403,1.04737845545075,0.368324125230203,0.708138450905701,0.677537442136875,700,"tags=22%, list=7%, signal=21%","4853/3955/4851/29071",0.0913924325943768
"R-HSA-5218921","VEGFR2 mediated cell proliferation",19,-0.343401509709722,-1.0472548130678,0.396355353075171,0.729993551250395,0.698448111182243,2142,"tags=32%, list=21%, signal=25%","10768/3265/5170/5580/5590/5921",0.0995791200495904
"R-HSA-9909649","Regulation of PD-L1(CD274) transcription",33,-0.299336672011323,-1.04717733438126,0.371764705882353,0.710384602736122,0.679686530304433,1261,"tags=24%, list=13%, signal=21%","3727/467/4297/11091/23512/2353/3725/2354",0.105520936843198
"R-HSA-1980143","Signaling by NOTCH1",55,0.284095203737753,1.04648904176408,0.389694041867955,0.724746201778338,0.693427517067139,1847,"tags=29%, list=18%, signal=24%","409/1840/55851/4851/7090/3065/83737/9612/9978/8454/6233/102/51107/892/23385/7314",0.0808589150280032
"R-HSA-72203","Processing of Capped Intron-Containing Pre-mRNA",284,0.221800399415983,1.04576848035174,0.328488372093023,0.673913195025375,0.644791172963131,3476,"tags=43%, list=35%, signal=29%","5499/6637/79228/6632/23658/3312/10286/6631/3185/9410/10284/11157/10262/9343/51690/6635/10189/8086/3188/80145/1478/24144/6628/11066/51639/5434/1477/27339/6633/6629/10921/6634/8896/5435/5440/5436/4116/6233/84844/27258/5441/8480/55110/6636/56259/6396/51759/5439/5356/5438/10179/84324/7314/10084/11017/4809/6627/220988/11052/10569/7307/10978/22827/6626/23165/10236/5432/8559/59286/26017/65109/22916/3178/83443/163859/27238/51428/10992/64852/9939/81608/151903/3181/53371/27336/91603/11051/6638/84950/8563/55954/25949/3190/10914/1977/153527/51593/7316/79622/51503/5093/57461/79576/10946/57794/10212/26121/85437/23636/9972/4686/6426/23279/22985/5500/9128/56339/79902/6428/84081/51692/84811/51645",0.0845557442441281
"R-HSA-2424491","DAP12 signaling",25,0.339967660437426,1.04533826381477,0.39426523297491,0.726926523297491,0.695513619669298,1590,"tags=32%, list=16%, signal=27%","7305/27040/3932/6654/567/9402/3937/7410",0.0860347242455604
"R-HSA-211976","Endogenous sterols",12,0.406629502951132,1.04458775124138,0.426315789473684,0.74812955465587,0.715800397789778,2593,"tags=42%, list=26%, signal=31%","6256/10858/196/57491/405",0.0806388495950661
"R-HSA-2559586","DNA Damage/Telomere Stress Induced Senescence",23,-0.327448567525265,-1.04449644385371,0.38479809976247,0.71848707989022,0.687438872574422,910,"tags=22%, list=9%, signal=20%","472/23523/29855/5925/54386",0.103958471559957
"R-HSA-73933","Resolution of Abasic Sites (AP sites)",36,0.3114215129748,1.04389667371744,0.402317880794702,0.73260336502188,0.700945146253455,2973,"tags=47%, list=30%, signal=33%","7515/4913/5111/6117/328/5982/8930/5984/57804/6119/6118/54107/4595/2237/56655/5425/5423",0.0806388495950661
"R-HSA-5617472","Activation of anterior HOX genes in hindbrain development during early embryogenesis",46,0.294083639832084,1.0432568245248,0.401396160558464,0.73260336502188,0.700945146253455,2698,"tags=37%, list=27%, signal=27%","6256/5916/5316/5434/84661/5435/5440/5436/5441/5931/5439/5438/8202/5432/5914/5928/2033",0.0835990603684159
"R-HSA-5619507","Activation of HOX genes during differentiation",46,0.294083639832084,1.0432568245248,0.401396160558464,0.73260336502188,0.700945146253455,2698,"tags=37%, list=27%, signal=27%","6256/5916/5316/5434/84661/5435/5440/5436/5441/5931/5439/5438/8202/5432/5914/5928/2033",0.0835990603684159
"R-HSA-3781865","Diseases of glycosylation",68,0.268578847463116,1.04317747320873,0.386991869918699,0.720972831219435,0.689817206352555,700,"tags=13%, list=7%, signal=12%","4853/3955/5236/8818/79644/4851/5476/9526/29071",0.0817515582532145
"R-HSA-391160","Signal regulatory protein family interactions",11,0.423770353983054,1.04291798606883,0.418819188191882,0.744983694959101,0.712790481113816,4,"tags=9%, list=0%, signal=9%","7305",0.0843144320642653
"R-HSA-196741","Cobalamin (Cbl, vitamin B12) transport and metabolism",13,-0.388307066283543,-1.04227901103443,0.413483146067416,0.741470990300652,0.709429572062452,42,"tags=8%, list=0%, signal=8%","26119",0.096240602328129
"R-HSA-9668328","Sealing of the nuclear envelope (NE) by ESCRT-III",18,0.359719874239276,1.04227435073301,0.372007366482505,0.710384602736122,0.679686530304433,1815,"tags=28%, list=18%, signal=23%","7280/10376/10383/79643/27243",0.0908241419007155
"R-HSA-168799","Neurotoxicity of clostridium toxins",4,0.56401202705913,1.04221533538972,0.44100580270793,0.766051703993166,0.732948071671991,341,"tags=25%, list=3%, signal=24%","6804",0.0840745577910724
"R-HSA-420092","Glucagon-type ligand receptors",9,0.436950769157189,1.04168040915411,0.413461538461538,0.741470990300652,0.709429572062452,965,"tags=22%, list=10%, signal=20%","54331/2787",0.0873098257637931
"R-HSA-1222556","ROS and RNS production in phagocytes",22,0.341484856474615,1.04141690184702,0.400352733686067,0.73260336502188,0.700945146253455,1360,"tags=36%, list=14%, signal=32%","4689/5880/8992/9114/533/9550/9296/528",0.0843144320642653
"R-HSA-9013408","RHOG GTPase cycle",49,0.28629228567824,1.04032403420007,0.380097879282219,0.717520173931453,0.686513749825823,3065,"tags=49%, list=31%, signal=34%","26030/3688/397/23344/396/3336/391/26084/26286/7879/55004/7410/392/57584/4722/998/3930/394/4698/6811/7444/3998/143098/7409",0.0828962134571565
"R-HSA-8955332","Carboxyterminal post-translational modifications of tubulin",20,0.353490927433026,1.0401424175224,0.437931034482759,0.762258392675483,0.729318681904884,1612,"tags=25%, list=16%, signal=21%","7280/10376/25941/374969/10383",0.0782955249944794
"R-HSA-428157","Sphingolipid metabolism",65,0.271769765849599,1.03954173908785,0.362244897959184,0.704839326305557,0.674380883641833,2684,"tags=32%, list=27%, signal=24%","411/29095/4074/5476/94103/5660/94101/29956/388931/8560/9334/253782/427/64781/23683/80777/6483/55331/285362/2581/171546",0.0878312634480124
"R-HSA-8979227","Triglyceride metabolism",19,0.359528176964487,1.03927551154157,0.413854351687389,0.741470990300652,0.709429572062452,1673,"tags=26%, list=17%, signal=22%","2168/5499/5566/3991/23175",0.0828962134571565
"R-HSA-392517","Rap1 signalling",11,0.422268370361084,1.03922153651918,0.418819188191882,0.744983694959101,0.712790481113816,3194,"tags=64%, list=32%, signal=43%","23108/5566/5906/10125/7534/7529/5908",0.0843144320642653
"R-HSA-1433559","Regulation of KIT signaling",13,-0.387159598990828,-1.03919902311021,0.413483146067416,0.741470990300652,0.709429572062452,681,"tags=23%, list=7%, signal=22%","2885/2534/8651",0.096240602328129
"R-HSA-196071","Metabolism of steroid hormones",13,0.399402540724133,1.03912896830249,0.409335727109515,0.740352462034229,0.708359379108489,291,"tags=15%, list=3%, signal=15%","706/79644",0.0840745577910724
"R-HSA-381042","PERK regulates gene expression",18,-0.34494791095124,-1.03882863665473,0.398692810457516,0.731934977138209,0.700305641624835,1199,"tags=22%, list=12%, signal=20%","467/9709/468/1051",0.0965629554309422
"R-HSA-111932","CaMK IV-mediated phosphorylation of CREB",10,0.420037700330641,1.03875748947296,0.420212765957447,0.745056991269112,0.712860610047416,3641,"tags=50%, list=36%, signal=32%","805/801/3838/84254/1385",0.0819778796501272
"R-HSA-9725554","Differentiation of Keratinocytes in Interfollicular Epidermis in Mammalian Skin",9,0.435243020226095,1.03760917566319,0.419230769230769,0.744983694959101,0.712790481113816,26,"tags=11%, list=0%, signal=11%","3688",0.0865399737444125
"R-HSA-198323","AKT phosphorylates targets in the cytosol",14,-0.37315004167097,-1.03756916758255,0.399548532731377,0.73260336502188,0.700945146253455,3777,"tags=64%, list=38%, signal=40%","208/2931/1147/10000/1027/4193/2932/842/23608",0.0985499803531691
"R-HSA-1489509","DAG and IP3 signaling",30,0.320460974275012,1.03687704614743,0.383419689119171,0.717925448868072,0.686901511489616,2146,"tags=30%, list=21%, signal=24%","805/5566/113/115/801/5578/5613/5153/5577",0.0855356947987884
"R-HSA-140534","Caspase activation via Death Receptors in the presence of ligand",12,-0.38961284146194,-1.03660247228222,0.393518518518519,0.726926523297491,0.695513619669298,1445,"tags=42%, list=14%, signal=36%","841/7186/8837/8717/8797",0.100990587455923
"R-HSA-174824","Plasma lipoprotein assembly, remodeling, and clearance",41,-0.281628441689945,-1.03611900996833,0.398081534772182,0.731597750800434,0.699982987954462,410,"tags=12%, list=4%, signal=12%","161/51599/1211/29116/26119",0.102449405629826
"R-HSA-5205685","PINK1-PRKN Mediated Mitophagy",29,0.320347199655228,1.03547731270973,0.407665505226481,0.738111830097893,0.706215572302103,3026,"tags=52%, list=30%, signal=36%","7334/7332/7323/401505/6233/56993/9140/7314/7417/7419/9804/7416/9474/51001/7316",0.0826646449123753
"R-HSA-203615","eNOS activation",10,0.418681237436877,1.03540294299063,0.425531914893617,0.747520643103674,0.715217799323285,2385,"tags=40%, list=24%, signal=31%","805/801/3320/80777",0.0813027345384499
"R-HSA-177504","Retrograde neurotrophin signalling",9,-0.43508801718147,-1.03512817124952,0.446058091286307,0.771455278592375,0.738118139908875,2043,"tags=44%, list=20%, signal=35%","1785/160/161/1211",0.0873098257637931
"R-HSA-193775","Synthesis of bile acids and bile salts via 24-hydroxycholesterol",4,0.559155613390764,1.03324136221656,0.452611218568665,0.773609509331097,0.740179279199672,559,"tags=25%, list=6%, signal=24%","10858",0.0826646449123753
"R-HSA-6803211","TP53 Regulates Transcription of Death Receptors and Ligands",8,0.452419903742686,1.03263333250257,0.422101449275362,0.745320515696744,0.713112746711383,1474,"tags=38%, list=15%, signal=32%","3486/355/124446",0.0828962134571565
"R-HSA-379724","tRNA Aminoacylation",24,0.341059746774426,1.03233459864969,0.416071428571429,0.74312896999605,0.711015904961758,1289,"tags=25%, list=13%, signal=22%","5464/27068/9521/7965/10056/57038",0.0828962134571565
"R-HSA-1250342","PI3K events in ERBB4 signaling",2,-0.676666279302208,-1.03204971858928,0.48804780876494,0.802932500766166,0.76823512701772,966,"tags=50%, list=10%, signal=45%","5295",0.0802023444698144
"R-HSA-9772755","Formation of WDR5-containing histone-modifying complexes",41,-0.280283725263123,-1.0311717601647,0.405275779376499,0.736121930481093,0.704311662840963,2805,"tags=39%, list=28%, signal=28%","54934/11168/1810/51105/55683/2648/80335/284058/8473/259282/4297/11091/26993/4221/84148/91272",0.101350743797099
"R-HSA-9603798","Class I peroxisomal membrane protein import",20,0.35002154797198,1.02993381396326,0.45,0.772475577584334,0.739094348400792,3484,"tags=50%, list=35%, signal=33%","9409/8799/51024/215/225/5828/54332/8504/5195/10478",0.0768736734126542
"R-HSA-170834","Signaling by TGF-beta Receptor Complex",73,0.263786145923028,1.02985662873661,0.407345575959933,0.738111830097893,0.706215572302103,1847,"tags=25%, list=18%, signal=20%","3688/5499/9040/5045/7046/3065/6772/11171/9612/4738/7049/7323/387/6233/7050/9958/892/7314",0.080419996876154
"R-HSA-5669034","TNFs bind their physiological receptors",16,0.371364336920471,1.02970700967389,0.452380952380952,0.773609509331097,0.740179279199672,52,"tags=12%, list=1%, signal=12%","10673/8740",0.0797705918628453
"R-HSA-5689901","Metalloprotease DUBs",17,0.364464862713353,1.02861641503586,0.425,0.747520643103674,0.715217799323285,3026,"tags=47%, list=30%, signal=33%","29086/10213/6233/7314/580/8850/2033/7316",0.0817515582532145
"R-HSA-936837","Ion transport by P-type ATPases",32,0.308894527718474,1.02783214134281,0.412727272727273,0.741470990300652,0.709429572062452,1639,"tags=25%, list=16%, signal=21%","481/805/51248/57194/488/493/489/801",0.0843144320642653
"R-HSA-2404192","Signaling by Type 1 Insulin-like Growth Factor 1 Receptor (IGF1R)",22,0.337013665591509,1.02778123493891,0.421516754850088,0.745056991269112,0.712860610047416,600,"tags=14%, list=6%, signal=13%","2323/6654/8660",0.0815265143256594
"R-HSA-2428924","IGF1R signaling cascade",22,0.337013665591509,1.02778123493891,0.421516754850088,0.745056991269112,0.712860610047416,600,"tags=14%, list=6%, signal=13%","2323/6654/8660",0.0815265143256594
"R-HSA-167152","Formation of HIV elongation complex in the absence of HIV Tat",40,0.295126734426047,1.02621554283514,0.437710437710438,0.762258392675483,0.729318681904884,2493,"tags=35%, list=25%, signal=26%","6827/5434/5435/5440/5436/5441/5439/5438/7936/51497/5432/2071/22916/8178",0.0770736734944102
"R-HSA-9709570","Impaired BRCA2 binding to RAD51",28,0.324664583834798,1.02547670767016,0.412859560067682,0.741470990300652,0.709429572062452,2507,"tags=36%, list=25%, signal=27%","10524/5810/6117/7486/5982/5984/6119/580/6118/3364",0.080419996876154
"R-HSA-202131","Metabolism of nitric oxide: NOS3 activation and regulation",13,0.394141373968813,1.02544094625683,0.416517055655296,0.74312896999605,0.711015904961758,2385,"tags=38%, list=24%, signal=29%","51070/805/801/3320/80777",0.083129129135339
"R-HSA-159740","Gamma-carboxylation of protein precursors",1,0.772591262716936,1.02468268431027,0.459724950884086,0.777727272727273,0.744119100395939,2281,"tags=100%, list=23%, signal=77%","2677",0.0826646449123753
"R-HSA-2426168","Activation of gene expression by SREBF (SREBP)",41,-0.278380326952632,-1.02416910389459,0.410071942446043,0.740900837935776,0.708884057870373,1569,"tags=22%, list=16%, signal=19%","2222/4597/1595/1717/6604/3156/6713/32/3157",0.100633389423036
"R-HSA-9749641","Aspirin ADME",4,0.553841246526982,1.02342115559402,0.471953578336557,0.788586496615087,0.754509061239234,2902,"tags=75%, list=29%, signal=53%","682/8824/6566",0.080419996876154
"R-HSA-9976102","Differentiation of naive CD4+ T cells to T helper 2 cells (Th2 cells)",69,-0.250087902645016,-1.02315240787379,0.411616161616162,0.741470990300652,0.709429572062452,1038,"tags=17%, list=10%, signal=16%","4297/11091/8535/4221/9759/1107/22955/51621/4094/2353/3725/2113",0.103576326612592
"R-HSA-2142691","Synthesis of Leukotrienes (LT) and Eoxins (EX)",6,0.485991842254266,1.02265590318932,0.44916820702403,0.772388745947854,0.739011269047026,1694,"tags=33%, list=17%, signal=28%","241/4048",0.0806388495950661
"R-HSA-983168","Antigen processing: Ubiquitination & Proteasome degradation",246,-0.205784130547466,-1.02212923217086,0.368421052631579,0.708138450905701,0.677537442136875,1308,"tags=17%, list=13%, signal=15%","23295/642/63893/54461/51343/55658/23291/54850/8881/90933/140460/10293/5709/84961/26267/140459/283807/5930/997/7322/89122/81559/7321/27338/118424/8924/10273/6478/142678/79176/23608/868/27246/51191/26232/57520/25897/114907/29116/8651/7704",0.120433371642259
"R-HSA-5205647","Mitophagy",36,0.304687301852383,1.02132334368751,0.423841059602649,0.74685072397542,0.714576829620233,3026,"tags=47%, list=30%, signal=33%","7334/7332/7323/401505/139341/6233/56993/9140/7314/7417/7419/9804/1460/7416/9474/51001/7316",0.0778840111977068
"R-HSA-2730905","Role of LAT2/NTAL/LAB on calcium mobilization",11,0.414946861740422,1.02120297303574,0.440959409594096,0.766051703993166,0.732948071671991,453,"tags=27%, list=5%, signal=26%","2207/7462/6654",0.0815265143256594
"R-HSA-114508","Effects of PIP2 hydrolysis",19,-0.334511107183434,-1.02014218667418,0.437357630979499,0.762258392675483,0.729318681904884,1899,"tags=37%, list=19%, signal=30%","57406/160851/5583/5580/26090/1606/221955",0.0937465422491719
"R-HSA-210744","Regulation of gene expression in late stage (branching morphogenesis) pancreatic bud precursor cells",9,0.427881767368565,1.02006012110194,0.434615384615385,0.759870320202514,0.727033805955974,3651,"tags=56%, list=36%, signal=35%","4851/8850/2033/9794/3516",0.0845557442441281
"R-HSA-389359","CD28 dependent Vav1 pathway",9,-0.428737826698596,-1.02002028318539,0.46058091286307,0.777940712644337,0.744323316866988,681,"tags=33%, list=7%, signal=31%","2885/5879/2534",0.0855356947987884
"R-HSA-1296071","Potassium Channels",14,0.378219042567947,1.019862300607,0.443649373881932,0.769862148795117,0.736593854528741,965,"tags=21%, list=10%, signal=19%","54331/8514/2787",0.0795564677235957
"R-HSA-2172127","DAP12 interactions",28,-0.298726255358488,-1.0194008396462,0.435523114355231,0.760387804756939,0.727528928288199,966,"tags=29%, list=10%, signal=26%","5295/2885/5879/2534/3822/22914/10326/10451",0.0978773277424561
"R-HSA-212300","PRC2 methylates histones and DNA",13,-0.379668510654912,-1.01909172962966,0.447191011235955,0.771455278592375,0.738118139908875,811,"tags=23%, list=8%, signal=21%","23512/121536/5252",0.0916795246008379
"R-HSA-912631","Regulation of signaling by CBL",18,-0.338046703528423,-1.01804529032703,0.420479302832244,0.745056991269112,0.712860610047416,966,"tags=28%, list=10%, signal=25%","5295/2885/8503/2534/1398",0.0934449219410994
"R-HSA-8949215","Mitochondrial calcium ion transport",18,0.350846339152516,1.01656362779667,0.412523020257827,0.741470990300652,0.709429572062452,3106,"tags=56%, list=31%, signal=38%","91689/30968/23203/9512/7417/7419/7416/11331/10367/55486",0.0850427463764322
"R-HSA-456926","Thrombin signalling through proteinase activated receptors (PARs)",16,0.366450913014496,1.01608322695033,0.463369963369963,0.781879691643005,0.748092079531937,965,"tags=19%, list=10%, signal=17%","54331/409/2787",0.0785029047348687
"R-HSA-8864260","Transcriptional regulation by the AP-2 (TFAP2) family of transcription factors",17,-0.352444395125101,-1.0153979445423,0.429864253393665,0.753583747496477,0.721018896886133,488,"tags=12%, list=5%, signal=11%","7913/10370",0.0943563635421779
"R-HSA-2514853","Condensation of Prometaphase Chromosomes",8,-0.426510964548677,-1.01455441011228,0.444444444444444,0.770460430034898,0.73716628205384,1984,"tags=38%, list=20%, signal=30%","23397/1457/10051",0.0913924325943768
"R-HSA-5083636","Defective GALNT12 causes CRCS1",1,0.763814083383204,1.01304156938395,0.481335952848723,0.797464519587052,0.76300343542265,2369,"tags=100%, list=24%, signal=76%","10071",0.0802023444698144
"R-HSA-5578749","Transcriptional regulation by small RNAs",17,0.358833210423915,1.01272240005301,0.451785714285714,0.773609509331097,0.740179279199672,2175,"tags=53%, list=22%, signal=42%","5434/5435/5440/5436/5441/5901/5439/5438/5432",0.0785029047348687
"R-HSA-2024096","HS-GAG degradation",9,-0.425189798182358,-1.01157908479673,0.468879668049793,0.786522658856074,0.752534408747988,2661,"tags=44%, list=27%, signal=33%","138050/2817/3423/4669",0.0845557442441281
"R-HSA-1295596","Spry regulation of FGF signaling",16,-0.347059938386777,-1.01119157082116,0.421052631578947,0.745056991269112,0.712860610047416,1371,"tags=31%, list=14%, signal=27%","10253/5594/5515/2885/673",0.0937465422491719
"R-HSA-1234158","Regulation of gene expression by Hypoxia-inducible Factor",7,-0.457737797260541,-1.01077468101747,0.45353982300885,0.773609509331097,0.740179279199672,15,"tags=14%, list=0%, signal=14%","10370",0.0899860794997137
"R-HSA-9770562","mRNA Polyadenylation",126,0.232138932843257,1.0106282536313,0.433544303797468,0.759257219854113,0.726447199705039,2748,"tags=36%, list=27%, signal=26%","5499/6637/6632/6631/3185/10262/6635/3188/1478/6628/51639/5434/1477/6633/6629/6634/5435/5440/5436/6233/84844/5441/6636/5439/5438/7314/6627/220988/11052/7307/10978/22827/6626/10236/5432/22916/3178/83443/10992/64852/81608/3181/27336/11051/6638",0.0743625384422526
"R-HSA-427389","ERCC6 (CSB) and EHMT2 (G9a) positively regulate rRNA expression",16,0.364366465263969,1.01030353771626,0.467032967032967,0.784964053628101,0.751043156016109,2760,"tags=50%, list=28%, signal=36%","3065/54815/1108/57504/5931/3066/5928/53615",0.0780892306943345
"R-HSA-168638","NOD1/2 Signaling Pathway",33,0.303845312592636,1.00870257033688,0.447140381282496,0.771455278592375,0.738118139908875,1943,"tags=30%, list=19%, signal=25%","7334/834/23118/83737/5603/6233/837/1540/7314/330",0.0774767547848578
"R-HSA-9820865","Z-decay: degradation of maternal mRNAs by zygotically expressed factors",9,-0.423826691160255,-1.00833608470644,0.470954356846473,0.788019775923002,0.753966830425993,780,"tags=22%, list=8%, signal=21%","1975/9775",0.0843144320642653
"R-HSA-6802952","Signaling by BRAF and RAF1 fusions",50,0.272048060487274,1.0081837600838,0.425385934819897,0.747520643103674,0.715217799323285,815,"tags=16%, list=8%, signal=15%","57085/60/71/409/7414/369/805/1445",0.0795564677235957
"R-HSA-9012999","RHO GTPase cycle",303,0.211880829166577,1.00765755251028,0.453505007153076,0.773609509331097,0.740179279199672,2302,"tags=27%, list=23%, signal=22%","26030/3688/7171/79180/4689/9235/60/3932/10134/71/10376/9528/397/55845/6654/55843/5880/84986/23221/832/23344/389/396/4646/1445/8086/54509/7170/51138/3336/56924/10574/158747/22800/94240/908/128272/23433/92799/10144/79834/91544/391/387/5338/55831/26084/10006/8776/26286/5924/7879/23616/55004/7410/121512/25963/147179/2040/4580/11140/11180/9352/89839/56990/9318/55852/3320/120/55968/10576/29843/392/57584/4722/7454/998/9639/9748/3930/10963/2873/23256",0.0670512579829467
"R-HSA-3214815","HDACs deacetylate histones",32,0.302681146331433,1.00715740442471,0.447272727272727,0.771455278592375,0.738118139908875,2760,"tags=47%, list=28%, signal=34%","3065/10284/54815/9612/23186/1108/57504/51317/5931/25855/3066/5928/55869/5926/53615",0.0799858801499946
"R-HSA-203927","MicroRNA (miRNA) biogenesis",24,0.332547445884725,1.00656919301135,0.446428571428571,0.771455278592375,0.738118139908875,2175,"tags=46%, list=22%, signal=36%","5434/5435/5440/5436/8575/5441/5901/5439/5438/29102/5432",0.0791316651768349
"R-HSA-450282","MAPK targets/ Nuclear events mediated by MAP kinases",28,-0.294591203420948,-1.00529000960867,0.450121654501217,0.772475577584334,0.739094348400792,2040,"tags=29%, list=20%, signal=23%","9261/5598/1848/5594/1846/5515/2353/3725",0.0959206777921745
"R-HSA-2219528","PI3K/AKT Signaling in Cancer",56,0.274561702825688,1.00518175378292,0.457975986277873,0.777727272727273,0.744119100395939,697,"tags=11%, list=7%, signal=10%","2323/5293/3932/5880/8660/572",0.0756946307932749
"R-HSA-9013026","RHOB GTPase cycle",36,-0.284195836612937,-1.0051361825205,0.459798994974874,0.777727272727273,0.744119100395939,966,"tags=17%, list=10%, signal=15%","5295/29941/2909/9138/4162/11214",0.0965629554309422
"R-HSA-5685938","HDR through Single Strand Annealing (SSA)",32,0.301953762936238,1.0047370700854,0.449090909090909,0.772388745947854,0.739011269047026,2507,"tags=34%, list=25%, signal=26%","10524/5810/6117/7486/5982/5984/6119/580/2067/6118/3364",0.0797705918628453
"R-HSA-177929","Signaling by EGFR",38,0.289187426201652,1.00339931137288,0.464285714285714,0.78265306122449,0.748832029251367,3026,"tags=37%, list=30%, signal=26%","5829/6654/55824/1445/6233/102/5796/7314/6464/998/5782/4893/5781/7316",0.0745500777420554
"R-HSA-9932444","ATP-dependent chromatin remodelers",108,0.241916945615861,1.00259755111552,0.448,0.771931520644512,0.738573801963986,2760,"tags=37%, list=28%, signal=27%","6637/60/6632/7341/6605/80205/3065/54815/10262/1728/6635/6628/51639/1108/6633/6629/79577/6634/9646/84844/57504/10263/6636/5931/86/57592/7329/6627/22827/170394/3066/83443/10992/22850/5928/6941/8110/2033/6638/53615",0.0732558655828455
"R-HSA-983169","Class I MHC mediated antigen processing & presentation",300,0.209666007688714,1.00239881578581,0.459227467811159,0.777727272727273,0.744119100395939,1504,"tags=21%, list=15%, signal=18%","5699/4689/9040/5687/5721/10952/23480/8673/10134/7334/5689/5702/140739/5685/8945/5704/55819/5691/7336/6891/5690/5698/7332/5683/3309/5694/83737/5714/5682/64320/9861/567/26270/11047/5713/26234/51752/6737/6810/5695/7317/5705/246184/5719/9978/5700/9246/25847/7323/10213/5720/8454/9616/4615/29927/5686/6233/8453/5692/5684/27252/151636",0.066436413766281
"R-HSA-5655253","Signaling by FGFR2 in disease",27,0.310104462725376,1.00067456759598,0.45993031358885,0.777727272727273,0.744119100395939,2391,"tags=37%, list=24%, signal=28%","6654/5434/5435/5440/5436/5441/5439/5438/5432/22916",0.0762797180809272
"R-HSA-109606","Intrinsic Pathway for Apoptosis",49,-0.259685874792153,-1.00032466755801,0.467866323907455,0.785593012959427,0.75164493593077,1105,"tags=16%, list=11%, signal=15%","5594/1029/4836/842/708/5533/27113/10018",0.096887770327544
"R-HSA-71403","Citric acid cycle (TCA cycle)",32,0.300612386951276,1.00027370402595,0.46,0.777727272727273,0.744119100395939,3527,"tags=53%, list=35%, signal=35%","6391/1738/4191/6392/8802/54949/6390/57001/50/122961/3421/38/6389/135154/57128/81689/8803",0.0785029047348687
"R-HSA-2871796","FCERI mediated MAPK activation",28,-0.292825107800337,-0.999263223123551,0.452554744525547,0.773609509331097,0.740179279199672,1312,"tags=25%, list=13%, signal=22%","5609/5594/2885/5879/2353/3725/10451",0.0956031492204301
"R-HSA-77286","mitochondrial fatty acid beta-oxidation of saturated fatty acids",9,0.419015782843255,0.998923821454976,0.471153846153846,0.788019775923002,0.753966830425993,2720,"tags=67%, list=27%, signal=49%","3032/1892/6296/3030/3033/34",0.0802023444698144
"R-HSA-189445","Metabolism of porphyrins",17,0.353837381369188,0.998622846712946,0.466071428571429,0.784118204804045,0.750233859122328,2835,"tags=47%, list=28%, signal=34%","2168/645/7389/644/2235/28982/3145/3163",0.0768736734126542
"R-HSA-2028269","Signaling by Hippo",12,0.388691911854104,0.998507996057006,0.473684210526316,0.789166196894378,0.755063710748711,2945,"tags=50%, list=29%, signal=35%","6788/55233/92597/6789/7529/7531",0.0751181635276302
"R-HSA-9927432","Developmental Lineage of Mammary Gland Myoepithelial Cells",7,0.44723883091553,0.997022746943412,0.46,0.777727272727273,0.744119100395939,26,"tags=14%, list=0%, signal=14%","3688",0.0785029047348687
"R-HSA-3781860","Diseases associated with N-glycosylation of proteins",20,0.338753557827546,0.996777900756208,0.479310344827586,0.795441319107663,0.76106766413953,3135,"tags=45%, list=31%, signal=31%","5476/9526/91869/79796/79053/79087/1798/11253/29929",0.0736212741014394
"R-HSA-913709","O-linked glycosylation of mucins",22,0.326704947888933,0.99634302428833,0.477954144620811,0.79433892321271,0.760012906423814,1132,"tags=27%, list=11%, signal=24%","93010/2590/11226/6480/29071/9334",0.0749278818393739
"R-HSA-5654738","Signaling by FGFR2",53,0.272827968523071,0.995847112714001,0.465753424657534,0.784118204804045,0.750233859122328,2397,"tags=32%, list=24%, signal=25%","83888/6654/3185/5518/5434/5435/5440/5436/6233/5441/5439/5438/7314/6464/5432/22916/3178",0.0747385227439093
"R-HSA-5576893","Phase 2 - plateau phase",2,-0.652671177131782,-0.995452448709,0.5199203187251,0.820774907749077,0.785306504476895,1257,"tags=50%, list=13%, signal=44%","782",0.0768736734126542
"R-HSA-156588","Glucuronidation",6,0.47139210562084,0.991934179993457,0.473197781885397,0.789166196894378,0.755063710748711,3445,"tags=67%, list=34%, signal=44%","80146/23169/7358/11046",0.0778840111977068
"R-HSA-9617324","Negative regulation of NMDA receptor-mediated neuronal transmission",10,0.40108148474358,0.991878576228688,0.476950354609929,0.793834685542401,0.759530458533951,1639,"tags=20%, list=16%, signal=17%","805/801",0.0753093764172773
"R-HSA-1433617","Regulation of signaling by NODAL",3,-0.581789805369219,-0.990469490926915,0.527950310559006,0.828631133722781,0.792823236895908,1694,"tags=33%, list=17%, signal=28%","93",0.0780892306943345
"R-HSA-5693616","Presynaptic phase of homologous DNA pairing and strand exchange",33,0.298091610766815,0.989601489687868,0.469670710571924,0.78707794886245,0.753065702833323,3255,"tags=45%, list=32%, signal=31%","10524/5810/6117/7486/5982/5984/6119/580/6118/5889/3364/5892/1111/10111/83695",0.0749278818393739
"R-HSA-193697","p75NTR regulates axonogenesis",3,0.581537090673497,0.989595893425587,0.516377649325626,0.820120075906295,0.784679970087721,1210,"tags=67%, list=12%, signal=59%","396/387",0.0755015292281669
"R-HSA-5602498","MyD88 deficiency (TLR2/4)",3,0.581515274484399,0.989558769033201,0.516377649325626,0.820120075906295,0.784679970087721,3059,"tags=67%, list=31%, signal=46%","4615/114609",0.0755015292281669
"R-HSA-3371497","HSP90 chaperone cycle for steroid hormone receptors (SHR) in the presence of ligand",38,-0.268753066545576,-0.988461065120002,0.490338164251208,0.805152206366426,0.770358911784348,191,"tags=5%, list=2%, signal=5%","2288/2289",0.0905428948469474
"R-HSA-9821993","Replacement of protamines by nucleosomes in the male pronucleus",4,0.534437132557657,0.987565067109649,0.51257253384913,0.820120075906295,0.784679970087721,2112,"tags=50%, list=21%, signal=39%","10361/7290",0.0760837160951725
"R-HSA-9006931","Signaling by Nuclear Receptors",160,-0.209802333984639,-0.987308050210489,0.473239436619718,0.789166196894378,0.755063710748711,1680,"tags=19%, list=17%, signal=16%","3265/192669/2793/374/9611/5170/7392/3727/9166/7514/7391/5594/27327/5590/1655/5295/26523/5431/8503/6257/23030/2353/27161/2288/112724/3725/55625/2354/29116/2289",0.101713902282311
"R-HSA-5358565","Mismatch repair (MMR) directed by MSH2:MSH6 (MutSalpha)",13,0.379062564482999,0.98621028008276,0.459605026929982,0.777727272727273,0.744119100395939,2183,"tags=46%, list=22%, signal=36%","5111/6117/5395/57804/6119/6118",0.0778840111977068
"R-HSA-9634285","Constitutive Signaling by Overexpressed ERBB2",9,0.413429152695433,0.985605425908034,0.482692307692308,0.797607023541294,0.763139781308865,2854,"tags=67%, list=28%, signal=48%","6654/11140/3320/6464/5782/4893",0.0789209638180035
"R-HSA-1236977","Endosomal/Vacuolar pathway",9,-0.414125549325736,-0.985255869187632,0.49792531120332,0.811381149970362,0.776318682096534,1607,"tags=33%, list=16%, signal=28%","3106/3134/3135",0.0813027345384499
"R-HSA-5620916","VxPx cargo-targeting to cilium",16,0.355155211976767,0.98476287283614,0.494505494505495,0.808889962809657,0.7739351473872,3224,"tags=50%, list=32%, signal=34%","4218/8766/10640/55770/5310/8729/55763/378",0.0751181635276302
"R-HSA-1810476","RIP-mediated NFkB activation via ZBP1",16,-0.337584650166773,-0.983584432919547,0.453947368421053,0.773609509331097,0.740179279199672,5,"tags=6%, list=0%, signal=6%","4792",0.0894366833718621
"R-HSA-909733","Interferon alpha/beta signaling",44,-0.260679596185143,-0.98286542444626,0.489051094890511,0.803810204954528,0.769074902699969,129,"tags=9%, list=1%, signal=9%","3665/1958/3135/8651",0.0911073131586733
"R-HSA-9925561","Developmental Lineage of Pancreatic Acinar Cells",1,0.740574506283663,0.982219071908571,0.532416502946955,0.828631133722781,0.792823236895908,2602,"tags=100%, list=26%, signal=74%","1506",0.0749278818393739
"R-HSA-9013148","CDC42 GTPase cycle",99,-0.222916367919238,-0.980286786388266,0.515873015873016,0.820120075906295,0.784679970087721,1034,"tags=15%, list=10%, signal=14%","117289/4296/5295/23380/10788/2909/3895/23048/7112/144402/50619/7074/23513/10451/9901",0.0928481214159878
"R-HSA-211981","Xenobiotics",5,0.4965228470195,0.979876922735886,0.514018691588785,0.820120075906295,0.784679970087721,2593,"tags=60%, list=26%, signal=45%","196/57491/405",0.0741758965588009
"R-HSA-442982","Ras activation upon Ca2+ influx through NMDA receptor",11,0.397901229441554,0.979252901867909,0.487084870848708,0.802756286160909,0.768066527229415,1639,"tags=27%, list=16%, signal=23%","805/5924/801",0.0762797180809272
"R-HSA-8943724","Regulation of PTEN gene transcription",52,-0.253231373775811,-0.979081316420527,0.493670886075949,0.808889962809657,0.7739351473872,848,"tags=17%, list=8%, signal=16%","10670/23512/64121/8535/1107/84232/22955/3725/1958",0.0928481214159878
"R-HSA-9006335","Signaling by Erythropoietin",23,0.3148782936749,0.978977213475289,0.481927710843373,0.797464519587052,0.76300343542265,3185,"tags=43%, list=32%, signal=30%","5293/6654/8660/23533/6464/5294/2889/4893/7409/4067",0.0732558655828455
"R-HSA-9856649","Transcriptional and post-translational regulation of MITF-M expression and activity",32,0.29406609510289,0.978491223066901,0.478181818181818,0.79433892321271,0.760012906423814,3034,"tags=44%, list=30%, signal=31%","1435/7341/3065/9521/7965/3094/7329/7030/7534/2033/7529/9255/7531/6195",0.0764767053228531
"R-HSA-1606322","ZBP1(DAI) mediated induction of type I IFNs",18,-0.324646584075311,-0.977690131241998,0.481481481481481,0.797464519587052,0.76300343542265,5,"tags=6%, list=0%, signal=6%","4792",0.0857844408075645
"R-HSA-73886","Chromosome Maintenance",78,0.246322662132541,0.977528221304902,0.50990099009901,0.819920528228594,0.784489045526343,2183,"tags=33%, list=22%, signal=26%","55505/54433/26277/55651/1616/5111/5434/5435/5440/5436/6117/7486/79682/5441/5982/5931/4869/5984/5439/5438/10856/57804/6119/1017/5432/6118",0.0683110858318647
"R-HSA-1793185","Chondroitin sulfate/dermatan sulfate metabolism",19,-0.320414740328593,-0.977153185117432,0.4874715261959,0.802756286160909,0.768066527229415,154,"tags=11%, list=2%, signal=10%","56548/50515",0.0875697115548511
"R-HSA-877312","Regulation of IFNG signaling",13,-0.363678046868338,-0.976170736867505,0.496629213483146,0.810137690263196,0.775128956403323,1852,"tags=31%, list=18%, signal=25%","3458/3716/5770/8651",0.0857844408075645
"R-HSA-606279","Deposition of new CENPA-containing nucleosomes at the centromere",20,-0.318373981254598,-0.976157897228332,0.483412322274882,0.797607023541294,0.763139781308865,2486,"tags=30%, list=25%, signal=23%","54069/64946/8467/55166/23421/64105",0.0902635484340068
"R-HSA-774815","Nucleosome assembly",20,-0.318373981254598,-0.976157897228332,0.483412322274882,0.797607023541294,0.763139781308865,2486,"tags=30%, list=25%, signal=23%","54069/64946/8467/55166/23421/64105",0.0902635484340068
"R-HSA-199220","Vitamin B5 (pantothenate) metabolism",15,-0.343124288698127,-0.975082812244307,0.496519721577726,0.810137690263196,0.775128956403323,1167,"tags=27%, list=12%, signal=24%","8034/8884/80025/8875",0.0875697115548511
"R-HSA-5617833","Cilium Assembly",157,0.218922606880146,0.973790526078473,0.510574018126888,0.819920528228594,0.784489045526343,2151,"tags=22%, list=21%, signal=17%","4218/10694/7280/8655/10376/203068/8766/80321/5518/79600/95681/11258/22919/54585/5147/11127/5566/84131/6950/55081/10640/22948/6102/79809/10383/22897/64792/55559/3320/10576/55770/5310/5577/10540",0.0639271933359996
"R-HSA-9975921","Assembly of the 9+0 primary cilium",157,0.218922606880146,0.973790526078473,0.510574018126888,0.819920528228594,0.784489045526343,2151,"tags=22%, list=21%, signal=17%","4218/10694/7280/8655/10376/203068/8766/80321/5518/79600/95681/11258/22919/54585/5147/11127/5566/84131/6950/55081/10640/22948/6102/79809/10383/22897/64792/55559/3320/10576/55770/5310/5577/10540",0.0639271933359996
"R-HSA-9609690","HCMV Early Events",59,0.260282222267013,0.973488569602797,0.528523489932886,0.828631133722781,0.792823236895908,1947,"tags=20%, list=19%, signal=16%","3688/7280/8655/10376/9612/8086/1616/8480/5931/10383/6396/10155",0.0673623868166279
"R-HSA-1296346","Tandem pore domain potassium channels",1,-0.731996808298424,-0.972963185018019,0.543610547667343,0.838025115621788,0.80181127371158,2689,"tags=100%, list=27%, signal=73%","9424",0.0755015292281669
"R-HSA-112040","G-protein mediated events",36,0.290048339700052,0.972252989647034,0.496688741721854,0.810137690263196,0.775128956403323,3642,"tags=47%, list=36%, signal=30%","805/2773/5566/113/115/801/5578/5613/5153/5577/3838/23236/84254/5330/3710/1385/3708",0.0697792517076235
"R-HSA-3000171","Non-integrin membrane-ECM interactions",20,0.33011747119327,0.971366329107287,0.508620689655172,0.819444444444444,0.784033534899936,257,"tags=15%, list=3%, signal=15%","3688/60/71",0.0706196247122591
"R-HSA-9823739","Formation of the anterior neural plate",1,0.732196289646918,0.971107098569807,0.544204322200393,0.838025115621788,0.80181127371158,2686,"tags=100%, list=27%, signal=73%","9839",0.0738052724171275
"R-HSA-1483166","Synthesis of PA",18,-0.322350315119756,-0.970774797440108,0.492374727668845,0.80772114960824,0.772816842476894,2163,"tags=39%, list=22%, signal=31%","23259/2820/79888/23171/81579/150763/51205",0.0845557442441281
"R-HSA-176974","Unwinding of DNA",9,0.406860611155155,0.969946176577908,0.505769230769231,0.819444444444444,0.784033534899936,4115,"tags=78%, list=41%, signal=46%","84296/4172/4173/4176/51659/4175/84515",0.0764767053228531
"R-HSA-71387","Metabolism of carbohydrates and carbohydrate derivatives",186,0.213390742901339,0.969725642848782,0.525993883792049,0.827183396294297,0.791438060998559,1847,"tags=22%, list=18%, signal=18%","93010/5236/2539/3795/29940/26035/411/51071/669/229/5315/226/2023/5518/8372/8707/805/8086/2992/5106/11261/22934/9334/6888/5566/5519/6233/5261/5214/92579/8480/80146/4123/64080/801/7167/284129/6396/55501/10855/7314",0.0630790410571939
"R-HSA-166663","Initial triggering of complement",3,0.569433801203928,0.968999845902367,0.549132947976879,0.841172925653388,0.804823056441941,615,"tags=33%, list=6%, signal=31%","3004",0.0723570851036907
"R-HSA-2564830","Cytosolic iron-sulfur cluster assembly",9,-0.407233013337906,-0.968857674131438,0.518672199170125,0.820774907749077,0.785306504476895,2233,"tags=33%, list=22%, signal=26%","9391/5424/64210",0.0791316651768349
"R-HSA-181429","Serotonin Neurotransmitter Release Cycle",4,0.524259471137708,0.968758172395746,0.531914893617021,0.828631133722781,0.792823236895908,1322,"tags=50%, list=13%, signal=43%","6804/5864",0.0741758965588009
"R-HSA-181430","Norepinephrine Neurotransmitter Release Cycle",4,0.524259471137708,0.968758172395746,0.531914893617021,0.828631133722781,0.792823236895908,1322,"tags=50%, list=13%, signal=43%","6804/5864",0.0741758965588009
"R-HSA-264642","Acetylcholine Neurotransmitter Release Cycle",4,0.524259471137708,0.968758172395746,0.531914893617021,0.828631133722781,0.792823236895908,1322,"tags=50%, list=13%, signal=43%","6804/5864",0.0741758965588009
"R-HSA-9818027","NFE2L2 regulating anti-oxidant/detoxification enzymes",15,-0.340892517979868,-0.968740616894334,0.498839907192575,0.812098079168884,0.777004630408956,1106,"tags=27%, list=11%, signal=24%","2730/468/3162/571",0.0873098257637931
"R-HSA-917977","Transferrin endocytosis and recycling",21,0.323274479380567,0.967119901176658,0.517482517482518,0.820120075906295,0.784679970087721,1360,"tags=33%, list=14%, signal=29%","7036/8992/9114/533/9550/9296/528",0.0704500850658419
"R-HSA-380259","Loss of Nlp from mitotic centrosomes",63,0.258441693326407,0.965273128568215,0.508417508417508,0.819444444444444,0.784033534899936,2151,"tags=24%, list=21%, signal=19%","8655/203068/80321/5518/95681/11258/22919/5566/84131/10383/22897/55559/3320/5577/10540",0.0694481442003175
"R-HSA-380284","Loss of proteins required for interphase microtubule organization from the centrosome",63,0.258441693326407,0.965273128568215,0.508417508417508,0.819444444444444,0.784033534899936,2151,"tags=24%, list=21%, signal=19%","8655/203068/80321/5518/95681/11258/22919/5566/84131/10383/22897/55559/3320/5577/10540",0.0694481442003175
"R-HSA-9024446","NR1H2 and NR1H3-mediated signaling",30,-0.27952921611674,-0.964563241558009,0.515366430260047,0.820120075906295,0.784679970087721,1672,"tags=23%, list=17%, signal=20%","192669/9611/27327/26523/6257/27161/29116",0.0865399737444125
"R-HSA-5654732","Negative regulation of FGFR3 signaling",17,-0.334241375836256,-0.962954754563926,0.51131221719457,0.819920528228594,0.784489045526343,1371,"tags=29%, list=14%, signal=25%","10253/5594/5515/2885/673",0.0845557442441281
"R-HSA-5654733","Negative regulation of FGFR4 signaling",17,-0.334241375836256,-0.962954754563926,0.51131221719457,0.819920528228594,0.784489045526343,1371,"tags=29%, list=14%, signal=25%","10253/5594/5515/2885/673",0.0845557442441281
"R-HSA-9679504","Translation of Replicase and Assembly of the Replication Transcription Complex",12,-0.361916728916251,-0.962914298582041,0.525462962962963,0.827108674912263,0.79136656857502,1709,"tags=33%, list=17%, signal=28%","7405/128866/81631/30849",0.0843144320642653
"R-HSA-2151209","Activation of PPARGC1A (PGC-1alpha) by phosphorylation",7,0.431908450877641,0.96284696308812,0.501818181818182,0.816003981939654,0.780741746179408,1352,"tags=29%, list=13%, signal=25%","5564/5571",0.0739901439101341
"R-HSA-8854518","AURKA Activation by TPX2",65,0.251715912803459,0.96283409942151,0.517006802721088,0.820120075906295,0.784679970087721,3012,"tags=32%, list=30%, signal=23%","8655/203068/80321/5518/95681/11258/22919/5566/84131/10383/22897/55559/3320/5577/10540/4957/54801/22974/10121/7531/7283",0.069119845655101
"R-HSA-114604","GPVI-mediated activation cascade",27,0.298354593572568,0.96275897253985,0.515679442508711,0.820120075906295,0.784679970087721,1590,"tags=33%, list=16%, signal=28%","27040/2207/3932/5880/391/387/23533/3937/7410",0.0704500850658419
"R-HSA-5620912","Anchoring of the basal body to the plasma membrane",87,0.238356441155527,0.962549360220365,0.537964458804523,0.834503344528141,0.798441690015723,2151,"tags=21%, list=21%, signal=16%","4218/8655/203068/8766/80321/5518/79600/95681/11258/22919/5566/84131/10383/22897/55559/3320/5577/10540",0.0646484568421928
"R-HSA-5654727","Negative regulation of FGFR2 signaling",19,-0.315312774119523,-0.961593967940213,0.514806378132118,0.820120075906295,0.784679970087721,1371,"tags=26%, list=14%, signal=23%","10253/5594/5515/2885/673",0.0845557442441281
"R-HSA-9648895","Response of EIF2AK1 (HRI) to heme deficiency",13,-0.35824418114628,-0.961585361831488,0.507865168539326,0.819444444444444,0.784033534899936,1199,"tags=23%, list=12%, signal=20%","467/468/1051",0.0845557442441281
"R-HSA-983712","Ion channel transport",92,-0.220273745057133,-0.959410449056752,0.550802139037433,0.841172925653388,0.804823056441941,1622,"tags=23%, list=16%, signal=19%","10312/26133/255231/41/7439/1182/57130/1186/57348/266675/23250/57192/55283/197259/1184/65125/23400/155066/483/1831/90423",0.0897104652742981
"R-HSA-174411","Polymerase switching on the C-strand of the telomere",23,-0.300586593760065,-0.958812037643936,0.494061757719715,0.808889962809657,0.7739351473872,1742,"tags=30%, list=17%, signal=25%","80169/25913/5424/10714/54921/5557/54386",0.0891647117820678
"R-HSA-73884","Base Excision Repair",42,0.270501352902688,0.958533785013884,0.517667844522968,0.820120075906295,0.784679970087721,2973,"tags=45%, list=30%, signal=32%","26277/7515/4913/5111/6117/328/5982/8930/5984/57804/6119/6118/54107/7013/4595/2237/56655/5425/5423",0.0709609456938284
"R-HSA-2024101","CS/DS degradation",9,0.402040125465289,0.958454251491184,0.530769230769231,0.828631133722781,0.792823236895908,775,"tags=22%, list=8%, signal=21%","411/8372",0.0739901439101341
"R-HSA-5250913","Positive epigenetic regulation of rRNA expression",43,0.270079066173396,0.956794250022735,0.524534686971235,0.826407780301826,0.790695961943004,2980,"tags=44%, list=30%, signal=31%","60/9014/3065/54815/5434/1108/5435/5440/57504/5441/5931/9533/3066/8850/5928/2033/53615/4641/25885",0.0681513438679483
"R-HSA-5654726","Negative regulation of FGFR1 signaling",18,-0.3173535568113,-0.955726799013471,0.507625272331155,0.819444444444444,0.784033534899936,1371,"tags=28%, list=14%, signal=24%","10253/5594/5515/2885/673",0.0828962134571565
"R-HSA-3229121","Glycogen storage diseases",10,0.386424186822205,0.955630929935796,0.523049645390071,0.824827597476877,0.789184064053607,3570,"tags=70%, list=36%, signal=45%","2992/6233/92579/7314/7316/2542/2632",0.0706196247122591
"R-HSA-74259","Purine catabolism",13,0.367176544328703,0.955286320916744,0.506283662477558,0.819444444444444,0.784033534899936,813,"tags=23%, list=8%, signal=21%","3704/4907/4860",0.0728938564822936
"R-HSA-2485179","Activation of the phototransduction cascade",4,0.516354264704877,0.954150456640682,0.553191489361702,0.841172925653388,0.804823056441941,484,"tags=25%, list=5%, signal=24%","5145",0.0721797965581253
"R-HSA-9013405","RHOD GTPase cycle",37,-0.257745872611408,-0.952746231304521,0.503740648379052,0.817742172084021,0.782404823368418,966,"tags=19%, list=10%, signal=17%","5295/2909/7112/144402/4162/9497/10424",0.0908241419007155
"R-HSA-2691230","Signaling by NOTCH1 HD Domain Mutants in Cancer",9,0.399492129618445,0.952379889014644,0.544230769230769,0.838025115621788,0.80181127371158,1847,"tags=44%, list=18%, signal=36%","4851/6233/102/7314",0.0727141077934447
"R-HSA-2691232","Constitutive Signaling by NOTCH1 HD Domain Mutants",9,0.399492129618445,0.952379889014644,0.544230769230769,0.838025115621788,0.80181127371158,1847,"tags=44%, list=18%, signal=36%","4851/6233/102/7314",0.0727141077934447
"R-HSA-3000157","Laminin interactions",7,0.427161454154085,0.952264555242712,0.52,0.820774907749077,0.785306504476895,26,"tags=14%, list=0%, signal=14%","3688",0.0721797965581253
"R-HSA-71336","Pentose phosphate pathway",13,0.365967394305976,0.952140465075766,0.508078994614004,0.819444444444444,0.784033534899936,1560,"tags=38%, list=16%, signal=33%","2539/51071/22934/6888/64080",0.0727141077934447
"R-HSA-74752","Signaling by Insulin receptor",44,0.266265052322081,0.952133931439548,0.519458544839255,0.820774907749077,0.785306504476895,1027,"tags=18%, list=10%, signal=16%","2323/6654/8992/9114/8660/533/9550/9296",0.0686325631836726
"R-HSA-171319","Telomere Extension By Telomerase",20,-0.310415964624851,-0.951758036571408,0.516587677725118,0.820120075906295,0.784679970087721,276,"tags=15%, list=3%, signal=15%","80119/54386/23243",0.0865399737444125
"R-HSA-9013149","RAC1 GTPase cycle",121,-0.208700214667113,-0.950879629492935,0.543661971830986,0.838025115621788,0.80181127371158,1521,"tags=20%, list=15%, signal=17%","9912/23592/79658/221178/116984/27/653361/117289/5295/23380/10811/10788/2909/3895/8503/5879/7112/4162/50619/7074/84144/1535/10451/9901",0.0934449219410994
"R-HSA-2046104","alpha-linolenic (omega3) and linoleic (omega6) acid metabolism",11,0.385906678930982,0.949733771176697,0.533210332103321,0.828631133722781,0.792823236895908,1964,"tags=45%, list=20%, signal=37%","6342/64834/10005/3295/215",0.0716527366829457
"R-HSA-2046106","alpha-linolenic acid (ALA) metabolism",11,0.385906678930982,0.949733771176697,0.533210332103321,0.828631133722781,0.792823236895908,1964,"tags=45%, list=20%, signal=37%","6342/64834/10005/3295/215",0.0716527366829457
"R-HSA-418890","Role of second messengers in netrin-1 signaling",2,-0.622643391521197,-0.949654145118017,0.589641434262948,0.865988406887472,0.828566178509713,3786,"tags=100%, list=38%, signal=62%","5335/5306",0.0704500850658419
"R-HSA-390918","Peroxisomal lipid metabolism",24,0.313532714468501,0.949014570073147,0.544642857142857,0.838025115621788,0.80181127371158,2266,"tags=29%, list=23%, signal=23%","6342/55825/283927/10005/3295/215/8310",0.0689567351672811
"R-HSA-9933937","Formation of the canonical BAF (cBAF) complex",16,-0.325476797421917,-0.948307072204127,0.50219298245614,0.816003981939654,0.780741746179408,2228,"tags=44%, list=22%, signal=34%","6598/57492/9275/8289/6599/6602/9274",0.0838361057159929
"R-HSA-5603041","IRAK4 deficiency (TLR2/4)",4,0.513091578045748,0.948121468059629,0.570599613152805,0.852791917828338,0.815939953467312,3059,"tags=50%, list=31%, signal=35%","4615/114609",0.0706196247122591
"R-HSA-9854311","Maturation of TCA enzymes and regulation of TCA cycle",19,0.327814482641443,0.947601845881393,0.55417406749556,0.841341463606834,0.804984311311996,3468,"tags=63%, list=35%, signal=41%","6391/6392/54949/6390/57001/50/122961/38/6389/135154/57128/81689",0.0678338263479455
"R-HSA-391903","Eicosanoid ligand-binding receptors",5,0.479791500628954,0.946857978466132,0.545794392523364,0.838289233040823,0.802063977741827,695,"tags=40%, list=7%, signal=37%","5732/10800",0.0711327399327894
"R-HSA-399997","Acetylcholine regulates insulin secretion",5,0.47952624002516,0.946334492496194,0.545794392523364,0.838289233040823,0.802063977741827,4249,"tags=80%, list=42%, signal=46%","5578/23236/5330/5331",0.0711327399327894
"R-HSA-6804116","TP53 Regulates Transcription of Genes Involved in G1 Cell Cycle Arrest",8,0.41434909396045,0.9457379796428,0.514492753623188,0.820120075906295,0.784679970087721,3055,"tags=50%, list=30%, signal=35%","1820/1869/1017/1026",0.0725351864394589
"R-HSA-9836573","Mitochondrial RNA degradation",10,-0.36767751082652,-0.94538809722135,0.531963470319635,0.828631133722781,0.792823236895908,404,"tags=20%, list=4%, signal=19%","2926/6832",0.0828962134571565
"R-HSA-5696400","Dual Incision in GG-NER",39,0.277185290667768,0.944822331197473,0.568695652173913,0.852047513896292,0.815227717695635,3195,"tags=46%, list=32%, signal=32%","5111/9978/6117/6233/5982/5984/7314/57804/6119/2067/6118/54107/2071/56655/5425/7316/8450/1642",0.0655321029282414
"R-HSA-1369062","ABC transporters in lipid homeostasis",11,0.383511833875157,0.943839949301022,0.533210332103321,0.828631133722781,0.792823236895908,2207,"tags=45%, list=22%, signal=35%","335/9619/215/20/225",0.0716527366829457
"R-HSA-9671555","Signaling by PDGFR in disease",17,0.333835523611696,0.942172304217851,0.535714285714286,0.831766917293233,0.795823512868356,638,"tags=18%, list=6%, signal=17%","51411/6654/6772",0.0697792517076235
"R-HSA-74751","Insulin receptor signalling cascade",24,0.310779695623789,0.940681611900835,0.553571428571429,0.841172925653388,0.804823056441941,600,"tags=12%, list=6%, signal=12%","2323/6654/8660",0.0681513438679483
"R-HSA-74182","Ketone body metabolism",6,-0.43832148938631,-0.940544532655542,0.527114967462039,0.828185224359549,0.792396596753712,3710,"tags=83%, list=37%, signal=53%","56898/3155/622/65985/5019",0.0806388495950661
"R-HSA-73762","RNA Polymerase I Transcription Initiation",43,0.265370539108235,0.940113610216575,0.549915397631134,0.841172925653388,0.804823056441941,2530,"tags=35%, list=25%, signal=26%","9014/3065/54815/5434/1108/5435/5440/57504/5441/5931/9533/3066/2071/8850/5928",0.0658311958368866
"R-HSA-381119","Unfolded Protein Response (UPR)",72,0.240293464487117,0.939803498718941,0.563106796116505,0.845896161681598,0.809342185791674,2296,"tags=31%, list=23%, signal=24%","7184/3309/9114/9797/1663/51726/3068/1649/10525/4802/4189/5611/1388/440/1200/58477/118/10130/9570/6464/7494/10897",0.0625237414724762
"R-HSA-2173795","Downregulation of SMAD2/3:SMAD4 transcriptional activity",28,0.297350423509456,0.939202945153895,0.55160744500846,0.841172925653388,0.804823056441941,2354,"tags=32%, list=23%, signal=25%","3065/6772/9612/7323/6233/7050/7314/4087/51592",0.065681360193401
"R-HSA-9664873","Pexophagy",11,-0.359633003664543,-0.938353329005258,0.541304347826087,0.838025115621788,0.80181127371158,910,"tags=27%, list=9%, signal=25%","472/81631/8878",0.0793434960134973
"R-HSA-68875","Mitotic Prophase",75,-0.223993302782026,-0.93821521477295,0.600950118764846,0.873265079147432,0.835528401651214,2653,"tags=36%, list=26%, signal=27%","79648/23399/8021/81929/23310/9818/4927/2010/9631/9688/348995/5347/10762/4926/5862/23592/23133/5594/140609/221496/5515/84930/10051/5925/55844/7112/129401",0.0785029047348687
"R-HSA-109704","PI3K Cascade",17,0.332216592793564,0.937603252480078,0.544642857142857,0.838025115621788,0.80181127371158,600,"tags=12%, list=6%, signal=11%","2323/8660",0.0689567351672811
"R-HSA-156584","Cytosolic sulfonation of small molecules",6,0.445458578024483,0.937363150644651,0.541589648798521,0.838025115621788,0.80181127371158,4045,"tags=67%, list=40%, signal=40%","6819/8459/6818/84836",0.0709609456938284
"R-HSA-9758881","Uptake of dietary cobalamins into enterocytes",4,-0.487721676175702,-0.937234153108787,0.529896907216495,0.828631133722781,0.792823236895908,1465,"tags=25%, list=15%, signal=21%","8029",0.0776798560117236
"R-HSA-1227986","Signaling by ERBB2",35,-0.262966626154679,-0.936509991779499,0.586206896551724,0.862221169842022,0.824961736259143,1680,"tags=23%, list=17%, signal=19%","3265/5580/4145/5295/2885/2534/26469/10273",0.0780892306943345
"R-HSA-110328","Recognition and association of DNA glycosylase with site containing an affected pyrimidine",14,-0.335984355131641,-0.934227438682927,0.559819413092551,0.843178711092742,0.806742165246607,1956,"tags=36%, list=20%, signal=29%","252969/25913/7374/79661/54386",0.0795564677235957
"R-HSA-110329","Cleavage of the damaged pyrimidine",14,-0.335984355131641,-0.934227438682927,0.559819413092551,0.843178711092742,0.806742165246607,1956,"tags=36%, list=20%, signal=29%","252969/25913/7374/79661/54386",0.0795564677235957
"R-HSA-73928","Depyrimidination",14,-0.335984355131641,-0.934227438682927,0.559819413092551,0.843178711092742,0.806742165246607,1956,"tags=36%, list=20%, signal=29%","252969/25913/7374/79661/54386",0.0795564677235957
"R-HSA-73894","DNA Repair",259,0.198362967447452,0.933236530944658,0.634146341463415,0.889364254298281,0.850931878101714,2870,"tags=33%, list=29%, signal=24%","60/7334/7341/7336/10459/6613/26277/51138/10445/7515/11201/4913/5111/29086/5434/27339/9978/9246/10524/5435/5810/5440/5436/2547/6117/10920/91442/9682/7486/6233/5441/6612/5395/328/5982/86/8930/8533/5984/221120/5439/5438/165918/7314/5536/93973/7329/57804/6119/9318/580/1017/2067/29089/51548/29844/5432/6118/8914/2873/10980/63967/54107/2071/9636/51567/1161/5889/8178/3364/8607/5886/6047/7013/4255/91603/3838/4595/9100/2237/283899/51035/83932/56655/7398",0.0513223330421143
"R-HSA-5633008","TP53 Regulates Transcription of Cell Death Genes",34,0.27734822346814,0.932893758620386,0.562724014336918,0.845896161681598,0.809342185791674,1474,"tags=24%, list=15%, signal=20%","834/3486/843/332/355/51499/8738/124446",0.0675188953767744
"R-HSA-9843745","Adipogenesis",80,0.233563327928048,0.932681853639058,0.570502431118314,0.852791917828338,0.815939953467312,3317,"tags=40%, list=33%, signal=27%","6256/84498/80205/3065/54815/9612/1108/84246/57504/1019/219541/5931/9477/892/9439/8202/3066/29079/5970/5928/80306/2033/53615/23097/9443/23389/133522/23054/6720/9441/7040/5465",0.0619762736001998
"R-HSA-211935","Fatty acids",1,-0.701575902653102,-0.932528007005961,0.614604462474645,0.877752764999511,0.839822159728384,2994,"tags=100%, list=30%, signal=70%","1565",0.0692836467392548
"R-HSA-211999","CYP2E1 reactions",1,-0.701575902653102,-0.932528007005961,0.614604462474645,0.877752764999511,0.839822159728384,2994,"tags=100%, list=30%, signal=70%","1565",0.0692836467392548
"R-HSA-193048","Androgen biosynthesis",4,0.504520040960309,0.932282466460876,0.578336557059961,0.85857390657911,0.821472083326455,291,"tags=25%, list=3%, signal=24%","79644",0.0699458736501659
"R-HSA-9708530","Regulation of BACH1 activity",11,0.378771559939511,0.932173920991319,0.555350553505535,0.841772230232745,0.805396463084724,3026,"tags=55%, list=30%, signal=38%","9978/8454/6233/7314/6500/7316",0.0696133438850965
"R-HSA-9018519","Estrogen-dependent gene expression",78,-0.218737557475276,-0.930644786737222,0.606060606060606,0.873265079147432,0.835528401651214,1333,"tags=18%, list=13%, signal=16%","7392/3727/9166/7391/27327/1655/26523/5431/23030/2353/27161/2288/3725/2354",0.0813027345384499
"R-HSA-168643","Nucleotide-binding domain, leucine rich repeat containing receptor (NLR) signaling pathways",51,0.251520529697871,0.929916764156953,0.585160202360877,0.862221169842022,0.824961736259143,1943,"tags=29%, list=19%, signal=24%","4791/7334/834/598/7295/23118/83737/5603/29108/6233/837/1540/9051/7314/330",0.0626618230932491
"R-HSA-9725371","Nuclear events stimulated by ALK signaling in cancer",31,-0.267359169086533,-0.929518731442407,0.58256880733945,0.862192908878095,0.824934696545106,1105,"tags=19%, list=11%, signal=17%","5594/26523/5925/27161/3726/1051",0.0782955249944794
"R-HSA-9940951","Interaction of NuRD complexes with transcription factors",24,0.306974878731144,0.929165025270628,0.575,0.855016616745548,0.81806851577312,2760,"tags=46%, list=28%, signal=33%","3065/54815/1108/57504/10263/5931/57592/3066/5928/6941/53615",0.0662842187012672
"R-HSA-70635","Urea cycle",6,-0.43254506978237,-0.928149566840801,0.553145336225597,0.841172925653388,0.804823056441941,1255,"tags=17%, list=13%, signal=15%","10166",0.0780892306943345
"R-HSA-8935690","Digestion",1,-0.697287053660483,-0.926827309778032,0.616632860040568,0.877752764999511,0.839822159728384,3037,"tags=100%, list=30%, signal=70%","280",0.069119845655101
"R-HSA-8963743","Digestion and absorption",1,-0.697287053660483,-0.926827309778032,0.616632860040568,0.877752764999511,0.839822159728384,3037,"tags=100%, list=30%, signal=70%","280",0.069119845655101
"R-HSA-189085","Digestion of dietary carbohydrate",1,-0.697287053660483,-0.926827309778032,0.616632860040568,0.877752764999511,0.839822159728384,3037,"tags=100%, list=30%, signal=70%","280",0.069119845655101
"R-HSA-196108","Pregnenolone biosynthesis",7,0.415524556769733,0.926322596284689,0.552727272727273,0.841172925653388,0.804823056441941,185,"tags=14%, list=2%, signal=14%","706",0.069119845655101
"R-HSA-392154","Nitric oxide stimulates guanylate cyclase",3,0.544314061124022,0.926253833608974,0.605009633911368,0.873265079147432,0.835528401651214,3642,"tags=67%, list=36%, signal=42%","5153/3708",0.0675188953767744
"R-HSA-418457","cGMP effects",3,0.544314061124022,0.926253833608974,0.605009633911368,0.873265079147432,0.835528401651214,3642,"tags=67%, list=36%, signal=42%","5153/3708",0.0675188953767744
"R-HSA-417957","P2Y receptors",3,-0.544046690806442,-0.9262136323299,0.604554865424431,0.873265079147432,0.835528401651214,179,"tags=33%, list=2%, signal=33%","10161",0.0711327399327894
"R-HSA-418038","Nucleotide-like (purinergic) receptors",3,-0.544046690806442,-0.9262136323299,0.604554865424431,0.873265079147432,0.835528401651214,179,"tags=33%, list=2%, signal=33%","10161",0.0711327399327894
"R-HSA-9675136","Diseases of DNA Double-Strand Break Repair",34,0.275227729465257,0.92576122466814,0.57168458781362,0.852791917828338,0.815939953467312,3255,"tags=41%, list=32%, signal=28%","10524/5810/6117/7486/5982/5984/6119/580/6118/5889/3364/5892/10111/83695",0.0667426134241917
"R-HSA-9701190","Defective homologous recombination repair (HRR) due to BRCA2 loss of function",34,0.275227729465257,0.92576122466814,0.57168458781362,0.852791917828338,0.815939953467312,3255,"tags=41%, list=32%, signal=28%","10524/5810/6117/7486/5982/5984/6119/580/6118/5889/3364/5892/10111/83695",0.0667426134241917
"R-HSA-9009391","Extra-nuclear estrogen signaling",46,-0.247746731440749,-0.925513423296912,0.601398601398601,0.873265079147432,0.835528401651214,1680,"tags=24%, list=17%, signal=20%","3265/2793/374/5170/7514/5594/5590/5295/8503/2353/55625",0.0774767547848578
"R-HSA-5685942","HDR through Homologous Recombination (HRR)",59,0.247348745546144,0.925115723991877,0.610738255033557,0.875186896450935,0.837367170861393,3255,"tags=39%, list=32%, signal=26%","5111/10524/5810/6117/7486/6233/5982/5984/7314/57804/6119/580/6118/54107/5889/3364/56655/5425/5892/7316/1111/10111/83695",0.0603786357920401
"R-HSA-5625740","RHO GTPases activate PKNs",26,0.298862086212688,0.924936486377345,0.597472924187726,0.872994170183773,0.835269199561489,1732,"tags=23%, list=17%, signal=19%","4637/103910/389/387/4659/10971",0.0649407684612899
"R-HSA-210993","Tie2 Signaling",12,0.35998006576451,0.924750330853058,0.552631578947368,0.841172925653388,0.804823056441941,453,"tags=17%, list=5%, signal=16%","9046/6654",0.0673623868166279
"R-HSA-9659787","Aberrant regulation of mitotic G1/S transition in cancer due to RB1 defects",12,0.359802786170273,0.924294918514944,0.552631578947368,0.841172925653388,0.804823056441941,3075,"tags=50%, list=31%, signal=35%","894/1019/1869/1017/1026/1021",0.0673623868166279
"R-HSA-9661069","Defective binding of RB1 mutants to E2F1,(E2F2, E2F3)",12,0.359802786170273,0.924294918514944,0.552631578947368,0.841172925653388,0.804823056441941,3075,"tags=50%, list=31%, signal=35%","894/1019/1869/1017/1026/1021",0.0673623868166279
"R-HSA-196025","Formation of annular gap junctions",7,0.414435586902422,0.923894972265051,0.556363636363636,0.841772230232745,0.805396463084724,257,"tags=29%, list=3%, signal=28%","60/71",0.0687943095604775
"R-HSA-512988","Interleukin-3, Interleukin-5 and GM-CSF signaling",35,0.26927104708521,0.922455431538165,0.555555555555556,0.841772230232745,0.805396463084724,3185,"tags=43%, list=32%, signal=29%","5293/3561/3560/6654/5566/6233/3558/7314/6464/7534/2889/5781/7316/7409/4067",0.0673623868166279
"R-HSA-419771","Opsins",1,-0.693297426690604,-0.921524335612516,0.622718052738337,0.880554205153136,0.84250254037084,3077,"tags=100%, list=31%, signal=69%","23596",0.0686325631836726
"R-HSA-4615885","SUMOylation of DNA replication proteins",42,0.260007869014761,0.921349649995176,0.586572438162544,0.862221169842022,0.824961736259143,2150,"tags=29%, list=21%, signal=23%","7341/6613/8086/332/5111/7155/7153/6612/8480/6396/7329/23165",0.0647943366000727
"R-HSA-9759475","Regulation of CDH11 Expression and Function",15,0.34039278243708,0.919739517369793,0.5569176882662,0.841772230232745,0.805396463084724,234,"tags=13%, list=2%, signal=13%","8728/1500",0.0668966276500666
"R-HSA-373753","Nephrin family interactions",13,-0.342514952793924,-0.919365567254128,0.550561797752809,0.841172925653388,0.804823056441941,2452,"tags=46%, list=24%, signal=35%","8826/5291/8976/5295/8440/2534",0.0802023444698144
"R-HSA-5693579","Homologous DNA Pairing and Strand Exchange",36,0.274175756509751,0.919047491294069,0.562913907284768,0.845896161681598,0.809342185791674,3255,"tags=42%, list=32%, signal=28%","10524/5810/6117/7486/5982/5984/6119/580/6118/5889/3364/5892/1111/10111/83695",0.0636424081651019
"R-HSA-9824594","Regulation of MITF-M-dependent genes involved in apoptosis",14,-0.330408944689195,-0.918724629288092,0.566591422121896,0.849638845968943,0.812923136290169,1705,"tags=36%, list=17%, signal=30%","25942/192669/27327/26523/27161",0.0789209638180035
"R-HSA-1632852","Macroautophagy",120,0.215505352804644,0.918341637917316,0.633802816901408,0.889364254298281,0.850931878101714,2729,"tags=32%, list=27%, signal=24%","7334/7280/11152/8655/10376/3312/7332/389541/10542/5564/28956/7323/401505/11315/139341/2034/6233/5571/115201/56993/55004/10383/79643/9140/11337/27243/7314/3320/7417/7419/10226/23192/9804/8678/123/1460/7416/9474/29082",0.0553642837725362
"R-HSA-9733709","Cardiogenesis",11,-0.351414492854181,-0.916909615831588,0.558695652173913,0.843178711092742,0.806742165246607,1196,"tags=27%, list=12%, signal=24%","8320/4089/11091",0.0776798560117236
"R-HSA-9013507","NOTCH3 Activation and Transmission of Signal to the Nucleus",16,0.330612028674775,0.916710328816049,0.580586080586081,0.860071674357389,0.822905127596416,1847,"tags=38%, list=18%, signal=31%","55851/6233/102/51107/23385/7314",0.0670512579829467
"R-HSA-8854691","Interleukin-20 family signaling",15,0.339225377171309,0.916585194448996,0.5569176882662,0.841772230232745,0.805396463084724,2886,"tags=33%, list=29%, signal=24%","6772/3588/163702/6775/5781",0.0668966276500666
"R-HSA-9639288","Amino acids regulate mTORC1",42,0.258637388656921,0.916493290828793,0.593639575971731,0.869620988431192,0.832041784168943,1754,"tags=29%, list=17%, signal=24%","389541/8992/9114/10641/10542/533/28956/9550/9296/528/55004/6396",0.0642140881844605
"R-HSA-912446","Meiotic recombination",19,0.316922852167478,0.916117791062876,0.586145648312611,0.862221169842022,0.824961736259143,2424,"tags=37%, list=24%, signal=28%","4439/6117/1019/6119/1017/6118/5889",0.0650877566917313
"R-HSA-8876384","Listeria monocytogenes entry into host cells",16,0.329584996310441,0.913862606728662,0.580586080586081,0.860071674357389,0.822905127596416,2172,"tags=25%, list=22%, signal=20%","1500/6233/7314/79872",0.0670512579829467
"R-HSA-1474290","Collagen formation",21,0.304799551256546,0.91184962219953,0.571678321678322,0.852791917828338,0.815939953467312,1535,"tags=24%, list=15%, signal=20%","1292/5479/8985/80781/5351",0.0655321029282414
"R-HSA-174437","Removal of the Flap Intermediate from the C-strand",17,0.322866996653226,0.911216214804319,0.578571428571429,0.85857390657911,0.821472083326455,2955,"tags=59%, list=29%, signal=42%","26277/5111/6117/7486/57804/6119/6118/7013/2237/5425",0.065981614400873
"R-HSA-9007101","Rab regulation of trafficking",103,0.224475563709371,0.910628602280352,0.660033167495854,0.902897195725618,0.863880016290707,1594,"tags=20%, list=16%, signal=17%","4218/22930/3257/26088/81876/58485/8766/5878/22931/51762/9909/2665/79090/23163/10260/22879/5864/79958/7879/84079/51399",0.0561766586307176
"R-HSA-9843940","Regulation of endogenous retroelements by KRAB-ZFP proteins",43,0.257040524578541,0.910603325996694,0.60575296108291,0.873265079147432,0.835528401651214,2760,"tags=35%, list=28%, signal=25%","3065/6613/54815/10793/1108/57504/5931/7329/10155/7576/3066/91661/5928/84911/53615",0.0611692626746689
"R-HSA-9660826","Purinergic signaling in leishmaniasis infection",20,0.309233171228901,0.909914550384288,0.610344827586207,0.875186896450935,0.837367170861393,844,"tags=25%, list=8%, signal=23%","4791/834/7295/4907/719",0.0617054053637522
"R-HSA-9664424","Cell recruitment (pro-inflammatory response)",20,0.309233171228901,0.909914550384288,0.610344827586207,0.875186896450935,0.837367170861393,844,"tags=25%, list=8%, signal=23%","4791/834/7295/4907/719",0.0617054053637522
"R-HSA-163841","Gamma carboxylation, hypusinylation, hydroxylation, and arylsulfatase activation",41,0.261339515187324,0.909880892347852,0.603418803418803,0.873265079147432,0.835528401651214,2996,"tags=41%, list=30%, signal=29%","79672/5045/411/120526/6132/285381/6194/444/79831/2677/8459/285362/6228/410/6157/55854/4733",0.0618406035753285
"R-HSA-201451","Signaling by BMP",13,-0.338718561890938,-0.909175439647811,0.566292134831461,0.849638845968943,0.812923136290169,2974,"tags=54%, list=30%, signal=38%","57154/4092/659/93/9765/4089/7321",0.0787113806986485
"R-HSA-9939291","Matriglycan biosynthesis on DAG1",8,-0.382053853463926,-0.908802947990753,0.602222222222222,0.873265079147432,0.835528401651214,1673,"tags=25%, list=17%, signal=21%","1605/79147",0.0749278818393739
"R-HSA-112043","PLC beta mediated events",33,0.273738687477794,0.90875490328755,0.594454072790295,0.870069220311543,0.832470646464598,3642,"tags=48%, list=36%, signal=31%","805/5566/113/115/801/5578/5613/5153/5577/3838/23236/84254/5330/3710/1385/3708",0.0632191170859458
"R-HSA-165054","Rev-mediated nuclear export of HIV RNA",33,-0.259760383131068,-0.908726564497775,0.6,0.873265079147432,0.835528401651214,2591,"tags=39%, list=26%, signal=29%","8021/81929/9818/4927/9631/5905/9688/348995/1104/10762/5902/7514/129401",0.0780892306943345
"R-HSA-425381","Bicarbonate transporters",6,-0.423021148147432,-0.907713260065783,0.574837310195228,0.855016616745548,0.81806851577312,1477,"tags=33%, list=15%, signal=28%","8671/9497",0.0760837160951725
"R-HSA-5218920","VEGFR2 mediated vascular permeability",24,-0.282004825215535,-0.906761058387077,0.606334841628959,0.873265079147432,0.835528401651214,1602,"tags=25%, list=16%, signal=21%","117145/5170/79109/1495/5879/10451",0.0755015292281669
"R-HSA-69190","DNA strand elongation",29,0.280329018447121,0.906124164683152,0.60801393728223,0.873477621066243,0.835731758929489,3089,"tags=45%, list=31%, signal=31%","5111/6117/84296/5982/5984/57804/6119/6118/4172/2237/5425/4173/4176",0.0623861492893626
"R-HSA-9013422","RHOBTB1 GTPase cycle",21,0.302802458888025,0.905875046731077,0.575174825174825,0.855016616745548,0.81806851577312,3039,"tags=48%, list=30%, signal=33%","4646/51138/10574/9352/9318/10576/2873/1627/11329/8452",0.0652353056017703
"R-HSA-6804759","Regulation of TP53 Activity through Association with Co-factors",9,-0.379816330604911,-0.903629997113397,0.591286307053942,0.867659409407628,0.83016497147437,6223,"tags=100%, list=62%, signal=38%","10848/7159/51230/7157/207/7161/208/10000/54971",0.0723570851036907
"R-HSA-196854","Metabolism of vitamins and cofactors",121,-0.19824062760432,-0.903223673380089,0.690140845070423,0.91640657635615,0.876805611822988,1316,"tags=15%, list=13%, signal=13%","92014/84875/79581/9962/8034/3417/23475/8884/79668/25902/56965/80025/23590/8875/32/6470/26119/93100",0.0802023444698144
"R-HSA-73929","Base-Excision Repair, AP Site Formation",16,-0.309787910844498,-0.902596034691708,0.585526315789474,0.862221169842022,0.824961736259143,752,"tags=19%, list=7%, signal=17%","7374/79661/54386",0.0756946307932749
"R-HSA-75035","Chk1/Chk2(Cds1) mediated inactivation of Cyclin B:Cdk1 complex",11,0.366751677672209,0.90259244770237,0.583025830258303,0.862192908878095,0.824934696545106,3834,"tags=55%, list=38%, signal=34%","10971/7534/7529/7531/1111/7532",0.0672065093710464
"R-HSA-390247","Beta-oxidation of very long chain fatty acids",10,-0.350896873541625,-0.902241006943062,0.584474885844749,0.862221169842022,0.824961736259143,1487,"tags=30%, list=15%, signal=26%","23417/10455/30",0.0778840111977068
"R-HSA-264870","Caspase-mediated cleavage of cytoskeletal proteins",10,-0.35072933590129,-0.901810227016779,0.584474885844749,0.862221169842022,0.824961736259143,1809,"tags=40%, list=18%, signal=33%","836/841/7431/5339",0.0778840111977068
"R-HSA-5693532","DNA Double-Strand Break Repair",118,0.214892984324255,0.900984241812898,0.683954619124797,0.91064109210299,0.871289273247431,3026,"tags=35%, list=30%, signal=25%","7334/7341/7336/6613/7515/5111/29086/10524/5810/2547/6117/9682/7486/6233/5982/5984/165918/7314/5536/7329/57804/6119/580/1017/2067/51548/6118/8914/63967/54107/51567/5889/3364/6047/3838/2237/51035/56655/5425/5892/7316",0.053457214108991
"R-HSA-70326","Glucose metabolism",62,0.238994675028497,0.900131000293419,0.639072847682119,0.891897125866907,0.853355295897588,2656,"tags=34%, list=26%, signal=25%","669/229/5315/226/2023/5518/8086/5106/5566/5519/5214/92579/8480/7167/6396/5213/23165/5230/132789/53371/5223",0.057609110864425
"R-HSA-6783783","Interleukin-10 signaling",19,0.311382679809178,0.900103008827131,0.618117229129662,0.878495922681969,0.840533203105048,1813,"tags=32%, list=18%, signal=26%","7076/1435/3383/1234/3588/6352",0.0625237414724762
"R-HSA-380320","Recruitment of NuMA to mitotic centrosomes",77,0.228029816988039,0.898525353830067,0.659016393442623,0.902897195725618,0.863880016290707,2151,"tags=23%, list=21%, signal=19%","7280/8655/10376/203068/80321/5518/95681/11258/22919/5566/84131/10383/22897/29922/55559/3320/5577/10540",0.0557104226766671
"R-HSA-9861718","Regulation of pyruvate metabolism",29,0.277948671457404,0.898430027488005,0.627177700348432,0.884666978809701,0.846437587450678,1847,"tags=24%, list=18%, signal=20%","3939/5315/5162/1738/6233/54704/7314",0.0609039347452418
"R-HSA-381753","Olfactory Signaling Pathway",4,-0.467164514971646,-0.897730324362689,0.57319587628866,0.85430151945113,0.817384320202156,1740,"tags=25%, list=17%, signal=21%","109",0.0736212741014394
"R-HSA-9634600","Regulation of glycolysis by fructose 2,6-bisphosphate metabolism",9,-0.376946061154215,-0.896801271315019,0.605809128630705,0.873265079147432,0.835528401651214,999,"tags=33%, list=10%, signal=30%","5515/5208/5209",0.0711327399327894
"R-HSA-168325","Viral Messenger RNA Synthesis",42,0.252814233063307,0.895858675467445,0.625441696113074,0.883675261807985,0.845488725826504,2175,"tags=29%, list=22%, signal=22%","8086/5434/5435/5440/5436/5441/8480/6396/5439/5438/23165/5432",0.0617054053637522
"R-HSA-1834949","Cytosolic sensors of pathogen-associated DNA",56,0.244674965009656,0.895765170102118,0.653516295025729,0.900294992583754,0.861390262968592,2520,"tags=38%, list=25%, signal=28%","4791/197358/6737/5434/5435/5440/4615/2547/6233/5441/7314/11035/11128/22954/51728/9533/28512/148022/51428/9208/5970",0.0582216241124161
"R-HSA-4419969","Depolymerization of the Nuclear Lamina",12,-0.336552408230965,-0.89543008160534,0.597222222222222,0.872994170183773,0.835269199561489,2651,"tags=42%, list=26%, signal=31%","23399/2010/23592/221496/7112",0.0774767547848578
"R-HSA-73614","Pyrimidine salvage",9,0.374610850387298,0.893063501542043,0.592307692307692,0.868413420341441,0.830886399097436,497,"tags=22%, list=5%, signal=21%","7378/8226",0.0684714904492088
"R-HSA-3560782","Diseases associated with glycosaminoglycan metabolism",15,-0.314180219070811,-0.892830212415013,0.614849187935035,0.877752764999511,0.839822159728384,3653,"tags=53%, list=36%, signal=34%","2132/11285/113189/2131/2817/2683/3074/26229",0.0760837160951725
"R-HSA-1475029","Reversible hydration of carbon dioxide",2,0.592418952618454,0.891609035495218,0.684,0.91064109210299,0.871289273247431,4088,"tags=100%, list=41%, signal=59%","11238/377677",0.0633597010643758
"R-HSA-1181150","Signaling by NODAL",11,0.362233189975104,0.89147224534548,0.603321033210332,0.873265079147432,0.835528401651214,382,"tags=18%, list=4%, signal=18%","5045/10589",0.0655321029282414
"R-HSA-9705671","SARS-CoV-2 activates/modulates innate and adaptive immune responses",94,-0.203659687796724,-0.891141647932708,0.69889502762431,0.921270718232044,0.881459558011858,2591,"tags=29%, list=26%, signal=22%","8021/10484/81929/9818/4927/3455/23367/9631/9688/348995/10762/10802/3106/8517/3716/10392/22863/3134/26007/84282/30849/89122/114548/129401/8767/3665/3135",0.0785029047348687
"R-HSA-9834899","Specification of the neural plate border",1,-0.670257330939557,-0.890899659806662,0.667342799188641,0.907649864397269,0.868427306401837,3308,"tags=100%, list=33%, signal=67%","1499",0.0652353056017703
"R-HSA-6794362","Protein-protein interactions at synapses",24,-0.276853190952537,-0.890196443461891,0.633484162895928,0.889364254298281,0.850931878101714,1182,"tags=25%, list=12%, signal=22%","79414/2035/9456/64130/8500/81858",0.0732558655828455
"R-HSA-8949664","Processing of SMDT1",12,0.346163504248607,0.889257060396683,0.601754385964912,0.873265079147432,0.835528401651214,1919,"tags=33%, list=19%, signal=27%","91689/30968/23203/9512",0.0632191170859458
"R-HSA-5693565","Recruitment and ATM-mediated phosphorylation of repair and signaling proteins at DNA double strand breaks",36,0.265211893228588,0.889000283015232,0.622516556291391,0.880554205153136,0.84250254037084,2027,"tags=33%, list=20%, signal=27%","7334/7341/7336/29086/10524/9682/6233/165918/7314/5536/7329/580",0.0588438169595807
"R-HSA-983170","Antigen Presentation: Folding, assembly and peptide loading of class I MHC",29,-0.260062790113569,-0.888813746629342,0.651869158878505,0.900200267022697,0.861299630812887,1743,"tags=24%, list=17%, signal=20%","10802/3106/22863/3134/30849/3135/64167",0.0734381410838857
"R-HSA-9840310","Glycosphingolipid catabolism",24,0.293602370519908,0.888688530967956,0.632142857142857,0.889364254298281,0.850931878101714,723,"tags=17%, list=7%, signal=16%","411/4074/5476/5660",0.0617054053637522
"R-HSA-975110","TRAF6 mediated IRF7 activation in TLR7/8 or 9 signaling",11,0.36090020354009,0.888191705507818,0.605166051660517,0.873265079147432,0.835528401651214,3026,"tags=55%, list=30%, signal=38%","7334/4615/6233/7314/7189/7316",0.0653834195468773
"R-HSA-1614635","Sulfur amino acid metabolism",18,0.306341600823176,0.887612878703782,0.607734806629834,0.873477621066243,0.835731758929489,2948,"tags=50%, list=29%, signal=35%","23474/191/4507/51074/7263/25828/4548/2806/4552",0.0650877566917313
"R-HSA-2025928","Calcineurin activates NFAT",11,0.36017781275533,0.886413869150661,0.607011070110701,0.873477621066243,0.835731758929489,2030,"tags=36%, list=20%, signal=29%","4775/805/801/5478",0.0652353056017703
"R-HSA-176407","Conversion from APC/C:Cdc20 to APC/C:Cdh1 in late anaphase",18,-0.294306814678763,-0.886320332272292,0.616557734204793,0.877752764999511,0.839822159728384,1162,"tags=22%, list=12%, signal=20%","51343/8881/7321/27338",0.0727141077934447
"R-HSA-174414","Processive synthesis on the C-strand of the telomere",19,0.306308291857163,0.885434653264247,0.630550621669627,0.88869202115052,0.850288694375607,2955,"tags=53%, list=29%, signal=37%","26277/5111/6117/7486/57804/6119/6118/7013/2237/5425",0.0615706755421678
"R-HSA-1474165","Reproduction",53,-0.224914975870263,-0.881762084573526,0.636363636363636,0.890284694863599,0.85181254338047,1857,"tags=19%, list=19%, signal=15%","113177/25913/2683/9139/8320/472/7156/7852/54386/639",0.0758886900606117
"R-HSA-1630316","Glycosaminoglycan metabolism",71,-0.213342278335854,-0.87971675231819,0.737470167064439,0.936957657247805,0.896468612416547,636,"tags=10%, list=6%, signal=9%","26229/8692/6484/4669/56548/10678/50515",0.0683110858318647
"R-HSA-8941856","RUNX3 regulates NOTCH signaling",10,0.355678828805256,0.879597347994237,0.604609929078014,0.873265079147432,0.835528401651214,3651,"tags=50%, list=36%, signal=32%","4851/8850/2033/9794/3516",0.0635007968065945
"R-HSA-6806667","Metabolism of fat-soluble vitamins",15,0.325472568348898,0.87942517695908,0.614711033274956,0.877752764999511,0.839822159728384,3684,"tags=40%, list=37%, signal=25%","335/29967/7804/29914/6385/79001",0.0621124188949471
"R-HSA-9930044","Nuclear RNA decay",22,-0.276304324976952,-0.879043898101862,0.652873563218391,0.900294992583754,0.861390262968592,2640,"tags=45%, list=26%, signal=34%","64848/196441/80335/124245/55596/1797/64062/23144/64895/91746",0.0725351864394589
"R-HSA-3108232","SUMO E3 ligases SUMOylate target proteins",142,-0.188846585519075,-0.878882488805574,0.791891891891892,0.964233880928854,0.922566140096867,2404,"tags=27%, list=24%, signal=21%","9818/4927/4929/7508/9631/5905/83746/7150/7158/9688/4193/348995/80012/2908/10762/10521/25942/6015/8517/54780/1029/5893/1655/3619/5987/23512/7181/8535/115426/6294/9759/1107/129401/22955/8924/51588/56160/4792",0.0709609456938284
"R-HSA-429914","Deadenylation-dependent mRNA decay",30,0.271583648782227,0.878730560463174,0.66839378238342,0.907898546809256,0.868665242422832,788,"tags=17%, list=8%, signal=15%","27257/23658/11157/196513/51690",0.0574877409561325
"R-HSA-209543","p75NTR recruits signalling complexes",11,-0.335996252158205,-0.8766803895452,0.621739130434783,0.880554205153136,0.84250254037084,573,"tags=18%, list=6%, signal=17%","8878/8767",0.0721797965581253
"R-HSA-8934593","Regulation of RUNX1 Expression and Activity",16,-0.300856294350513,-0.87657293518185,0.620614035087719,0.880554205153136,0.84250254037084,1672,"tags=25%, list=17%, signal=21%","192669/27327/26523/27161",0.0727141077934447
"R-HSA-5693606","DNA Double Strand Break Response",37,0.256405518335108,0.876558160338864,0.650582362728785,0.899875846911036,0.860989229969166,2027,"tags=32%, list=20%, signal=26%","7334/7341/7336/29086/10524/9682/6233/165918/7314/5536/7329/580",0.0570059526582387
"R-HSA-76009","Platelet Aggregation (Plug Formation)",17,-0.304223361386096,-0.876472374382752,0.649321266968326,0.899585982010369,0.860711891091278,1588,"tags=29%, list=16%, signal=25%","5170/5770/2885/2811/1398",0.072003313661988
"R-HSA-2173796","SMAD2/SMAD3:SMAD4 heterotrimer regulates transcription",32,-0.250774328106256,-0.876106471352429,0.641592920353982,0.891897125866907,0.853355295897588,1245,"tags=19%, list=12%, signal=16%","1874/4089/5594/4904/4221/3726",0.0714786287425507
"R-HSA-3928664","Ephrin signaling",11,-0.335641177772515,-0.875753930548218,0.621739130434783,0.880554205153136,0.84250254037084,769,"tags=27%, list=8%, signal=25%","8440/5879/2534",0.0721797965581253
"R-HSA-9694614","Attachment and Entry",5,0.442824211346365,0.873903845778079,0.65607476635514,0.901641707014976,0.862678781407115,365,"tags=20%, list=4%, signal=19%","5045",0.0621124188949471
"R-HSA-9839394","TGFBR3 expression",19,-0.286213988592861,-0.872852822850362,0.635535307517084,0.890284694863599,0.85181254338047,1672,"tags=32%, list=17%, signal=26%","192669/83855/4089/27327/26523/27161",0.0734381410838857
"R-HSA-6802957","Oncogenic MAPK signaling",60,0.227215126515736,0.871580131371098,0.715670436187399,0.932055894218757,0.891778670809204,815,"tags=13%, list=8%, signal=12%","57085/60/71/409/7414/369/805/1445",0.051218434854034
"R-HSA-9615017","FOXO-mediated transcription of oxidative stress, metabolic and neuronal genes",18,-0.289340684912979,-0.871364573300411,0.636165577342048,0.890284694863599,0.85181254338047,2306,"tags=33%, list=23%, signal=26%","4088/2908/5443/25942/4089/114907",0.0711327399327894
"R-HSA-6806003","Regulation of TP53 Expression and Degradation",34,-0.249102069222699,-0.870221587415182,0.666666666666667,0.907451604348979,0.868237613827136,1588,"tags=24%, list=16%, signal=20%","5170/5527/7874/79109/1029/5515/472/639",0.0704500850658419
"R-HSA-9764260","Regulation of Expression and Function of Type II Classical Cadherins",16,0.313827256660282,0.870170056418265,0.648351648351648,0.898970559424368,0.860123062954324,234,"tags=12%, list=2%, signal=12%","8728/1500",0.0617054053637522
"R-HSA-74749","Signal attenuation",6,0.413519547831219,0.870154948923037,0.632162661737523,0.889364254298281,0.850931878101714,600,"tags=33%, list=6%, signal=31%","6654/8660",0.0633597010643758
"R-HSA-186712","Regulation of beta-cell development",13,0.334280626309773,0.869700732777025,0.640933572710952,0.891897125866907,0.853355295897588,3651,"tags=38%, list=36%, signal=24%","4851/8850/2033/9794/3516",0.0613026075396207
"R-HSA-9013420","RHOU GTPase cycle",31,-0.250137656003657,-0.869645269653136,0.674311926605505,0.907898546809256,0.868665242422832,966,"tags=16%, list=10%, signal=15%","5295/23380/8440/2885/50618",0.0707899094502623
"R-HSA-3232118","SUMOylation of transcription factors",15,0.321852635396851,0.86964413706044,0.626970227670753,0.884666978809701,0.846437587450678,1982,"tags=33%, list=20%, signal=27%","7341/6613/6612/7329/3090",0.0611692626746689
"R-HSA-1483255","PI Metabolism",67,0.22453158758024,0.86867906083292,0.707357859531773,0.927564637197665,0.887481495885065,1398,"tags=16%, list=14%, signal=14%","5293/79626/81544/54477/375/377/54893/25816/79837/23533/8776",0.053347785067549
"R-HSA-68962","Activation of the pre-replicative complex",27,0.269165496894918,0.868568819841879,0.653310104529617,0.900294992583754,0.861390262968592,3155,"tags=44%, list=31%, signal=31%","6117/5001/6119/1017/8317/6118/4172/54107/56655/4173/4176/51053",0.0589694466690997
"R-HSA-1655829","Regulation of cholesterol biosynthesis by SREBP (SREBF)",54,-0.225477798628299,-0.867919634956968,0.698564593301435,0.921270718232044,0.881459558011858,1743,"tags=20%, list=17%, signal=17%","10802/2222/4597/1595/1717/6604/3156/3638/6713/32/3157",0.0711327399327894
"R-HSA-174490","Membrane binding and targetting of GAG proteins",13,0.333530507870334,0.867749143288719,0.642728904847397,0.891897125866907,0.853355295897588,3085,"tags=54%, list=31%, signal=37%","51160/7251/6233/7314/79720/7316/137492",0.0611692626746689
"R-HSA-174495","Synthesis And Processing Of GAG, GAGPOL Polyproteins",13,0.333530507870334,0.867749143288719,0.642728904847397,0.891897125866907,0.853355295897588,3085,"tags=54%, list=31%, signal=37%","51160/7251/6233/7314/79720/7316/137492",0.0611692626746689
"R-HSA-9035034","RHOF GTPase cycle",24,0.286645005381256,0.867629673052307,0.666071428571429,0.907363227934486,0.868153056450335,2163,"tags=42%, list=22%, signal=33%","60/832/23344/54509/8776/7879/120/29843/392/57584",0.059221919380382
"R-HSA-5365859","RA biosynthesis pathway",7,0.389145360098805,0.867515852976713,0.618181818181818,0.878495922681969,0.840533203105048,89,"tags=14%, list=1%, signal=14%","10901",0.0636424081651019
"R-HSA-4839726","Chromatin organization",263,0.182261583084965,0.867174741782872,0.829512893982808,0.974548395640448,0.932434930452254,1984,"tags=22%, list=20%, signal=18%","6637/4791/60/6632/7341/3276/6605/80205/3065/10284/54815/10262/9612/1728/6635/10445/51562/23186/7862/6628/51639/1108/84661/6633/6629/79577/6634/10524/54859/8520/10474/6944/26610/80854/9682/9646/84844/57504/1019/51317/10263/6636/8089/5931/86/6883/9757/55929/55170/57592/8295/79084/7329/6627/64769/25855/22992/10856/54496",0.0389556479965885
"R-HSA-9665686","Signaling by ERBB2 TMD/JMD mutants",9,0.363590913024804,0.86679222873308,0.621153846153846,0.880554205153136,0.84250254037084,2854,"tags=56%, list=28%, signal=40%","6654/11140/3320/6464/4893",0.066132620475844
"R-HSA-9027284","Erythropoietin activates RAS",13,0.333159609276398,0.866784173279859,0.642728904847397,0.891897125866907,0.853355295897588,3185,"tags=54%, list=32%, signal=37%","6654/8660/6464/2889/4893/7409/4067",0.0611692626746689
"R-HSA-8866654","E3 ubiquitin ligases ubiquitinate target proteins",41,0.248582857093545,0.865467251182929,0.716239316239316,0.932055894218757,0.891778670809204,1847,"tags=29%, list=18%, signal=24%","7334/7336/7332/51255/5111/79577/7323/9781/6233/9646/7319/7314",0.05378728077603
"R-HSA-9683701","Translation of Structural Proteins",28,-0.253538382253456,-0.865197601869809,0.669099756690998,0.907898546809256,0.868665242422832,1497,"tags=29%, list=15%, signal=24%","2932/23193/84875/79668/4245/56965/7841/6484",0.0741758965588009
"R-HSA-9710421","Defective pyroptosis",11,-0.331109157980459,-0.863928998421132,0.63695652173913,0.890386118215402,0.851909583893191,811,"tags=18%, list=8%, signal=17%","23512/5557",0.0709609456938284
"R-HSA-73864","RNA Polymerase I Transcription",46,0.243461354718247,0.863675109444679,0.701570680628272,0.923374949657672,0.883472858625545,2530,"tags=33%, list=25%, signal=24%","9014/3065/54815/5434/1108/5435/5440/57504/5441/5931/9533/3066/2071/8850/5928",0.0557104226766671
"R-HSA-73854","RNA Polymerase I Promoter Clearance",46,0.243461354718247,0.863675109444679,0.701570680628272,0.923374949657672,0.883472858625545,2530,"tags=33%, list=25%, signal=24%","9014/3065/54815/5434/1108/5435/5440/57504/5441/5931/9533/3066/2071/8850/5928",0.0557104226766671
"R-HSA-9648025","EML4 and NUDC in mitotic spindle formation",84,0.213118480543078,0.862248311976471,0.736111111111111,0.936957657247805,0.896468612416547,1754,"tags=19%, list=17%, signal=16%","7280/8655/10376/11243/25936/4085/5518/8379/332/22919/5519/79682/348235/27436/10383/6396",0.0532386494755899
"R-HSA-1500620","Meiosis",41,0.247632732459958,0.862159292764052,0.723076923076923,0.933442444080742,0.893105303257538,3266,"tags=39%, list=33%, signal=26%","26277/4439/6117/1019/7329/6119/1017/9985/6118/5889/9126/7013/23224/23353/10111/65057",0.053347785067549
"R-HSA-9819196","Zygotic genome activation (ZGA)",3,0.506159867382711,0.86132722093215,0.682080924855491,0.910327973812594,0.870989685835832,4479,"tags=67%, list=45%, signal=37%","2033/1387",0.0617054053637522
"R-HSA-168927","TICAM1, RIP1-mediated IKK complex recruitment",18,0.297078332838743,0.860772919848135,0.640883977900553,0.891897125866907,0.853355295897588,2620,"tags=44%, list=26%, signal=33%","7334/7323/6233/7314/11035/330/148022/7189",0.0625237414724762
"R-HSA-1483257","Phospholipid metabolism",137,-0.184008415126426,-0.860538076811654,0.786324786324786,0.963754806161683,0.922107767737725,1867,"tags=23%, list=19%, signal=19%","1457/114882/56910/80230/81490/79143/5867/79888/114884/59338/54675/114971/23171/81579/150763/8897/5295/200576/5286/56261/30849/81846/10423/51205/283871/5305/8503/171586/22876/65977/5833/57104",0.0739901439101341
"R-HSA-113510","E2F mediated regulation of DNA replication",20,-0.280399887571329,-0.859726550379769,0.663507109004739,0.906034049087876,0.866881315825712,1656,"tags=25%, list=17%, signal=21%","28227/23594/5515/5925/5557",0.0732558655828455
"R-HSA-9753281","Paracetamol ADME",11,0.349271772457226,0.859573611268583,0.642066420664207,0.891897125866907,0.853355295897588,1600,"tags=18%, list=16%, signal=15%","2950/10257",0.0625237414724762
"R-HSA-205043","NRIF signals cell death from the nucleus",14,0.318648834650579,0.859232077227035,0.697674418604651,0.921270718232044,0.881459558011858,1847,"tags=36%, list=18%, signal=29%","55851/6233/51107/23385/7314",0.0571258510018113
"R-HSA-975576","N-glycan antennae elongation in the medial/trans-Golgi",16,0.309401779503776,0.857899236643284,0.657509157509158,0.902887775680713,0.863871003317154,1132,"tags=19%, list=11%, signal=17%","6480/2517/9334",0.0610363728309177
"R-HSA-6793080","rRNA modification in the mitochondrion",10,-0.333607571635201,-0.857786016495436,0.655251141552511,0.901233684241437,0.86228839064954,3337,"tags=60%, list=33%, signal=40%","79922/51335/387338/130916/84881/285367",0.072003313661988
"R-HSA-4420097","VEGFA-VEGFR2 Pathway",79,-0.203867818593016,-0.856013547981609,0.791773778920309,0.964233880928854,0.922566140096867,1152,"tags=15%, list=11%, signal=14%","79109/653361/1495/5590/5295/8440/5879/2534/1398/1535/10451/5921",0.0684714904492088
"R-HSA-164378","PKA activation in glucagon signalling",11,0.347566895131962,0.855377831148887,0.651291512915129,0.900129061872202,0.861231502672872,2146,"tags=36%, list=21%, signal=29%","5566/113/115/5577",0.0618406035753285
"R-HSA-179409","APC-Cdc20 mediated degradation of Nek2A",22,0.280460954383245,0.855313999039866,0.677248677248677,0.908841166096068,0.86956712800704,2313,"tags=36%, list=23%, signal=28%","4085/25906/246184/6233/51529/7314/10393/29945",0.0578529757032509
"R-HSA-77387","Insulin receptor recycling",20,0.290492783220119,0.854771204470677,0.672413793103448,0.907898546809256,0.868665242422832,2898,"tags=55%, list=29%, signal=39%","8992/9114/533/9550/9296/528/23545/523/529/51382/535",0.0571258510018113
"R-HSA-196757","Metabolism of folate and pterines",12,-0.321167765265179,-0.854497757933274,0.655092592592593,0.901233684241437,0.86228839064954,2590,"tags=42%, list=26%, signal=31%","81034/2356/1719/25902/6470",0.0727141077934447
"R-HSA-3700989","Transcriptional Regulation by TP53",303,0.179630324872737,0.854281410120329,0.848354792560801,0.983998646820027,0.941476804966445,2183,"tags=24%, list=22%, signal=19%","2539/834/900/7295/6827/1337/389541/3276/3065/3486/10542/1349/54815/5052/1347/1327/5518/5564/843/28956/1329/1345/1616/9167/332/5111/7862/1351/79837/5434/355/1108/25824/51499/10524/5435/5810/5440/5436/5519/1820/6117/8738/7486/6233/5571/5441/6878/5395/124446/1869/55004/5982/5931/6883/7001/4869/5984/10971/5439/5438/7936/7314/55615/64769/4514/6119/580/1017/54205/51497/5432/6118",0.037848772270503
"R-HSA-9958790","SLC-mediated transport of inorganic anions",15,-0.300355468287769,-0.853543349560589,0.675174013921114,0.907898546809256,0.868665242422832,1536,"tags=27%, list=15%, signal=23%","6560/8671/5172/9497",0.0713052987340038
"R-HSA-210500","Glutamate Neurotransmitter Release Cycle",7,0.3827761218957,0.853317006789326,0.632727272727273,0.889364254298281,0.850931878101714,1322,"tags=43%, list=13%, signal=37%","6804/10550/5864",0.0625237414724762
"R-HSA-381676","Glucagon-like Peptide-1 (GLP1) regulates insulin secretion",20,0.289991745897614,0.853296908720899,0.672413793103448,0.907898546809256,0.868665242422832,2146,"tags=25%, list=21%, signal=20%","54331/2787/5566/5906/5577",0.0571258510018113
"R-HSA-194138","Signaling by VEGF",81,-0.199939711446277,-0.853261517897502,0.764705882352941,0.951699714919227,0.910573616930501,1152,"tags=15%, list=11%, signal=13%","79109/653361/1495/5590/5295/8440/5879/2534/1398/1535/10451/5921",0.0678338263479455
"R-HSA-9735871","SARS-CoV-1 targets host intracellular signalling and regulatory pathways",13,0.327832078938972,0.852923492541344,0.660682226211849,0.902897195725618,0.863880016290707,2945,"tags=54%, list=29%, signal=38%","10971/7329/5706/7534/2033/7529/7531",0.0598603117764473
"R-HSA-6783310","Fanconi Anemia Pathway",35,0.248938618779254,0.852801604547793,0.675485008818342,0.907898546809256,0.868665242422832,4038,"tags=57%, list=40%, signal=34%","6117/91442/6233/7314/6119/2067/29089/6118/7398/7316/2176/55215/2189/80233/2188/2175/22909/57697/7311/2187",0.0579754757571486
"R-HSA-9609646","HCMV Infection",81,0.211591966429789,0.852232383198994,0.764309764309764,0.951699714919227,0.910573616930501,1947,"tags=21%, list=19%, signal=17%","3688/7280/8655/10376/9612/8086/1616/51160/7251/8480/5931/10383/79643/6396/84313/27243/10155",0.0500922874402106
"R-HSA-399719","Trafficking of AMPA receptors",15,0.315386535785732,0.852172769738793,0.660245183887916,0.902897195725618,0.863880016290707,1654,"tags=27%, list=16%, signal=22%","1175/4646/1173/5578",0.0587185879555941
"R-HSA-399721","Glutamate binding, activation of AMPA receptors and synaptic plasticity",15,0.315386535785732,0.852172769738793,0.660245183887916,0.902897195725618,0.863880016290707,1654,"tags=27%, list=16%, signal=22%","1175/4646/1173/5578",0.0587185879555941
"R-HSA-9703648","Signaling by FLT3 ITD and TKD mutants",12,0.331404868257142,0.851343701258139,0.640350877192982,0.891897125866907,0.853355295897588,453,"tags=17%, list=5%, signal=16%","598/6654",0.0602484086158019
"R-HSA-9013423","RAC3 GTPase cycle",59,0.227571292075671,0.851145536087127,0.721476510067114,0.933442444080742,0.893105303257538,664,"tags=12%, list=7%, signal=11%","3688/4689/9235/397/55845/55843/23344",0.0525898950623616
"R-HSA-9669938","Signaling by KIT in disease",19,0.294416539185686,0.851059580230692,0.674955595026643,0.907898546809256,0.868665242422832,638,"tags=16%, list=6%, signal=15%","3932/6654/6772",0.0583452776743612
"R-HSA-9670439","Signaling by phosphorylated juxtamembrane, extracellular and kinase domain KIT mutants",19,0.294416539185686,0.851059580230692,0.674955595026643,0.907898546809256,0.868665242422832,638,"tags=16%, list=6%, signal=15%","3932/6654/6772",0.0583452776743612
"R-HSA-187687","Signalling to ERKs",29,-0.248880497484978,-0.850596147707238,0.717289719626168,0.932585646109707,0.892285530365696,1105,"tags=17%, list=11%, signal=15%","5594/2885/673/5604/1398",0.0686325631836726
"R-HSA-2033519","Activated point mutants of FGFR2",2,0.564572627631655,0.849699446252964,0.738,0.936957657247805,0.896468612416547,3251,"tags=50%, list=32%, signal=34%","27006",0.0597317976364411
"R-HSA-372708","p130Cas linkage to MAPK signaling for integrins",7,-0.384729359400565,-0.849557755233436,0.650442477876106,0.899875846911036,0.860989229969166,341,"tags=14%, list=3%, signal=14%","1398",0.0707899094502623
"R-HSA-5423646","Aflatoxin activation and detoxification",8,-0.3570173039098,-0.849247757443629,0.673333333333333,0.907898546809256,0.868665242422832,115,"tags=12%, list=1%, signal=12%","8574",0.0692836467392548
"R-HSA-937041","IKK complex recruitment mediated by RIP1",19,0.293678314049865,0.848925618681028,0.682060390763766,0.910327973812594,0.870989685835832,2620,"tags=42%, list=26%, signal=31%","7334/7323/6233/7314/11035/330/148022/7189",0.0578529757032509
"R-HSA-5099900","WNT5A-dependent internalization of FZD4",12,-0.318942412374817,-0.848576992336346,0.664351851851852,0.906464129600094,0.867292811133993,781,"tags=25%, list=8%, signal=23%","1212/161/1211",0.072003313661988
"R-HSA-5213460","RIPK1-mediated regulated necrosis",31,0.260507200016643,0.848432863102095,0.696113074204947,0.921122553531424,0.881317795998872,2018,"tags=39%, list=20%, signal=31%","7332/8743/83737/355/6233/6386/356/11140/7314/11035/330/3320",0.0566484183613995
"R-HSA-5675482","Regulation of necroptotic cell death",31,0.260507200016643,0.848432863102095,0.696113074204947,0.921122553531424,0.881317795998872,2018,"tags=39%, list=20%, signal=31%","7332/8743/83737/355/6233/6386/356/11140/7314/11035/330/3320",0.0566484183613995
"R-HSA-8957322","Metabolism of steroids",96,0.20843209465694,0.847516073476965,0.77317880794702,0.956766775571752,0.915421713103323,1953,"tags=22%, list=19%, signal=18%","6256/706/10654/79644/6342/80205/10858/64801/10682/6613/114883/120227/4802/200931/51128/5901/51170/10005/7329/3295/51141",0.0487989701682839
"R-HSA-450302","activated TAK1 mediates p38 MAPK activation",21,-0.271288802774452,-0.846908694254801,0.658139534883721,0.902897195725618,0.863880016290707,1452,"tags=24%, list=14%, signal=20%","8517/10392/5608/5606/8767",0.0727141077934447
"R-HSA-70171","Glycolysis",58,0.224112834639166,0.846638127739284,0.709090909090909,0.927564637197665,0.887481495885065,2656,"tags=33%, list=26%, signal=24%","669/229/5315/226/2023/5518/8086/5566/5519/5214/8480/7167/6396/5213/23165/5230/132789/53371/5223",0.0526973085708419
"R-HSA-9931530","Phosphorylation and nuclear translocation of the CRY:PER:kinase complex",14,-0.304344698784978,-0.846251214022198,0.688487584650113,0.915308669259008,0.875755148929256,2003,"tags=43%, list=20%, signal=34%","5501/1457/8864/1453/1408/5187",0.0689567351672811
"R-HSA-1362300","Transcription of E2F targets under negative control by p107 (RBL1) and p130 (RBL2) in complex with HDAC1",13,0.325121681941983,0.845871829750052,0.671454219030521,0.907898546809256,0.868665242422832,2530,"tags=38%, list=25%, signal=29%","3065/1869/132660/5933/5928",0.0590954798717342
"R-HSA-5625970","RHO GTPases activate KTN1",9,-0.355426055424097,-0.845602517736371,0.674273858921162,0.907898546809256,0.868665242422832,994,"tags=33%, list=10%, signal=30%","3831/3895/5879",0.0658311958368866
"R-HSA-8863795","Downregulation of ERBB2 signaling",16,-0.288983570177746,-0.841980643539111,0.682017543859649,0.910327973812594,0.870989685835832,346,"tags=12%, list=3%, signal=12%","26469/10273",0.0679922591544058
"R-HSA-8866652","Synthesis of active ubiquitin: roles of E1 and E2 enzymes",29,-0.24632714829856,-0.841869594185905,0.728971962616822,0.936389660688726,0.895925160870753,1157,"tags=21%, list=12%, signal=18%","7874/90268/997/7322/7321/27338",0.0678338263479455
"R-HSA-9012852","Signaling by NOTCH3",28,0.266356102499695,0.841305127381029,0.705583756345178,0.927564637197665,0.887481495885065,1847,"tags=29%, list=18%, signal=23%","55851/4851/6772/6233/102/51107/23385/7314",0.0540088272801684
"R-HSA-204174","Regulation of pyruvate dehydrogenase (PDH) complex",12,0.327390199813047,0.841030446928187,0.664912280701754,0.906505906199762,0.867332782428369,2297,"tags=33%, list=23%, signal=26%","5162/1738/54704/5163",0.0584693210386381
"R-HSA-6806834","Signaling by MET",46,-0.224638358970936,-0.839186920472913,0.741258741258741,0.936957657247805,0.896468612416547,1680,"tags=22%, list=17%, signal=18%","3265/1289/5867/5770/5295/2885/5879/1398/382/3912",0.0668966276500666
"R-HSA-70268","Pyruvate metabolism",37,0.245279676912212,0.838522913854311,0.710482529118136,0.927966112458879,0.887865622070017,1847,"tags=24%, list=18%, signal=20%","3939/5315/5162/3945/1738/6233/54704/2739/7314",0.0529129848430583
"R-HSA-162588","Budding and maturation of HIV virion",25,0.272635715401956,0.838304870014643,0.707885304659498,0.927564637197665,0.887481495885065,3085,"tags=44%, list=31%, signal=31%","51160/7251/6233/79643/27243/7314/5478/79720/29082/7316/137492",0.0565299525056311
"R-HSA-69186","Lagging Strand Synthesis",20,0.284881768947795,0.838260868569416,0.696551724137931,0.921122553531424,0.881317795998872,2955,"tags=45%, list=29%, signal=32%","5111/6117/5982/5984/57804/6119/6118/2237/5425",0.0554793308704233
"R-HSA-9845323","Regulation of endogenous retroelements by Piwi-interacting RNAs (piRNAs)",32,-0.239686270598978,-0.837369177107787,0.721238938053097,0.933442444080742,0.893105303257538,1033,"tags=22%, list=10%, signal=20%","8289/6604/6599/6603/6602/1107/9274",0.065681360193401
"R-HSA-113501","Inhibition of replication initiation of damaged DNA by RB1/E2F1",13,-0.311920591755801,-0.837245350717145,0.696629213483146,0.921122553531424,0.881317795998872,1656,"tags=31%, list=17%, signal=26%","28227/5515/5925/5557",0.0681513438679483
"R-HSA-1483213","Synthesis of PE",8,-0.351645773862352,-0.836470337982782,0.684444444444444,0.91064109210299,0.871289273247431,359,"tags=12%, list=4%, signal=12%","5833",0.0684714904492088
"R-HSA-3296469","Defects in cobalamin (B12) metabolism",11,0.339508295066231,0.835545252319122,0.671586715867159,0.907898546809256,0.868665242422832,3548,"tags=45%, list=35%, signal=29%","27249/51293/4548/4552/166785",0.0603786357920401
"R-HSA-5654736","Signaling by FGFR1",30,-0.241722421691867,-0.834104448412954,0.723404255319149,0.933442444080742,0.893105303257538,1680,"tags=27%, list=17%, signal=22%","3265/10755/10253/5594/5515/5295/2885/673",0.0687943095604775
"R-HSA-416482","G alpha (12/13) signalling events",43,0.235337735233719,0.833718048108298,0.734348561759729,0.936957657247805,0.896468612416547,1591,"tags=23%, list=16%, signal=20%","54331/6654/389/2787/128272/387/26084/5924/7410/121512",0.0521630305460055
"R-HSA-6787450","tRNA modification in the mitochondrion",10,-0.323971367165383,-0.833008996580136,0.680365296803653,0.910327973812594,0.870989685835832,1433,"tags=30%, list=14%, signal=26%","79693/84705/80324",0.070113215764256
"R-HSA-9958810","SRC activates STAT3 in a quantitative manner, through Cadherin-11 (CDH11), RAC1 and gp130 (IL6ST)",18,0.287489402713256,0.832989367599591,0.674033149171271,0.907898546809256,0.868665242422832,2401,"tags=39%, list=24%, signal=30%","1500/6233/7410/7314/79872/998/1520",0.0601186142531851
"R-HSA-5654743","Signaling by FGFR4",26,-0.253972427001558,-0.832961661226039,0.712053571428571,0.929308665685954,0.889150159123812,1680,"tags=27%, list=17%, signal=22%","3265/10253/5594/5515/5295/2885/673",0.0667426134241917
"R-HSA-3371511","HSF1 activation",12,0.323929531494434,0.83214035973457,0.67719298245614,0.908841166096068,0.86956712800704,3849,"tags=75%, list=38%, signal=46%","3281/6117/6119/3320/6118/7531/10728/3326/1915",0.057609110864425
"R-HSA-112382","Formation of RNA Pol II elongation complex",52,0.22654903789983,0.831632804440715,0.739703459637562,0.936957657247805,0.896468612416547,2493,"tags=31%, list=25%, signal=23%","6827/5434/79577/5435/5440/5436/9646/5441/5439/5438/7936/51497/5432/2071/22916/8178",0.0506004243853618
"R-HSA-75955","RNA Polymerase II Transcription Elongation",52,0.22654903789983,0.831632804440715,0.739703459637562,0.936957657247805,0.896468612416547,2493,"tags=31%, list=25%, signal=23%","6827/5434/79577/5435/5440/5436/9646/5441/5439/5438/7936/51497/5432/2071/22916/8178",0.0506004243853618
"R-HSA-163685","Integration of energy metabolism",58,0.219638010781887,0.829733444441741,0.740495867768595,0.936957657247805,0.896468612416547,3154,"tags=33%, list=31%, signal=23%","54331/6804/5518/2787/6888/5566/5519/113/115/5578/5906/5577/784/6513/23236/51094/2790/10554/5565",0.0507027937029348
"R-HSA-5620924","Intraflagellar transport",36,0.247493825223985,0.82960864986174,0.73841059602649,0.936957657247805,0.896468612416547,1706,"tags=22%, list=17%, signal=19%","7280/8655/10376/11127/55081/79809/10383/64792",0.0509082865515105
"R-HSA-9945266","Differentiation of T cells",81,0.205885015102147,0.82924640309388,0.818181818181818,0.973312957006771,0.93125287921537,1628,"tags=21%, list=16%, signal=18%","2833/4853/5452/4851/3065/6772/54815/9612/1108/1911/84661/3566/30009/57504/1912/5931/10538",0.0469758727821845
"R-HSA-3247509","Chromatin modifying enzymes",185,-0.172903078463654,-0.828525258037533,0.89622641509434,0.996360754260552,0.953304704784569,2682,"tags=32%, list=27%, signal=24%","6595/23081/55257/51111/57459/79960/55683/2648/84787/84193/79918/5253/6598/57492/10765/10419/23326/284058/23774/23522/57634/8473/55250/5927/56970/8819/7994/5978/9611/84159/55352/55193/6881/83933/10629/23133/55167/4297/8289/84289/84444/11091/6604/23135/55729/6599/23512/8464/6603/10902/121536/64426/10362/6602/23338/1107/23030/84148/6187",0.0723570851036907
"R-HSA-69618","Mitotic Spindle Checkpoint",91,-0.19085018595386,-0.827816067709993,0.852054794520548,0.985044427989634,0.942477394466682,2284,"tags=26%, list=23%, signal=21%","140735/25909/5905/51434/9183/5501/348995/5347/3796/5527/23122/1778/79980/7514/55166/57551/79003/5515/8881/3619/23421/7321/27338/64105",0.0679922591544058
"R-HSA-5654228","Phospholipase C-mediated cascade; FGFR4",1,-0.622581288649511,-0.827529118528747,0.750507099391481,0.943510394606042,0.902738184282072,3786,"tags=100%, list=38%, signal=62%","5335",0.0596037042575973
"R-HSA-5654227","Phospholipase C-mediated cascade; FGFR3",1,-0.622581288649511,-0.827529118528747,0.750507099391481,0.943510394606042,0.902738184282072,3786,"tags=100%, list=38%, signal=62%","5335",0.0596037042575973
"R-HSA-937039","IRAK1 recruits IKK complex",12,0.321769243902766,0.826590811703654,0.680701754385965,0.910327973812594,0.870989685835832,3026,"tags=42%, list=30%, signal=29%","7334/6233/7314/7189/7316",0.0573667426768556
"R-HSA-975144","IRAK1 recruits IKK complex upon TLR7/8 or 9 stimulation",12,0.321769243902766,0.826590811703654,0.680701754385965,0.910327973812594,0.870989685835832,3026,"tags=42%, list=30%, signal=29%","7334/6233/7314/7189/7316",0.0573667426768556
"R-HSA-2465910","MASTL Facilitates Mitotic Progression",9,-0.347376393048934,-0.826451375979912,0.695020746887967,0.921122553531424,0.881317795998872,999,"tags=33%, list=10%, signal=30%","5515/84930/55844",0.064358336791736
"R-HSA-5621480","Dectin-2 family",5,0.418597355317916,0.826092678023719,0.719626168224299,0.933442444080742,0.893105303257538,134,"tags=20%, list=1%, signal=20%","2207",0.0577308549299813
"R-HSA-3214841","PKMTs methylate histone lysines",37,-0.223217367419339,-0.825113137276591,0.763092269326683,0.951699714919227,0.910573616930501,1038,"tags=16%, list=10%, signal=15%","4297/84444/11091/55729/23512/121536",0.0687943095604775
"R-HSA-5658623","FGFRL1 modulation of FGFR1 signaling",2,0.548000162172888,0.824757367883999,0.768,0.953590711175617,0.912382896973134,3251,"tags=50%, list=32%, signal=34%","27006",0.0578529757032509
"R-HSA-2995383","Initiation of Nuclear Envelope (NE) Reformation",16,-0.282754601546113,-0.823831961197682,0.712719298245614,0.929468536050492,0.889303120960193,1502,"tags=31%, list=15%, signal=27%","23592/23141/221496/5515/7112",0.0658311958368866
"R-HSA-165159","MTOR signalling",48,-0.216985602884498,-0.823458412599642,0.76940133037694,0.954149338374291,0.91291738403963,1990,"tags=25%, list=20%, signal=20%","1978/7248/57521/192669/6198/27327/26523/10670/1975/64121/55437/27161",0.0626618230932491
"R-HSA-380972","Energy dependent regulation of mTOR by LKB1-AMPK",26,0.26599331402875,0.823212219373089,0.73826714801444,0.936957657247805,0.896468612416547,1564,"tags=23%, list=16%, signal=20%","389541/10542/5564/28956/5571/55004",0.0549073703290958
"R-HSA-3214847","HATs acetylate histones",76,0.208656203091915,0.822177315559397,0.801302931596091,0.966841524771209,0.925061099008778,2196,"tags=26%, list=22%, signal=21%","60/10445/51562/7862/10524/54859/8520/10474/6944/26610/8089/5931/86/6883/55929/8295/64769/10856/10933/117143",0.0464154956843849
"R-HSA-1236382","Constitutive Signaling by Ligand-Responsive EGFR Cancer Variants",16,0.296484777788925,0.822083392504756,0.708791208791209,0.927564637197665,0.887481495885065,3026,"tags=50%, list=30%, signal=35%","6654/6233/11140/7314/3320/6464/4893/7316",0.0574877409561325
"R-HSA-5637815","Signaling by Ligand-Responsive EGFR Variants in Cancer",16,0.296484777788925,0.822083392504756,0.708791208791209,0.927564637197665,0.887481495885065,3026,"tags=50%, list=30%, signal=35%","6654/6233/11140/7314/3320/6464/4893/7316",0.0574877409561325
"R-HSA-9730414","MITF-M-regulated melanocyte development",96,0.202114022714285,0.821825847921267,0.806291390728477,0.967209493860437,0.925413166934453,937,"tags=14%, list=9%, signal=12%","1435/5829/60/7341/8992/6605/9114/3065/533/9521/54843/9550/7965",0.0468819856878333
"R-HSA-9931510","Phosphorylated BMAL1:CLOCK (ARNTL:CLOCK) activates expression of core clock genes",21,0.274682196634374,0.821749429070435,0.678321678321678,0.90956770502225,0.87026227077895,694,"tags=14%, list=7%, signal=13%","8553/6095/9572",0.0573667426768556
"R-HSA-179812","GRB2 events in EGFR signaling",6,-0.38206070946905,-0.819820885206263,0.672451193058568,0.907898546809256,0.868665242422832,1680,"tags=50%, list=17%, signal=42%","3265/374/2885",0.0681513438679483
"R-HSA-9926550","Regulation of MITF-M-dependent genes involved in extracellular matrix, focal adhesion and epithelial-to-mesenchymal transition",3,0.481498962555699,0.819362004033075,0.736030828516378,0.936957657247805,0.896468612416547,1803,"tags=67%, list=18%, signal=55%","5829/6935",0.0580983576873206
"R-HSA-6803205","TP53 regulates transcription of several additional cell death genes whose specific roles in p53-dependent apoptosis remain uncertain",10,0.331137453770313,0.818906278836767,0.684397163120567,0.91064109210299,0.871289273247431,3037,"tags=30%, list=30%, signal=21%","332/604/5875",0.057609110864425
"R-HSA-425407","SLC-mediated transmembrane transport",106,-0.185579985146008,-0.81802944089901,0.880636604774536,0.995224062595265,0.952217133332388,455,"tags=8%, list=5%, signal=7%","29985/66035/9057/123096/54407/121260/9497/8140",0.0647943366000727
"R-HSA-186797","Signaling by PDGF",29,0.252910304964499,0.817497025799154,0.764808362369338,0.951699714919227,0.910573616930501,638,"tags=14%, list=6%, signal=13%","1292/5045/6654/6772",0.0516355964484201
"R-HSA-9927354","Co-stimulation by ICOS",9,0.342653667293453,0.816878324834793,0.690384615384615,0.91640657635615,0.876805611822988,1248,"tags=22%, list=12%, signal=19%","5293/23533",0.0610363728309177
"R-HSA-936440","Negative regulators of DDX58/IFIH1 signaling",34,-0.233606475791725,-0.816088757625689,0.77027027027027,0.954331956866352,0.913092110981572,485,"tags=12%, list=5%, signal=11%","7322/89122/7321/51191",0.0633597010643758
"R-HSA-9833110","RSV-host interactions",60,0.212554541906475,0.815343231761199,0.801292407108239,0.966841524771209,0.925061099008778,3026,"tags=32%, list=30%, signal=22%","10134/9978/9246/84246/6233/219541/9477/892/7314/9439/29079/9636/8678/80306/2033/23097/9443/23389/7316",0.0460457683018055
"R-HSA-5358606","Mismatch repair (MMR) directed by MSH2:MSH3 (MutSbeta)",13,0.312862142720589,0.813976082867987,0.716337522441652,0.932055894218757,0.891778670809204,2183,"tags=46%, list=22%, signal=36%","5111/6117/5395/57804/6119/6118",0.0560595875032335
"R-HSA-2990846","SUMOylation",148,-0.17494312326996,-0.81379916263764,0.923482849604222,0.998101954638457,0.954970662124953,2404,"tags=26%, list=24%, signal=20%","9818/4927/4929/7508/9631/5905/83746/7150/7158/9688/4193/348995/80012/2908/10762/10521/25942/10054/6015/8517/54780/1029/5893/1655/3619/5987/23512/7181/8535/115426/6294/9759/1107/129401/22955/8924/51588/56160/4792",0.062249042949858
"R-HSA-418360","Platelet calcium homeostasis",17,0.288304134919988,0.813670660852293,0.726785714285714,0.934985230934479,0.894581421179543,2524,"tags=47%, list=25%, signal=35%","805/80228/488/493/489/801/5025/6717",0.0551351763385257
"R-HSA-2243919","Crosslinking of collagen fibrils",2,0.540448877805486,0.813392448949839,0.778,0.95858081430734,0.917157361214614,4609,"tags=100%, list=46%, signal=54%","5118/649",0.0572461135202884
"R-HSA-3108214","SUMOylation of DNA damage response and repair proteins",73,-0.194128875806472,-0.812436286054645,0.8287841191067,0.974548395640448,0.932434930452254,2591,"tags=29%, list=26%, signal=21%","8021/6045/81929/9818/4927/7508/9631/9688/348995/80012/10762/6015/54780/1029/5893/8535/129401/22955/8924/51588/56160",0.0645031249656493
"R-HSA-416993","Trafficking of GluR2-containing AMPA receptors",9,0.340683853193876,0.812182334114461,0.698076923076923,0.921270718232044,0.881459558011858,1654,"tags=33%, list=16%, signal=28%","1175/1173/5578",0.0605092988656667
"R-HSA-8847993","ERBB2 Activates PTK6 Signaling",1,0.611510073808099,0.811041768332855,0.776031434184676,0.958078864644521,0.916677102459858,3896,"tags=100%, list=39%, signal=61%","5753",0.0565299525056311
"R-HSA-379726","Mitochondrial tRNA aminoacylation",18,-0.269109450325233,-0.810437154471659,0.729847494553377,0.936811000135655,0.896328292844138,1779,"tags=28%, list=18%, signal=23%","54938/79587/57176/80222/57505",0.064358336791736
"R-HSA-111465","Apoptotic cleavage of cellular proteins",26,0.261609280647241,0.809644247324711,0.756317689530686,0.948028986657145,0.907061512999004,892,"tags=15%, list=9%, signal=14%","10134/8428/840/5588",0.05378728077603
"R-HSA-2029485","Role of phospholipids in phagocytosis",18,0.279400047656442,0.809550775813359,0.707182320441989,0.927564637197665,0.887481495885065,2041,"tags=28%, list=20%, signal=22%","2214/5338/23646/84513/919",0.0578529757032509
"R-HSA-9970672","FXIIa activates plasma kallikrein-kinin system",3,-0.475483453250983,-0.809487979231252,0.737060041407868,0.936957657247805,0.896468612416547,839,"tags=33%, list=8%, signal=31%","708",0.0614364107201271
"R-HSA-177243","Interactions of Rev with host cellular proteins",35,-0.226798562185342,-0.80770371021478,0.797701149425287,0.964721155323398,0.923032357750317,2591,"tags=37%, list=26%, signal=28%","8021/81929/9818/4927/9631/5905/9688/348995/1104/10762/5902/7514/129401",0.0626618230932491
"R-HSA-6807505","RNA polymerase II transcribes snRNA genes",69,0.209616330241669,0.807122976681852,0.828382838283828,0.974548395640448,0.932434930452254,2553,"tags=29%, list=25%, signal=22%","5452/6827/2958/57117/5434/5435/5440/5436/5441/6878/5439/6617/5438/79035/64859/5432/22916/51808/8178/55756",0.0454967810085007
"R-HSA-202670","ERKs are inactivated",13,-0.300563329879885,-0.806760621738651,0.748314606741573,0.94283232115967,0.902089412636006,1952,"tags=38%, list=19%, signal=31%","5598/1848/5594/1846/5515",0.0646484568421928
"R-HSA-9013424","RHOV GTPase cycle",30,0.249222266366041,0.806378523838676,0.77720207253886,0.95858081430734,0.917157361214614,2368,"tags=27%, list=24%, signal=20%","7171/7170/56924/79834/11180/9352/998/28964",0.0504983044100709
"R-HSA-3899300","SUMOylation of transcription cofactors",40,0.231841126743479,0.806158642981856,0.776094276094276,0.958078864644521,0.916677102459858,1947,"tags=28%, list=19%, signal=22%","7341/6613/9612/1616/1911/11315/6612/1912/4869/7329/10155",0.0493910105981501
"R-HSA-532668","N-glycan trimming in the ER and Calnexin/Calreticulin cycle",33,0.242791225912704,0.806015835964959,0.764298093587522,0.951699714919227,0.910573616930501,3026,"tags=36%, list=30%, signal=25%","6048/51009/55741/5700/10956/6233/7314/6400/51035/79139/11253/7316",0.0514264916187015
"R-HSA-70895","Branched-chain amino acid catabolism",21,0.269268391425325,0.805553288970548,0.708041958041958,0.927564637197665,0.887481495885065,1635,"tags=19%, list=16%, signal=16%","3028/1738/26275/1892",0.0553642837725362
"R-HSA-9818564","Epigenetic regulation of gene expression by MLL3 and MLL4 complexes",55,0.218532177472631,0.804982013033401,0.808373590982287,0.967209493860437,0.925413166934453,3235,"tags=35%, list=32%, signal=24%","6256/9612/84661/84246/3991/23175/9477/892/9439/8202/29079/1020/123/2180/2033/9443/2874/133522/23054",0.0454967810085007
"R-HSA-9841922","MLL4 and MLL3 complexes regulate expression of PPARG target genes in adipogenesis and hepatic steatosis",55,0.218532177472631,0.804982013033401,0.808373590982287,0.967209493860437,0.925413166934453,3235,"tags=35%, list=32%, signal=24%","6256/9612/84661/84246/3991/23175/9477/892/9439/8202/29079/1020/123/2180/2033/9443/2874/133522/23054",0.0454967810085007
"R-HSA-9851695","Epigenetic regulation of adipogenesis genes by MLL3 and MLL4 complexes",55,0.218532177472631,0.804982013033401,0.808373590982287,0.967209493860437,0.925413166934453,3235,"tags=35%, list=32%, signal=24%","6256/9612/84661/84246/3991/23175/9477/892/9439/8202/29079/1020/123/2180/2033/9443/2874/133522/23054",0.0454967810085007
"R-HSA-1679131","Trafficking and processing of endosomal TLR",6,0.381900005400363,0.803619034301363,0.709796672828096,0.927778538738634,0.88768615403172,233,"tags=17%, list=2%, signal=16%","7184",0.0578529757032509
"R-HSA-373080","Class B/2 (Secretin family receptors)",16,0.289724294913369,0.803338144472954,0.725274725274725,0.934985230934479,0.894581421179543,1385,"tags=25%, list=14%, signal=22%","54331/5727/2787/7976",0.0564118388217596
"R-HSA-5358508","Mismatch Repair",14,0.297688569176476,0.802713017735442,0.762075134168157,0.951699714919227,0.910573616930501,2183,"tags=43%, list=22%, signal=34%","5111/6117/5395/57804/6119/6118",0.0530212512043078
"R-HSA-141424","Amplification of signal from the kinetochores",75,-0.19137632906546,-0.801596214916016,0.883610451306413,0.995953545576596,0.95291509293707,2515,"tags=29%, list=25%, signal=22%","81929/64946/140735/25909/5905/9183/5501/348995/5347/3796/5527/23122/1778/79980/7514/55166/57551/79003/5515/3619/23421/64105",0.0593487680335629
"R-HSA-141444","Amplification  of signal from unattached  kinetochores via a MAD2  inhibitory signal",75,-0.19137632906546,-0.801596214916016,0.883610451306413,0.995953545576596,0.95291509293707,2515,"tags=29%, list=25%, signal=22%","81929/64946/140735/25909/5905/9183/5501/348995/5347/3796/5527/23122/1778/79980/7514/55166/57551/79003/5515/3619/23421/64105",0.0593487680335629
"R-HSA-5655302","Signaling by FGFR1 in disease",24,0.264494013854685,0.800582080471998,0.75,0.943510394606042,0.902738184282072,638,"tags=12%, list=6%, signal=12%","1523/6654/6772",0.0536769600638126
"R-HSA-3296482","Defects in vitamin and cofactor metabolism",18,0.275660839362539,0.798716565151452,0.72744014732965,0.93512403612399,0.894714228136907,3650,"tags=39%, list=36%, signal=25%","5095/27249/51293/4548/4552/166785/3141",0.0565299525056311
"R-HSA-6794361","Neurexins and neuroligins",16,0.287613040181392,0.797484125708655,0.732600732600733,0.936957657247805,0.896468612416547,1095,"tags=25%, list=11%, signal=22%","6804/22839/8573/55327",0.0559428593065705
"R-HSA-9769739","Regulation of clotting cascade",12,-0.298294383661779,-0.793640924183724,0.733796296296296,0.936957657247805,0.896468612416547,644,"tags=17%, list=6%, signal=16%","2811/2149",0.0670512579829467
"R-HSA-9769740","Coagulation pathway",12,-0.298294383661779,-0.793640924183724,0.733796296296296,0.936957657247805,0.896468612416547,644,"tags=17%, list=6%, signal=16%","2811/2149",0.0670512579829467
"R-HSA-180786","Extension of Telomeres",45,0.219301874433316,0.792597251025889,0.808027923211169,0.967209493860437,0.925413166934453,2955,"tags=42%, list=29%, signal=30%","55505/54433/26277/55651/5111/6117/7486/5982/5984/10856/57804/6119/1017/6118/8607/7013/2237/5537/5425",0.0491927521045191
"R-HSA-975578","Reactions specific to the complex N-glycan synthesis pathway",6,0.376642702389915,0.792556272561267,0.726432532347505,0.934985230934479,0.894581421179543,554,"tags=17%, list=6%, signal=16%","2517",0.0567672387487446
"R-HSA-75105","Fatty acyl-CoA biosynthesis",24,0.261475554891514,0.791445676508304,0.766071428571429,0.95257864410299,0.91141456467204,1120,"tags=12%, list=11%, signal=11%","79966/64834/9524",0.0526973085708419
"R-HSA-9913635","Strand-asynchronous mitochondrial DNA replication",9,0.33085131135094,0.788741784439422,0.723076923076923,0.933442444080742,0.893105303257538,2934,"tags=56%, list=29%, signal=39%","11232/6742/246243/92667/9941",0.0588438169595807
"R-HSA-162710","Synthesis of glycosylphosphatidylinositol (GPI)",16,0.284190299600609,0.787993661445033,0.741758241758242,0.936957657247805,0.896468612416547,2662,"tags=44%, list=27%, signal=32%","8818/9488/5279/5283/284098/23556/51227",0.0553642837725362
"R-HSA-3656237","Defective EXT2 causes exostoses 2",5,-0.387958106261846,-0.787147214811377,0.71948608137045,0.933442444080742,0.893105303257538,3653,"tags=60%, list=36%, signal=38%","2132/2131/2817",0.0642140881844605
"R-HSA-3656253","Defective EXT1 causes exostoses 1, TRPS2 and CHDS",5,-0.387958106261846,-0.787147214811377,0.71948608137045,0.933442444080742,0.893105303257538,3653,"tags=60%, list=36%, signal=38%","2132/2131/2817",0.0642140881844605
"R-HSA-9856651","MITF-M-dependent gene expression",70,0.204371724720697,0.786280796101571,0.844771241830065,0.981427679929633,0.939016938073879,1803,"tags=21%, list=18%, signal=18%","5829/60/8992/6605/9114/3065/533/54843/9550/597/528/86/3094/427/6935",0.0441523058441465
"R-HSA-8852135","Protein ubiquitination",60,0.204730323087627,0.785330117006994,0.844911147011309,0.981427679929633,0.939016938073879,1455,"tags=22%, list=15%, signal=19%","7334/7336/7332/51255/7317/5111/8078/79577/7323/9781/6233/9646/7347",0.0436251240000606
"R-HSA-2022090","Assembly of collagen fibrils and other multimeric structures",12,0.305232400554328,0.784109427837979,0.747368421052632,0.94233409610984,0.90161271754137,58,"tags=8%, list=1%, signal=8%","1292",0.0530212512043078
"R-HSA-9703465","Signaling by FLT3 fusion proteins",16,-0.269116499127308,-0.784096075021957,0.767543859649123,0.953590711175617,0.912382896973134,3383,"tags=56%, list=34%, signal=37%","5290/6777/6711/9321/399687/3265/2804/5295/2885",0.062249042949858
"R-HSA-9033241","Peroxisomal protein import",53,0.214804291905181,0.784055370313916,0.827054794520548,0.974548395640448,0.932434930452254,2614,"tags=30%, list=26%, signal=22%","10901/6342/373156/847/55825/283927/7323/6233/10005/7314/3295/54469/8310/5828/4358/83752",0.0472587336673259
"R-HSA-1660662","Glycosphingolipid metabolism",32,0.235445619203495,0.783434322204213,0.78,0.959439252336449,0.917978703292187,3018,"tags=38%, list=30%, signal=26%","411/4074/5476/5660/9334/427/64781/6483/285362/2581/410/6609",0.0526973085708419
"R-HSA-9673767","Signaling by PDGFRA transmembrane, juxtamembrane and kinase domain mutants",10,0.316627024300924,0.783021839713965,0.735815602836879,0.936957657247805,0.896468612416547,638,"tags=20%, list=6%, signal=19%","6654/6772",0.0542315935495841
"R-HSA-9673770","Signaling by PDGFRA extracellular domain mutants",10,0.316627024300924,0.783021839713965,0.735815602836879,0.936957657247805,0.896468612416547,638,"tags=20%, list=6%, signal=19%","6654/6772",0.0542315935495841
"R-HSA-196780","Biotin transport and metabolism",10,-0.304524016239794,-0.783005138454004,0.742009132420091,0.936957657247805,0.896468612416547,1079,"tags=20%, list=11%, signal=18%","8884/32",0.0658311958368866
"R-HSA-5655291","Signaling by FGFR4 in disease",9,-0.328447376383253,-0.781416905640718,0.734439834024896,0.936957657247805,0.896468612416547,1680,"tags=33%, list=17%, signal=28%","3265/5295/2885",0.0617054053637522
"R-HSA-5655332","Signaling by FGFR3 in disease",9,-0.328447376383253,-0.781416905640718,0.734439834024896,0.936957657247805,0.896468612416547,1680,"tags=33%, list=17%, signal=28%","3265/5295/2885",0.0617054053637522
"R-HSA-212165","Epigenetic regulation of gene expression",218,-0.15839204261938,-0.780629617577061,0.974603174603175,1,0.956786686657549,2402,"tags=25%, list=24%, signal=19%","2648/80335/5437/79101/8932/8467/6598/162967/162655/57492/55422/902/9013/22822/84172/284058/6940/9968/64425/8473/259282/25942/8819/9611/55596/2932/9031/9275/7270/4297/8289/11091/6604/9015/55729/6599/23512/6603/121536/2966/64426/26993/5925/4221/6602/7913/5252/1107/9422/65251/57104/9274/84148/91272",0.0686325631836726
"R-HSA-9614399","Regulation of localization of FOXO transcription factors",10,0.315131841076165,0.779324236447328,0.74113475177305,0.936957657247805,0.896468612416547,2736,"tags=30%, list=27%, signal=22%","10971/7534/7529",0.0538979025357319
"R-HSA-9943962","CHD6, CHD7, CHD8, CHD9 subfamily",12,-0.292325719582247,-0.777760718803818,0.75462962962963,0.947301024428684,0.906365008430422,980,"tags=25%, list=10%, signal=23%","57680/11091/10664",0.065681360193401
"R-HSA-435354","Zinc transporters",10,-0.302448220549435,-0.777667764042613,0.746575342465753,0.942028326665858,0.901320161408182,1783,"tags=30%, list=18%, signal=25%","64924/7779/29985",0.0655321029282414
"R-HSA-2980766","Nuclear Envelope Breakdown",46,-0.208143672203262,-0.777567322394737,0.839160839160839,0.980071123415833,0.937719002861777,2651,"tags=35%, list=26%, signal=26%","23399/8021/81929/9818/4927/2010/9631/9688/348995/5347/10762/23592/140609/221496/7112/129401",0.0609039347452418
"R-HSA-5654741","Signaling by FGFR3",27,-0.232570907045256,-0.777100810136635,0.803738317757009,0.966841524771209,0.925061099008778,1680,"tags=26%, list=17%, signal=22%","3265/10253/5594/5515/5295/2885/673",0.0630790410571939
"R-HSA-381340","Transcriptional regulation of white adipocyte differentiation",65,0.202900704233588,0.776111905905905,0.86734693877551,0.990078846192532,0.947294258778282,3317,"tags=35%, list=33%, signal=24%","6256/84498/80205/9612/84246/1019/219541/9477/892/9439/8202/29079/5970/80306/2033/23097/9443/23389/23054/6720/9441/7040/5465",0.044774889329693
"R-HSA-4551638","SUMOylation of chromatin organization proteins",52,-0.200554239484654,-0.775413037810206,0.863291139240506,0.989897862122565,0.94712109562964,2591,"tags=35%, list=26%, signal=26%","8021/6045/81929/9818/4927/9631/83746/9688/348995/80012/10762/6015/23512/8535/9759/1107/129401/22955",0.0635007968065945
"R-HSA-166208","mTORC1-mediated signalling",22,0.254185123466091,0.77518132577963,0.795414462081129,0.964721155323398,0.923032357750317,1564,"tags=23%, list=16%, signal=19%","389541/10542/28956/6194/55004",0.0503964322442957
"R-HSA-162587","HIV Life Cycle",138,0.18004335015318,0.774720767224086,0.929373996789727,0.998101954638457,0.954970662124953,2175,"tags=23%, list=22%, signal=18%","5045/8815/6827/2958/8086/920/5434/5435/5440/5436/51160/2547/7251/1234/6233/5441/6878/8480/6883/79643/5901/6396/5439/5438/27243/7936/7314/5478/8732/23165/51497/5432",0.0389556479965885
"R-HSA-111447","Activation of BAD and translocation to mitochondria",14,0.287033613399397,0.77398208013405,0.790697674418605,0.964233880928854,0.922566140096867,2945,"tags=36%, list=29%, signal=25%","572/10971/7534/7529/7531",0.0513223330421143
"R-HSA-9701898","STAT3 nuclear events downstream of ALK signaling",11,-0.296176335945464,-0.772782386419244,0.769565217391304,0.954149338374291,0.91291738403963,46,"tags=9%, list=0%, signal=9%","639",0.0617054053637522
"R-HSA-9675126","Diseases of mitotic cell cycle",32,0.231995687783468,0.771954836228454,0.796363636363636,0.964721155323398,0.923032357750317,2313,"tags=31%, list=23%, signal=24%","894/25906/1616/246184/1019/1869/51529/1017/10393/29945",0.0517405459873163
"R-HSA-9610379","HCMV Late Events",50,-0.20108178340814,-0.771761726120507,0.861575178997613,0.989897862122565,0.94712109562964,2591,"tags=30%, list=26%, signal=22%","8021/81929/9818/4927/93343/9631/9688/348995/10762/128866/27183/11267/89853/129401/1052",0.0607719451853533
"R-HSA-2206281","Mucopolysaccharidoses",10,-0.300122506666189,-0.771687789314704,0.757990867579909,0.94873619197456,0.90773815763144,1830,"tags=30%, list=18%, signal=25%","2990/3423/4669",0.0647943366000727
"R-HSA-171306","Packaging Of Telomere Ends",6,-0.359382927571953,-0.771159196713801,0.72234273318872,0.933442444080742,0.893105303257538,1659,"tags=33%, list=17%, signal=28%","25913/54386",0.0646484568421928
"R-HSA-9865118","Diseases of branched-chain amino acid catabolism",13,-0.286901892146383,-0.770091111841588,0.797752808988764,0.964721155323398,0.923032357750317,99,"tags=8%, list=1%, signal=8%","549",0.0615706755421678
"R-HSA-9845614","Sphingolipid catabolism",6,-0.358103993120446,-0.768414875855441,0.726681127982646,0.934985230934479,0.894581421179543,3958,"tags=67%, list=39%, signal=40%","81537/8879/8611/130367",0.064358336791736
"R-HSA-71384","Ethanol oxidation",4,0.415493119852455,0.767773168804695,0.723404255319149,0.933442444080742,0.893105303257538,3181,"tags=75%, list=32%, signal=51%","128/217/219",0.0590954798717342
"R-HSA-983189","Kinesins",31,0.235635541352601,0.767429602658304,0.812720848056537,0.968360286228924,0.926514229751728,351,"tags=10%, list=4%, signal=9%","124602/7280/10376",0.0494904866135495
"R-HSA-2173788","Downregulation of TGF-beta receptor signaling",23,0.246452662466978,0.766237449840196,0.793459552495697,0.964233880928854,0.922566140096867,1847,"tags=26%, list=18%, signal=21%","5499/7046/11171/6233/9958/7314",0.0493910105981501
"R-HSA-399954","Sema3A PAK dependent Axon repulsion",11,-0.293113931123586,-0.764791969160289,0.773913043478261,0.956766775571752,0.915421713103323,466,"tags=18%, list=5%, signal=17%","5879/2534",0.0614364107201271
"R-HSA-9008059","Interleukin-37 signaling",17,0.270782034327473,0.764218650139409,0.783928571428571,0.961852480664026,0.920287648027877,2886,"tags=41%, list=29%, signal=29%","834/5778/5775/10068/5782/59307/5781",0.0516355964484201
"R-HSA-2122947","NOTCH1 Intracellular Domain Regulates Transcription",39,0.22367129702533,0.76241288189687,0.841739130434783,0.981044415316896,0.938650235594945,2724,"tags=38%, list=27%, signal=28%","4851/7090/3065/9612/9978/8454/6233/892/7314/4609/3066/8850/55869/2033/6500",0.0471642455670861
"R-HSA-9754189","Germ layer formation at gastrulation",8,-0.320120216896361,-0.761479551087218,0.762222222222222,0.951699714919227,0.910573616930501,2306,"tags=38%, list=23%, signal=29%","4088/8320/4089",0.0632191170859458
"R-HSA-428540","Activation of RAC1",9,0.319162204022551,0.76087522609014,0.751923076923077,0.944596464475319,0.903777321473776,887,"tags=22%, list=9%, signal=20%","6654/56924",0.0570059526582387
"R-HSA-2500257","Resolution of Sister Chromatid Cohesion",91,0.18836209148684,0.760643531894614,0.921507064364207,0.998101954638457,0.954970662124953,1394,"tags=14%, list=14%, signal=12%","7280/8655/10376/11243/25936/4085/5518/8379/332/22919/5519/79682/348235",0.0383205781976994
"R-HSA-422356","Regulation of insulin secretion",36,0.22647919536253,0.759166816854684,0.850993377483444,0.984482534735749,0.941939782482042,3642,"tags=42%, list=36%, signal=27%","54331/6804/2787/5566/5578/5906/5577/784/6513/23236/2790/5330/2782/3710/3708",0.0444181153081573
"R-HSA-9842860","Regulation of endogenous retroelements",70,-0.185107898267827,-0.759067096190271,0.92051282051282,0.998101954638457,0.954970662124953,1033,"tags=14%, list=10%, signal=13%","8289/6604/55729/6599/6603/6602/1107/9422/65251/9274",0.0610363728309177
"R-HSA-9013508","NOTCH3 Intracellular Domain Regulates Transcription",12,0.295115181431642,0.758119372774381,0.78421052631579,0.961852480664026,0.920287648027877,638,"tags=17%, list=6%, signal=16%","4851/6772",0.0508054139066364
"R-HSA-9013973","TICAM1-dependent activation of IRF3/IRF7",12,-0.28448452449568,-0.756898464413322,0.782407407407407,0.961265957114766,0.919726470104535,129,"tags=8%, list=1%, signal=8%","3665",0.0639271933359996
"R-HSA-389356","Co-stimulation by CD28",44,-0.200644473355642,-0.75650921036193,0.844282238442822,0.981427679929633,0.939016938073879,1602,"tags=23%, list=16%, signal=19%","117145/5170/5527/79109/5515/5295/2885/8503/5879/2534",0.0626618230932491
"R-HSA-2453902","The canonical retinoid cycle in rods (twilight vision)",5,-0.37277988425464,-0.756351376327987,0.76017130620985,0.950769813541706,0.909683899672584,6292,"tags=100%, list=63%, signal=37%","157506/51109/3292/285440/5959",0.0615706755421678
"R-HSA-5250924","B-WICH complex positively regulates rRNA expression",28,0.239033173673355,0.755003668916442,0.810490693739425,0.967549131482186,0.92573812768923,1408,"tags=21%, list=14%, signal=18%","60/9014/5434/5435/5440/5441",0.0476387259290825
"R-HSA-167172","Transcription of the HIV genome",64,0.19690478331585,0.754813801844845,0.841322314049587,0.981044415316896,0.938650235594945,2493,"tags=28%, list=25%, signal=21%","6827/2958/5434/5435/5440/5436/5441/6878/6883/5439/5438/7936/8732/51497/5432/2071/22916/8178",0.0448645113168564
"R-HSA-1358803","Downregulation of ERBB2:ERBB3 signaling",9,0.316230784587742,0.75388679075189,0.755769230769231,0.948028986657145,0.907061512999004,6859,"tags=100%, list=68%, signal=32%","6233/7314/7316/7311/207/208/10193/10000/9101",0.0567672387487446
"R-HSA-9692916","SARS-CoV-1 activates/modulates innate immune responses",33,0.22693561036137,0.753378525142438,0.842287694974003,0.981044415316896,0.938650235594945,2752,"tags=39%, list=27%, signal=29%","834/5479/83737/9111/29108/6233/7314/11035/5478/5970/7189/9641/3838",0.0469758727821845
"R-HSA-975577","N-Glycan antennae elongation",10,0.304507888681732,0.753051094515462,0.787234042553192,0.964178558918046,0.922513208733448,1132,"tags=20%, list=11%, signal=18%","6480/9334",0.0511147954416412
"R-HSA-2586552","Signaling by Leptin",9,0.315576105955751,0.752326052212506,0.757692307692308,0.94873619197456,0.90773815763144,600,"tags=11%, list=6%, signal=10%","8660",0.0566484183613995
"R-HSA-389513","Co-inhibition by CTLA4",19,0.260168865910699,0.752061030346558,0.825932504440497,0.974548395640448,0.932434930452254,1257,"tags=16%, list=13%, signal=14%","3932/5518/5519",0.0489954089862481
"R-HSA-3301854","Nuclear Pore Complex (NPC) Disassembly",31,-0.215632204737968,-0.749681314805751,0.864678899082569,0.989897862122565,0.94712109562964,2591,"tags=32%, list=26%, signal=24%","8021/81929/9818/4927/9631/9688/348995/10762/140609/129401",0.0587185879555941
"R-HSA-68877","Mitotic Prometaphase",162,-0.157390390461893,-0.748046273920013,0.980555555555556,1,0.956786686657549,2030,"tags=20%, list=20%, signal=17%","9183/5501/23397/348995/5347/1457/1453/27229/23063/114791/4926/3796/5527/653784/23122/1778/79980/7514/55166/57551/140609/79003/5515/10051/3619/27175/23421/80184/22994/10806/23354/80097/64105",0.0618406035753285
"R-HSA-2173793","Transcriptional activity of SMAD2/SMAD3:SMAD4 heterotrimer",45,-0.199373992562386,-0.747835222946238,0.897435897435897,0.996360754260552,0.953304704784569,1245,"tags=16%, list=12%, signal=14%","1874/4089/5594/4904/4221/7321/3726",0.0577308549299813
"R-HSA-2160916","Hyaluronan degradation",9,-0.314248132058828,-0.747635148317493,0.773858921161826,0.956766775571752,0.915421713103323,2683,"tags=56%, list=27%, signal=41%","960/6548/2990/3074/8692",0.059221919380382
"R-HSA-3238698","WNT ligand biogenesis and trafficking",8,0.326741475267888,0.74577651354743,0.782608695652174,0.961265957114766,0.919726470104535,360,"tags=12%, list=4%, signal=12%","51699",0.0523759084097997
"R-HSA-6790901","rRNA modification in the nucleus and cytosol",56,0.203668018498911,0.745637042301563,0.897084048027444,0.996360754260552,0.953304704784569,2202,"tags=21%, list=22%, signal=17%","6208/55505/6203/54433/55651/25879/51504/6194/56902/4809/2091/9277",0.0436251240000606
"R-HSA-1638091","Heparan sulfate/heparin (HS-GAG) metabolism",19,-0.24412210650438,-0.74448726573471,0.804100227790433,0.966841524771209,0.925061099008778,3778,"tags=58%, list=38%, signal=36%","9394/2132/9653/9953/8509/138050/2131/2817/2135/3423/4669",0.0618406035753285
"R-HSA-2142845","Hyaluronan metabolism",10,-0.28954189658697,-0.744482473417769,0.799086757990868,0.965563165905632,0.923837982265422,2683,"tags=50%, list=27%, signal=37%","960/6548/2990/3074/8692",0.062249042949858
"R-HSA-1643713","Signaling by EGFR in Cancer",17,0.263466469191812,0.743572186917183,0.808928571428571,0.967209493860437,0.925413166934453,2126,"tags=35%, list=21%, signal=28%","6654/6233/11140/7314/3320/6464",0.0501934252649434
"R-HSA-1250196","SHC1 events in ERBB2 signaling",10,0.300551540387127,0.743267005090278,0.792553191489362,0.964233880928854,0.922566140096867,2854,"tags=50%, list=28%, signal=36%","6654/5578/6464/5782/4893",0.0508054139066364
"R-HSA-499943","Interconversion of nucleotide di- and triphosphates",25,0.241441118530693,0.742387200399093,0.826164874551971,0.974548395640448,0.932434930452254,1727,"tags=24%, list=17%, signal=20%","4831/7295/7298/102157402/4830/204",0.0493910105981501
"R-HSA-389357","CD28 dependent PI3K/Akt signaling",24,0.245205293652957,0.742198136262107,0.828571428571429,0.974548395640448,0.932434930452254,242,"tags=8%, list=2%, signal=8%","5293/3932",0.0490939668192139
"R-HSA-9683610","Maturation of nucleoprotein",11,-0.284406712605136,-0.742073121335119,0.793478260869565,0.964233880928854,0.922566140096867,1497,"tags=36%, list=15%, signal=31%","2932/84875/79668/56965",0.0602484086158019
"R-HSA-264876","Insulin processing",17,-0.257458236741879,-0.741741301632545,0.821266968325792,0.974548395640448,0.932434930452254,2389,"tags=35%, list=24%, signal=27%","23265/3800/3799/64924/11336/56605",0.0605092988656667
"R-HSA-9675135","Diseases of DNA repair",43,0.209364619879196,0.741704521186406,0.883248730964467,0.995953545576596,0.95291509293707,3255,"tags=40%, list=32%, signal=27%","4913/10524/5810/6117/7486/5395/5982/5984/6119/580/6118/5889/3364/4595/5892/10111/83695",0.0437125833579551
"R-HSA-3371568","Attenuation phase",13,-0.275847515926743,-0.740419376984734,0.82247191011236,0.974548395640448,0.932434930452254,570,"tags=15%, list=6%, signal=15%","3297/2288",0.0601186142531851
"R-HSA-3232142","SUMOylation of ubiquitinylation proteins",37,-0.200085231668314,-0.739606219413967,0.885286783042394,0.996130497029131,0.95308439773104,2591,"tags=32%, list=26%, signal=24%","8021/81929/9818/4927/9631/9688/4193/348995/10762/5987/129401/51588",0.0615706755421678
"R-HSA-1227990","Signaling by ERBB2 in Cancer",12,0.287142380236357,0.737638098269619,0.796491228070175,0.964721155323398,0.923032357750317,2854,"tags=50%, list=28%, signal=36%","6654/11140/3320/6464/5782/4893",0.0500922874402106
"R-HSA-190373","FGFR1c ligand binding and activation",2,0.489603107493803,0.736867975810964,0.85,0.983998646820027,0.941476804966445,1073,"tags=50%, list=11%, signal=45%","7049",0.0531298054705469
"R-HSA-189451","Heme biosynthesis",11,-0.282303456084336,-0.736585310878528,0.797826086956522,0.964721155323398,0.923032357750317,224,"tags=9%, list=2%, signal=9%","1371",0.059989249649033
"R-HSA-1912408","Pre-NOTCH Transcription and Translation",27,-0.220214504734196,-0.735813744749604,0.864485981308411,0.989897862122565,0.94712109562964,1039,"tags=15%, list=10%, signal=13%","27327/26523/27161/3725",0.0596037042575973
"R-HSA-1187000","Fertilization",6,0.349609769727891,0.735671802980243,0.789279112754159,0.964233880928854,0.922566140096867,543,"tags=17%, list=5%, signal=16%","928",0.0529129848430583
"R-HSA-351906","Apoptotic cleavage of cell adhesion  proteins",3,-0.432114118269536,-0.735653747788075,0.790890269151139,0.964233880928854,0.922566140096867,3308,"tags=67%, list=33%, signal=45%","1499/836",0.0580983576873206
"R-HSA-9833109","Evasion by RSV of host interferon responses",18,0.253407419435668,0.734238146062377,0.821362799263352,0.974548395640448,0.932434930452254,3026,"tags=28%, list=30%, signal=19%","9978/6233/7314/2033/7316",0.0509082865515105
"R-HSA-1660514","Synthesis of PIPs at the Golgi membrane",14,-0.263992790081252,-0.734049976856025,0.812641083521445,0.968360286228924,0.926514229751728,829,"tags=21%, list=8%, signal=20%","200576/5286/30849",0.0609039347452418
"R-HSA-9755779","SARS-CoV-2 targets host intracellular signalling and regulatory pathways",10,0.296728572609446,0.733812767035089,0.810283687943262,0.967549131482186,0.92573812768923,2945,"tags=40%, list=29%, signal=28%","10971/7534/7529/7531",0.0497903187820785
"R-HSA-1660499","Synthesis of PIPs at the plasma membrane",43,-0.198697421553799,-0.732423390009538,0.895377128953771,0.996360754260552,0.953304704784569,2396,"tags=33%, list=24%, signal=25%","55361/5291/8898/51763/80230/5867/59338/8897/5295/5286/81846/5305/8503/65977",0.0598603117764473
"R-HSA-380270","Recruitment of mitotic centrosome proteins and complexes",75,0.185009777521506,0.732047778758115,0.944922547332186,0.99834495412844,0.955203160801833,2151,"tags=21%, list=21%, signal=17%","8655/203068/80321/5518/95681/11258/22919/5566/84131/10383/22897/29922/55559/3320/5577/10540",0.0414044273760278
"R-HSA-380287","Centrosome maturation",75,0.185009777521506,0.732047778758115,0.944922547332186,0.99834495412844,0.955203160801833,2151,"tags=21%, list=21%, signal=17%","8655/203068/80321/5518/95681/11258/22919/5566/84131/10383/22897/29922/55559/3320/5577/10540",0.0414044273760278
"R-HSA-9769733","Fibrin formation",1,-0.550468781168961,-0.731677860487049,0.898580121703854,0.996360754260552,0.953304704784569,4509,"tags=100%, list=45%, signal=55%","5270",0.051218434854034
"R-HSA-6804758","Regulation of TP53 Activity through Acetylation",29,0.225565060682928,0.729107365784813,0.855400696864111,0.986912064959201,0.944264324654673,3007,"tags=45%, list=30%, signal=31%","3065/54815/7862/79837/1108/5931/64769/3066/5928/2033/53615/5371/27154",0.0465084048719156
"R-HSA-3772470","Negative regulation of TCF-dependent signaling by WNT ligand antagonists",1,-0.548274486335528,-0.728761224696015,0.900608519269777,0.996360754260552,0.953304704784569,4531,"tags=100%, list=45%, signal=55%","83999",0.0511147954416412
"R-HSA-2151201","Transcriptional activation of mitochondrial biogenesis",48,0.200000174547573,0.728024647698572,0.900181488203267,0.996360754260552,0.953304704784569,1666,"tags=17%, list=17%, signal=14%","6256/80205/9572/805/11232/64216/801/6742",0.0460457683018055
"R-HSA-936964","Activation of IRF3, IRF7 mediated by TBK1, IKKε (IKBKE)",14,0.269858544980442,0.727669750982375,0.837209302325581,0.98003620866138,0.937685596889548,3026,"tags=50%, list=30%, signal=35%","6233/7314/148022/9641/5781/10010/7316",0.048701086452153
"R-HSA-9696273","RND1 GTPase cycle",23,-0.228052218896854,-0.727441666491129,0.864608076009501,0.989897862122565,0.94712109562964,1502,"tags=22%, list=15%, signal=19%","23592/27316/5295/2909/1362",0.0603786357920401
"R-HSA-3371571","HSF1-dependent transactivation",19,-0.238335308409131,-0.726839550200134,0.826879271070615,0.974548395640448,0.932434930452254,2178,"tags=26%, list=22%, signal=21%","817/57521/3337/3297/2288",0.0605092988656667
"R-HSA-9033658","Blood group systems biosynthesis",6,-0.33804016896093,-0.725362183769055,0.778741865509761,0.95858081430734,0.917157361214614,1318,"tags=33%, list=13%, signal=29%","8705/6484",0.0610363728309177
"R-HSA-9037629","Lewis blood group biosynthesis",6,-0.33804016896093,-0.725362183769055,0.778741865509761,0.95858081430734,0.917157361214614,1318,"tags=33%, list=13%, signal=29%","8705/6484",0.0610363728309177
"R-HSA-9615933","Postmitotic nuclear pore complex (NPC) reformation",27,-0.217076356252674,-0.725328092187544,0.885514018691589,0.996130497029131,0.95308439773104,2515,"tags=37%, list=25%, signal=28%","81929/9818/9631/25909/5905/9688/348995/1104/3842/129401",0.0584693210386381
"R-HSA-75153","Apoptotic execution phase",34,0.215158184139578,0.723710159704576,0.890681003584229,0.996360754260552,0.953304704784569,892,"tags=12%, list=9%, signal=11%","10134/8428/840/5588",0.0459538081039063
"R-HSA-6804114","TP53 Regulates Transcription of Genes Involved in G2 Cell Cycle Arrest",14,0.268238777496381,0.723302070863663,0.844364937388193,0.981427679929633,0.939016938073879,2698,"tags=36%, list=27%, signal=26%","3276/5111/581/5933/2033",0.0483117581055019
"R-HSA-9616222","Transcriptional regulation of granulopoiesis",21,-0.231382507651842,-0.722329323675563,0.862790697674419,0.989897862122565,0.94712109562964,1038,"tags=14%, list=10%, signal=13%","4297/7913/1051",0.059476028695732
"R-HSA-5607763","CLEC7A (Dectin-1) induces NFAT activation",13,0.27736936870388,0.721634232514935,0.838420107719928,0.980071123415833,0.937719002861777,1639,"tags=23%, list=16%, signal=19%","4775/805/801",0.0487989701682839
"R-HSA-176412","Phosphorylation of the APC/C",18,-0.239606902084452,-0.721588690707101,0.838779956427015,0.980071123415833,0.937719002861777,2042,"tags=28%, list=20%, signal=22%","51434/5347/8881/7321/27338",0.0577308549299813
"R-HSA-1855204","Synthesis of IP3 and IP4 in the cytosol",19,0.249571292587709,0.721426996237353,0.868561278863233,0.990078846192532,0.947294258778282,3876,"tags=42%, list=39%, signal=26%","805/801/51196/23236/5728/5330/9651/80271",0.0466948041282054
"R-HSA-4086398","Ca2+ pathway",39,0.21145264160031,0.720763996146282,0.888695652173913,0.996360754260552,0.953304704784569,1654,"tags=18%, list=16%, signal=15%","54331/5145/805/2787/7976/801/5578",0.0446854397644147
"R-HSA-9857492","Protein lipoylation",9,0.301361286393484,0.718438254998567,0.792307692307692,0.964233880928854,0.922566140096867,563,"tags=11%, list=6%, signal=10%","27247",0.054568064667094
"R-HSA-174048","APC/C:Cdc20 mediated degradation of Cyclin B",21,0.240079175962897,0.71822975131444,0.837412587412587,0.98003620866138,0.937685596889548,2313,"tags=33%, list=23%, signal=26%","25906/246184/6233/51529/7314/10393/29945",0.0476387259290825
"R-HSA-5684264","MAP3K8 (TPL2)-dependent MAPK1/3 activation",16,0.258937516778137,0.717973562849403,0.82967032967033,0.974548395640448,0.932434930452254,1847,"tags=31%, list=18%, signal=26%","8945/8454/6233/1326/7314",0.0501934252649434
"R-HSA-2214320","Anchoring fibril formation",1,0.540394973070018,0.716722280350254,0.907662082514735,0.996360754260552,0.953304704784569,4609,"tags=100%, list=46%, signal=54%","649",0.0492917662312669
"R-HSA-9764725","Negative Regulation of CDH1 Gene Transcription",26,-0.218252813971409,-0.715810880099072,0.890625,0.996360754260552,0.953304704784569,1526,"tags=15%, list=15%, signal=13%","116092/5594/23512/7088",0.0560595875032335
"R-HSA-8963693","Aspartate and asparagine metabolism",5,0.361730280697129,0.713866756459588,0.824299065420561,0.974548395640448,0.932434930452254,3700,"tags=80%, list=37%, signal=51%","440/8604/2806/10165",0.0514264916187015
"R-HSA-163210","Formation of ATP by chemiosmotic coupling",2,-0.468029925187032,-0.713838072555869,0.824701195219124,0.974548395640448,0.932434930452254,5336,"tags=100%, list=53%, signal=47%","4509/4508",0.0543434390269162
"R-HSA-5674400","Constitutive Signaling by AKT1 E17K in Cancer",25,-0.220387705660523,-0.712848071932417,0.871621621621622,0.990268655109293,0.947475865422847,3777,"tags=52%, list=38%, signal=32%","208/253260/2931/1147/10000/2309/1027/2475/4193/5170/2932/79109/842",0.0574877409561325
"R-HSA-354192","Integrin signaling",16,-0.244170897048862,-0.711414731655062,0.870614035087719,0.990268655109293,0.947475865422847,1588,"tags=25%, list=16%, signal=21%","5170/5770/2885/1398",0.0562940749700968
"R-HSA-167161","HIV Transcription Initiation",45,0.196720401357805,0.710983660033956,0.907504363001745,0.996360754260552,0.953304704784569,1808,"tags=22%, list=18%, signal=18%","2958/5434/5435/5440/5436/5441/6878/6883/5439/5438",0.0438879842863647
"R-HSA-167162","RNA Polymerase II HIV Promoter Escape",45,0.196720401357805,0.710983660033956,0.907504363001745,0.996360754260552,0.953304704784569,1808,"tags=22%, list=18%, signal=18%","2958/5434/5435/5440/5436/5441/6878/6883/5439/5438",0.0438879842863647
"R-HSA-73776","RNA Polymerase II Promoter Escape",45,0.196720401357805,0.710983660033956,0.907504363001745,0.996360754260552,0.953304704784569,1808,"tags=22%, list=18%, signal=18%","2958/5434/5435/5440/5436/5441/6878/6883/5439/5438",0.0438879842863647
"R-HSA-73779","RNA Polymerase II Transcription Pre-Initiation And Promoter Opening",45,0.196720401357805,0.710983660033956,0.907504363001745,0.996360754260552,0.953304704784569,1808,"tags=22%, list=18%, signal=18%","2958/5434/5435/5440/5436/5441/6878/6883/5439/5438",0.0438879842863647
"R-HSA-75953","RNA Polymerase II Transcription Initiation",45,0.196720401357805,0.710983660033956,0.907504363001745,0.996360754260552,0.953304704784569,1808,"tags=22%, list=18%, signal=18%","2958/5434/5435/5440/5436/5441/6878/6883/5439/5438",0.0438879842863647
"R-HSA-76042","RNA Polymerase II Transcription Initiation And Promoter Clearance",45,0.196720401357805,0.710983660033956,0.907504363001745,0.996360754260552,0.953304704784569,1808,"tags=22%, list=18%, signal=18%","2958/5434/5435/5440/5436/5441/6878/6883/5439/5438",0.0438879842863647
"R-HSA-6804757","Regulation of TP53 Degradation",33,0.21400893561291,0.710464682129954,0.868284228769497,0.990078846192532,0.947294258778282,2070,"tags=24%, list=21%, signal=19%","900/5518/1616/5519/6233/7314/55615/1017",0.0455878202571231
"R-HSA-389661","Glyoxylate metabolism and glycine degradation",9,0.297854481791282,0.71007811488509,0.794230769230769,0.964463340066605,0.922785683545,2862,"tags=33%, list=29%, signal=24%","1738/8659/2806",0.0544555953940371
"R-HSA-9029569","NR1H3 & NR1H2 regulate gene expression linked to cholesterol transport and efflux",26,-0.216401900505626,-0.709740378771639,0.892857142857143,0.996360754260552,0.953304704784569,1672,"tags=23%, list=17%, signal=19%","192669/9611/27327/26523/6257/27161",0.0559428593065705
"R-HSA-9955298","SLC-mediated transport of organic anions",13,0.272472935996135,0.708895142125734,0.858168761220826,0.989438511084119,0.946681594671553,4345,"tags=77%, list=43%, signal=44%","28232/682/9123/6566/57153/23446/28231/26503/8402/9194",0.0477342401407188
"R-HSA-167044","Signalling to RAS",16,0.255321415146875,0.707946953325503,0.846153846153846,0.982204362801378,0.939760057905319,1311,"tags=19%, list=13%, signal=16%","6654/5603/5899",0.0492917662312669
"R-HSA-9717189","Sensory perception of taste",5,-0.348832568349631,-0.707763493480365,0.792291220556745,0.964233880928854,0.922566140096867,6532,"tags=100%, list=65%, signal=35%","5330/2782/3710/50840/50832",0.0596037042575973
"R-HSA-9717207","Sensory perception of sweet, bitter, and umami (glutamate) taste",5,-0.348832568349631,-0.707763493480365,0.792291220556745,0.964233880928854,0.922566140096867,6532,"tags=100%, list=65%, signal=35%","5330/2782/3710/50840/50832",0.0596037042575973
"R-HSA-375281","Hormone ligand-binding receptors",1,-0.531119090365051,-0.705958435784297,0.926977687626775,0.998101954638457,0.954970662124953,4703,"tags=100%, list=47%, signal=53%","2796",0.0497903187820785
"R-HSA-1482839","Acyl chain remodelling of PE",7,0.316003250411278,0.704461256468146,0.810909090909091,0.967549131482186,0.92573812768923,488,"tags=14%, list=5%, signal=14%","10162",0.0509082865515105
"R-HSA-5633007","Regulation of TP53 Activity",136,-0.153727469051436,-0.703307750355977,0.994186046511628,1,0.956786686657549,2479,"tags=26%, list=25%, signal=20%","51422/204851/6446/1432/4683/6882/10419/8445/4193/23774/6884/1457/8550/8851/7994/5170/5527/94241/6881/7874/79109/51616/1029/54971/5515/84289/472/6872/7156/6877/5305/5608/29117/1107/1263/639",0.0633597010643758
"R-HSA-8978934","Metabolism of cofactors",21,0.234449683239732,0.701388352461882,0.865384615384615,0.989897862122565,0.94712109562964,2018,"tags=24%, list=20%, signal=19%","5805/805/51805/801/3320",0.0461379160269737
"R-HSA-73772","RNA Polymerase I Promoter Escape",27,0.21710660535154,0.700580238423657,0.885017421602787,0.996130497029131,0.95308439773104,1408,"tags=19%, list=14%, signal=16%","9014/5434/5435/5440/5441",0.0449543067640062
"R-HSA-9034015","Signaling by NTRK3 (TRKC)",12,-0.262821058523975,-0.699260727679061,0.849537037037037,0.983998646820027,0.941476804966445,2026,"tags=33%, list=20%, signal=27%","25920/3265/5295/2885",0.059989249649033
"R-HSA-1221632","Meiotic synapsis",23,0.22489132494924,0.699201841016337,0.877796901893287,0.993493876256189,0.950561714077724,3568,"tags=39%, list=36%, signal=25%","26277/7329/9985/9126/7013/23224/23353/65057/25777",0.044774889329693
"R-HSA-9830364","Formation of the nephric duct",4,-0.363663573780305,-0.698836935567556,0.814432989690722,0.96972501416898,0.927819983275683,6383,"tags=100%, list=64%, signal=36%","51316/2625/1499/3214",0.0565299525056311
"R-HSA-9671793","Diseases of hemostasis",6,-0.325100210916416,-0.697595790639209,0.802603036876356,0.966841524771209,0.925061099008778,644,"tags=17%, list=6%, signal=16%","2811",0.0596037042575973
"R-HSA-9769726","Defects of Coagulation cascade",6,-0.325100210916416,-0.697595790639209,0.802603036876356,0.966841524771209,0.925061099008778,644,"tags=17%, list=6%, signal=16%","2811",0.0596037042575973
"R-HSA-141405","Inhibition of the proteolytic activity of APC/C required for the onset of anaphase by mitotic spindle checkpoint components",18,0.240541852513637,0.696960666082075,0.871086556169429,0.990268655109293,0.947475865422847,2313,"tags=33%, list=23%, signal=26%","4085/25906/246184/51529/10393/29945",0.0482149710025564
"R-HSA-141430","Inactivation of APC/C via direct inhibition of the APC/C complex",18,0.240541852513637,0.696960666082075,0.871086556169429,0.990268655109293,0.947475865422847,2313,"tags=33%, list=23%, signal=26%","4085/25906/246184/51529/10393/29945",0.0482149710025564
"R-HSA-2022854","Keratan sulfate biosynthesis",14,-0.250575317402747,-0.696741777999186,0.864559819413093,0.989897862122565,0.94712109562964,503,"tags=14%, list=5%, signal=14%","6484/10678",0.0579754757571486
"R-HSA-452723","Transcriptional regulation of pluripotent stem cells",6,0.330848142681033,0.696192357062162,0.833641404805915,0.976959207960905,0.934741563584497,2256,"tags=50%, list=22%, signal=39%","2041/2034/4087",0.0503964322442957
"R-HSA-69273","Cyclin A/B1/B2 associated events during G2/M transition",21,-0.222798516865589,-0.69553184307949,0.897674418604651,0.996360754260552,0.953304704784569,2172,"tags=29%, list=22%, signal=22%","902/5347/28227/7514/51343/5515",0.057609110864425
"R-HSA-4085001","Sialic acid metabolism",22,0.227793814914706,0.694696483578976,0.888888888888889,0.996360754260552,0.953304704784569,557,"tags=9%, list=6%, signal=9%","6480/5476",0.0453152441270267
"R-HSA-1482801","Acyl chain remodelling of PS",6,-0.323077766147293,-0.693256055042718,0.806941431670282,0.967209493860437,0.925413166934453,1850,"tags=50%, list=18%, signal=41%","114882/114884/81579",0.0593487680335629
"R-HSA-111471","Apoptotic factor-mediated response",17,-0.240545634424121,-0.693015823605816,0.877828054298643,0.993493876256189,0.950561714077724,1105,"tags=24%, list=11%, signal=21%","5594/1029/842/708",0.0573667426768556
"R-HSA-69166","Removal of the Flap Intermediate",14,0.256759915354261,0.692349481398233,0.867620751341682,0.990078846192532,0.947294258778282,2955,"tags=50%, list=29%, signal=35%","5111/6117/57804/6119/6118/2237/5425",0.0470699590082662
"R-HSA-1296072","Voltage gated Potassium channels",4,0.374392990501842,0.691825878604057,0.806576402321083,0.967209493860437,0.925413166934453,854,"tags=25%, list=9%, signal=23%","8514",0.0540088272801684
"R-HSA-2032785","YAP1- and WWTR1 (TAZ)-stimulated gene expression",5,-0.340930422549946,-0.69173044259972,0.802997858672377,0.966841524771209,0.925061099008778,3424,"tags=60%, list=34%, signal=40%","25937/204851/860",0.0589694466690997
"R-HSA-180336","SHC1 events in EGFR signaling",7,-0.312812464201689,-0.690751169368221,0.81858407079646,0.973312957006771,0.93125287921537,1680,"tags=43%, list=17%, signal=36%","3265/374/2885",0.0596037042575973
"R-HSA-9752946","Expression and translocation of olfactory receptors",1,-0.519648912826651,-0.690712385058439,0.963488843813387,1,0.956786686657549,4818,"tags=100%, list=48%, signal=52%","8861",0.0480220415968251
"R-HSA-9700645","ALK mutants bind TKIs",9,0.289468674317637,0.690086546093294,0.819230769230769,0.973405448717949,0.931341374053251,1670,"tags=22%, list=17%, signal=19%","27436/4869",0.0530212512043078
"R-HSA-110330","Recognition and association of DNA glycosylase with site containing an affected purine",9,-0.289409812703211,-0.688541716468813,0.829875518672199,0.974548395640448,0.932434930452254,208,"tags=11%, list=2%, signal=11%","54386",0.0559428593065705
"R-HSA-110331","Cleavage of the damaged purine",9,-0.289409812703211,-0.688541716468813,0.829875518672199,0.974548395640448,0.932434930452254,208,"tags=11%, list=2%, signal=11%","54386",0.0559428593065705
"R-HSA-73927","Depurination",9,-0.289409812703211,-0.688541716468813,0.829875518672199,0.974548395640448,0.932434930452254,208,"tags=11%, list=2%, signal=11%","54386",0.0559428593065705
"R-HSA-2995410","Nuclear Envelope (NE) Reassembly",59,0.183930430177492,0.687923169782335,0.932885906040268,0.998101954638457,0.954970662124953,2287,"tags=24%, list=23%, signal=18%","7280/7341/10376/8815/5518/10383/79643/5901/7443/6396/27243/7329/23165/3930",0.0408229003677776
"R-HSA-69183","Processive synthesis on the lagging strand",15,0.25400666674893,0.686324684712004,0.889667250437828,0.996360754260552,0.953304704784569,2955,"tags=47%, list=29%, signal=33%","5111/6117/57804/6119/6118/2237/5425",0.0449543067640062
"R-HSA-174417","Telomere C-strand (Lagging Strand) Synthesis",31,-0.197229436804048,-0.685701023561543,0.919724770642202,0.998101954638457,0.954970662124953,1742,"tags=23%, list=17%, signal=19%","80169/25913/5424/10714/54921/5557/54386",0.055826471778749
"R-HSA-9687139","Aberrant regulation of mitotic cell cycle due to RB1 defects",30,0.211624661478732,0.684728473981697,0.910189982728843,0.996375598495873,0.953318907551299,2313,"tags=30%, list=23%, signal=23%","894/25906/246184/1019/1869/51529/1017/10393/29945",0.0432768714901103
"R-HSA-427413","NoRC negatively regulates rRNA expression",41,0.195511706286093,0.680694481477593,0.931623931623932,0.998101954638457,0.954970662124953,1408,"tags=17%, list=14%, signal=15%","9014/3065/10284/5434/5435/5440/5441",0.0417397034728504
"R-HSA-166786","Creation of C4 and C2 activators",1,0.512068621583882,0.679153227633482,0.976424361493124,1,0.956786686657549,4893,"tags=100%, list=49%, signal=51%","715",0.0459538081039063
"R-HSA-168274","Export of Viral Ribonucleoproteins from Nucleus",30,-0.196159872001641,-0.676883098768781,0.921985815602837,0.998101954638457,0.954970662124953,2591,"tags=33%, list=26%, signal=25%","8021/81929/9818/4927/9631/9688/348995/10762/7514/129401",0.0571258510018113
"R-HSA-168333","NEP/NS2 Interacts with the Cellular Export Machinery",30,-0.196159872001641,-0.676883098768781,0.921985815602837,0.998101954638457,0.954970662124953,2591,"tags=33%, list=26%, signal=25%","8021/81929/9818/4927/9631/9688/348995/10762/7514/129401",0.0571258510018113
"R-HSA-8866910","TFAP2 (AP-2) family regulates transcription of growth factors and their receptors",3,-0.397047086991221,-0.675953793787491,0.832298136645963,0.976722984774515,0.934515548384679,6048,"tags=100%, list=60%, signal=40%","3815/29028/7528",0.0557104226766671
"R-HSA-1839117","Signaling by cytosolic FGFR1 fusion mutants",16,0.242901159431921,0.673508470412241,0.879120879120879,0.994167762178337,0.951206479156361,2574,"tags=31%, list=26%, signal=23%","1523/6772/11052/9208/613",0.0475434194201301
"R-HSA-1482788","Acyl chain remodelling of PC",7,0.302087120941692,0.67343823996892,0.852727272727273,0.985156221226444,0.942584356747321,488,"tags=14%, list=5%, signal=14%","10162",0.0486034247259069
"R-HSA-162599","Late Phase of HIV Life Cycle",125,0.158011091361469,0.672200645922782,0.993710691823899,1,0.956786686657549,2175,"tags=22%, list=22%, signal=18%","5045/6827/2958/8086/5434/5435/5440/5436/51160/7251/6233/5441/6878/8480/6883/79643/5901/6396/5439/5438/27243/7936/7314/5478/8732/23165/51497/5432",0.0348652196832942
"R-HSA-9757110","Prednisone ADME",1,-0.504887293038101,-0.67109138064603,0.991886409736308,1,0.956786686657549,4966,"tags=100%, list=50%, signal=50%","5243",0.0466948041282054
"R-HSA-140342","Apoptosis induced DNA fragmentation",7,-0.303293413173653,-0.669731240876329,0.849557522123894,0.983998646820027,0.941476804966445,6989,"tags=100%, list=70%, signal=30%","3148/3837/3836/1677/3146/1676/836",0.0578529757032509
"R-HSA-1502540","Signaling by Activin",10,0.270610965236736,0.669223659333184,0.867021276595745,0.990078846192532,0.947294258778282,1073,"tags=20%, list=11%, signal=18%","10589/7049",0.0466948041282054
"R-HSA-881907","Gastrin-CREB signalling pathway via PKC and MAPK",12,-0.251453078558759,-0.669015122599462,0.881944444444444,0.995953545576596,0.95291509293707,1952,"tags=33%, list=19%, signal=27%","5598/3265/5594/2885",0.0582216241124161
"R-HSA-450321","JNK (c-Jun kinases) phosphorylation and  activation mediated by activated human TAK1",19,0.231210324108679,0.668351587601644,0.902309058614565,0.996360754260552,0.953304704784569,1847,"tags=21%, list=18%, signal=17%","7334/23118/6233/7314",0.0449543067640062
"R-HSA-2022857","Keratan sulfate degradation",6,-0.311346173036623,-0.66808255562103,0.83297180043384,0.976843557602672,0.934630910861434,6908,"tags=100%, list=69%, signal=31%","2799/79411/2588/3073/2720/3074",0.0578529757032509
"R-HSA-354194","GRB2:SOS provides linkage to MAPK signaling for Integrins",8,0.292278319233928,0.66711550997641,0.864130434782609,0.989897862122565,0.94712109562964,3826,"tags=62%, list=38%, signal=39%","6654/5906/5908/5747/7094",0.0478299633114229
"R-HSA-5693571","Nonhomologous End-Joining (NHEJ)",30,0.206100362584883,0.666854164225109,0.922279792746114,0.998101954638457,0.954970662124953,2027,"tags=23%, list=20%, signal=19%","7334/7336/29086/10524/2547/165918/580",0.0426733861156084
"R-HSA-1169408","ISG15 antiviral mechanism",66,0.172967084358694,0.666570229836668,0.97682119205298,1,0.956786686657549,3545,"tags=41%, list=35%, signal=27%","7334/6772/8086/317649/9246/6233/8480/9470/6396/7314/2317/23165/9636/8678/53371/3838/1973/1977/7316/23636/9972/5300/7324/23279/5595/79902/3837",0.0380842053196415
"R-HSA-201556","Signaling by ALK",21,-0.21324659647265,-0.665712682299987,0.916279069767442,0.998101954638457,0.954970662124953,1705,"tags=19%, list=17%, signal=16%","25942/3091/5295/639",0.0566484183613995
"R-HSA-1614558","Degradation of cysteine and homocysteine",9,0.278403901382017,0.663708386327135,0.840384615384615,0.980830884667856,0.93844593231275,2862,"tags=44%, list=29%, signal=32%","23474/7263/25828/2806",0.0518457624865066
"R-HSA-6811440","Retrograde transport at the Trans-Golgi-Network",44,-0.175975673325134,-0.663498054263066,0.968369829683698,1,0.956786686657549,1955,"tags=18%, list=19%, signal=15%","7110/91949/9827/84342/2800/8774/738/9648",0.0561766586307176
"R-HSA-9842663","Signaling by LTK",7,-0.30021971208471,-0.66294390704392,0.853982300884956,0.985940429699163,0.943334676973582,966,"tags=29%, list=10%, signal=26%","5295/2885",0.057609110864425
"R-HSA-1638074","Keratan sulfate/keratin metabolism",20,-0.215838853112963,-0.661777699812842,0.92654028436019,0.998101954638457,0.954970662124953,1556,"tags=20%, list=16%, signal=17%","2683/3074/6484/10678",0.0570059526582387
"R-HSA-420499","Class C/3 (Metabotropic glutamate/pheromone receptors)",2,-0.433657509838307,-0.661413350543021,0.874501992031873,0.991565876982461,0.948717030040736,2492,"tags=50%, list=25%, signal=38%","50832",0.0516355964484201
"R-HSA-73863","RNA Polymerase I Transcription Termination",26,0.212947675889138,0.659043365503881,0.913357400722022,0.998101954638457,0.954970662124953,1408,"tags=19%, list=14%, signal=17%","9014/5434/5435/5440/5441",0.0451344222209097
"R-HSA-1839124","FGFR1 mutant receptor activation",18,0.226987416191725,0.657687213796878,0.906077348066298,0.996360754260552,0.953304704784569,638,"tags=11%, list=6%, signal=10%","1523/6772",0.0464154956843849
"R-HSA-5689877","Josephin domain DUBs",10,0.265307993642666,0.65610935684208,0.874113475177305,0.991565876982461,0.948717030040736,3026,"tags=50%, list=30%, signal=35%","6233/7314/126119/5886/7316",0.0463227785794633
"R-HSA-3371453","Regulation of HSF1-mediated heat shock response",64,0.171154079332625,0.656101183256089,0.971900826446281,1,0.956786686657549,3627,"tags=41%, list=36%, signal=26%","3312/3309/3313/8086/6782/6117/51182/8480/6396/57805/9532/6119/23165/6118/7266/53371/10049/22824/7531/23636/9972/23279/5595/79902/6767/3304",0.0382416816260774
"R-HSA-3560783","Defective B4GALT7 causes EDS, progeroid type",4,-0.341115434500649,-0.655507128314259,0.863917525773196,0.989897862122565,0.94712109562964,6609,"tags=100%, list=66%, signal=34%","6385/375790/11285/2817",0.05378728077603
"R-HSA-9769735","Initiation of coagulation cascade",4,-0.341115434500649,-0.655507128314259,0.863917525773196,0.989897862122565,0.94712109562964,6609,"tags=100%, list=66%, signal=34%","6385/2157/375790/2817",0.05378728077603
"R-HSA-5250941","Negative epigenetic regulation of rRNA expression",44,0.18298753665455,0.65434288563181,0.961082910321489,1,0.956786686657549,1408,"tags=16%, list=14%, signal=14%","9014/3065/10284/5434/5435/5440/5441",0.0398406946073899
"R-HSA-198753","ERK/MAPK targets",20,0.221594261883999,0.652038209124288,0.908620689655172,0.996360754260552,0.953304704784569,1523,"tags=20%, list=15%, signal=17%","5518/9252/5519/1849",0.0432768714901103
"R-HSA-6782315","tRNA modification in the nucleus and cytosol",38,-0.177166739488331,-0.651610886786945,0.966183574879227,1,0.956786686657549,1735,"tags=21%, list=17%, signal=17%","134637/55621/8270/55253/152992/54517/80324/23536",0.0559428593065705
"R-HSA-111458","Formation of apoptosome",10,-0.253311403192807,-0.651325083578228,0.897260273972603,0.996360754260552,0.953304704784569,1105,"tags=20%, list=11%, signal=18%","5594/842",0.0567672387487446
"R-HSA-9627069","Regulation of the apoptosome activity",10,-0.253311403192807,-0.651325083578228,0.897260273972603,0.996360754260552,0.953304704784569,1105,"tags=20%, list=11%, signal=18%","5594/842",0.0567672387487446
"R-HSA-72306","tRNA processing",101,0.160801853155658,0.649794269722033,0.988505747126437,1,0.956786686657549,3458,"tags=39%, list=34%, signal=26%","3028/339487/57570/79897/8086/1478/54920/51002/10248/83480/4234/8480/51504/5901/11102/6396/81605/10978/23165/54931/10940/127253/53371/116461/60487/54482/51095/54974/9836/54802/55644/129450/23636/9972/23279/51367/24140/55006/79902",0.0371479221137289
"R-HSA-68884","Mitotic Telophase/Cytokinesis",11,-0.248702076677316,-0.648912694893718,0.891304347826087,0.996360754260552,0.953304704784569,7537,"tags=100%, list=75%, signal=25%","9126/23047/10274/23244/25836/8243/10735/5885/23383/5347/23063",0.0547939500773363
"R-HSA-176033","Interactions of Vpr with host cellular proteins",35,0.189322141179351,0.648570424974293,0.941798941798942,0.99834495412844,0.955203160801833,3458,"tags=37%, list=34%, signal=24%","8815/8086/293/8480/6396/23165/292/53371/291/23636/9972/23279/79902",0.0426733861156084
"R-HSA-190242","FGFR1 ligand binding and activation",3,0.380877403547053,0.648135296086181,0.895953757225434,0.996360754260552,0.953304704784569,1073,"tags=33%, list=11%, signal=30%","7049",0.0489954089862481
"R-HSA-9664565","Signaling by ERBB2 KD Mutants",11,0.263263367911496,0.647903042030479,0.909594095940959,0.996360754260552,0.953304704784569,2126,"tags=36%, list=21%, signal=29%","6654/11140/3320/6464",0.0463227785794633
"R-HSA-9665348","Signaling by ERBB2 ECD mutants",11,0.263263367911496,0.647903042030479,0.909594095940959,0.996360754260552,0.953304704784569,2126,"tags=36%, list=21%, signal=29%","6654/11140/3320/6464",0.0463227785794633
"R-HSA-427359","SIRT1 negatively regulates rRNA expression",8,-0.271872365918824,-0.646710942407959,0.871111111111111,0.990268655109293,0.947475865422847,3094,"tags=62%, list=31%, signal=43%","6908/23411/79101/9013/9015",0.0568864160475701
"R-HSA-5654221","Phospholipase C-mediated cascade; FGFR2",3,0.377494014365523,0.64237781630785,0.897880539499037,0.996360754260552,0.953304704784569,6243,"tags=100%, list=62%, signal=38%","27006/2252/5335",0.0488970772260102
"R-HSA-182971","EGFR downregulation",21,-0.205503816871728,-0.641541292641964,0.932558139534884,0.998101954638457,0.954970662124953,1637,"tags=19%, list=16%, signal=16%","374/10253/29924/2885",0.055826471778749
"R-HSA-170822","Regulation of Glucokinase by Glucokinase Regulatory Protein",28,-0.187431597479815,-0.639608753565565,0.948905109489051,0.99834495412844,0.955203160801833,2591,"tags=32%, list=26%, signal=24%","8021/81929/9818/4927/9631/9688/348995/10762/129401",0.0571258510018113
"R-HSA-1855170","IPs transport between nucleus and cytosol",28,-0.187431597479815,-0.639608753565565,0.948905109489051,0.99834495412844,0.955203160801833,2591,"tags=32%, list=26%, signal=24%","8021/81929/9818/4927/9631/9688/348995/10762/129401",0.0571258510018113
"R-HSA-1855196","IP3 and IP4 transport between cytosol and nucleus",28,-0.187431597479815,-0.639608753565565,0.948905109489051,0.99834495412844,0.955203160801833,2591,"tags=32%, list=26%, signal=24%","8021/81929/9818/4927/9631/9688/348995/10762/129401",0.0571258510018113
"R-HSA-1855229","IP6 and IP7 transport between cytosol and nucleus",28,-0.187431597479815,-0.639608753565565,0.948905109489051,0.99834495412844,0.955203160801833,2591,"tags=32%, list=26%, signal=24%","8021/81929/9818/4927/9631/9688/348995/10762/129401",0.0571258510018113
"R-HSA-5619107","Defective TPR may confer susceptibility towards thyroid papillary carcinoma (TPC)",28,-0.187431597479815,-0.639608753565565,0.948905109489051,0.99834495412844,0.955203160801833,2591,"tags=32%, list=26%, signal=24%","8021/81929/9818/4927/9631/9688/348995/10762/129401",0.0571258510018113
"R-HSA-2468052","Establishment of Sister Chromatid Cohesion",10,-0.248677248677249,-0.639409547841912,0.899543378995434,0.996360754260552,0.953304704784569,7537,"tags=100%, list=75%, signal=25%","9126/157570/23047/10274/23244/8243/10735/5885/114799/23063",0.0566484183613995
"R-HSA-2470946","Cohesin Loading onto Chromatin",10,-0.248677248677249,-0.639409547841912,0.899543378995434,0.996360754260552,0.953304704784569,7537,"tags=100%, list=75%, signal=25%","9126/23047/10274/23244/25836/8243/10735/5885/23383/23063",0.0566484183613995
"R-HSA-75109","Triglyceride biosynthesis",6,-0.297917025299146,-0.639266465631028,0.865509761388286,0.989897862122565,0.94712109562964,1967,"tags=33%, list=20%, signal=27%","8694/150763",0.0560595875032335
"R-HSA-162658","Golgi Cisternae Pericentriolar Stack Reorganization",12,0.247995512204514,0.63707397651075,0.908771929824561,0.996360754260552,0.953304704784569,2020,"tags=25%, list=20%, signal=20%","81876/26003/5861",0.0440640346597561
"R-HSA-400451","Free fatty acids regulate insulin secretion",6,-0.295824856843405,-0.634777117857557,0.874186550976139,0.991565876982461,0.948717030040736,2217,"tags=33%, list=22%, signal=26%","2181/2182",0.0555947097758869
"R-HSA-5686938","Regulation of TLR by endogenous ligand",2,-0.416159600997506,-0.63472558369631,0.896414342629482,0.996360754260552,0.953304704784569,5856,"tags=100%, list=58%, signal=42%","79792/3146",0.0504983044100709
"R-HSA-1963640","GRB2 events in ERBB2 signaling",5,0.320810661761397,0.63311278809145,0.906542056074766,0.996360754260552,0.953304704784569,453,"tags=20%, list=5%, signal=19%","6654",0.0470699590082662
"R-HSA-8936459","RUNX1 regulates genes involved in megakaryocyte differentiation and platelet function",29,0.195612061870608,0.632288505650687,0.945993031358885,0.99834495412844,0.955203160801833,1724,"tags=21%, list=17%, signal=17%","3276/3065/5588/84661/9757/55170",0.0419081748591401
"R-HSA-4839735","Signaling by AXIN mutants",13,0.242048126958988,0.62973865912427,0.935368043087971,0.998101954638457,0.954970662124953,1811,"tags=23%, list=18%, signal=19%","5518/5519/8312",0.0438002031299891
"R-HSA-4839744","Signaling by APC mutants",13,0.242048126958988,0.62973865912427,0.935368043087971,0.998101954638457,0.954970662124953,1811,"tags=23%, list=18%, signal=19%","5518/5519/8312",0.0438002031299891
"R-HSA-4839748","Signaling by AMER1 mutants",13,0.242048126958988,0.62973865912427,0.935368043087971,0.998101954638457,0.954970662124953,1811,"tags=23%, list=18%, signal=19%","5518/5519/8312",0.0438002031299891
"R-HSA-5467337","APC truncation mutants have impaired AXIN binding",13,0.242048126958988,0.62973865912427,0.935368043087971,0.998101954638457,0.954970662124953,1811,"tags=23%, list=18%, signal=19%","5518/5519/8312",0.0438002031299891
"R-HSA-5467340","AXIN missense mutants destabilize the destruction complex",13,0.242048126958988,0.62973865912427,0.935368043087971,0.998101954638457,0.954970662124953,1811,"tags=23%, list=18%, signal=19%","5518/5519/8312",0.0438002031299891
"R-HSA-5467348","Truncations of AMER1 destabilize the destruction complex",13,0.242048126958988,0.62973865912427,0.935368043087971,0.998101954638457,0.954970662124953,1811,"tags=23%, list=18%, signal=19%","5518/5519/8312",0.0438002031299891
"R-HSA-917729","Endosomal Sorting Complex Required For Transport (ESCRT)",29,0.194585576955878,0.62897053738942,0.949477351916376,0.99834495412844,0.955203160801833,3085,"tags=38%, list=31%, signal=26%","51160/7251/6233/79643/84313/27243/7314/79720/29082/7316/137492",0.0417397034728504
"R-HSA-549127","SLC-mediated transport of organic cations",5,-0.309419277589304,-0.627795936293653,0.877944325481799,0.993493876256189,0.950561714077724,6927,"tags=100%, list=69%, signal=31%","8170/115286/861/6563/6584",0.0547939500773363
"R-HSA-1663150","The activation of arylsulfatases",6,0.297871235336222,0.62680018617989,0.903881700554529,0.996360754260552,0.953304704784569,2849,"tags=50%, list=28%, signal=36%","411/285362/410",0.0466948041282054
"R-HSA-5619102","SLC transporter disorders",53,-0.159580761854735,-0.625624259506976,0.990430622009569,1,0.956786686657549,2591,"tags=28%, list=26%, signal=21%","8021/81929/9818/4927/9631/9187/9688/348995/10762/6584/3098/8671/5172/285195/129401",0.0543434390269162
"R-HSA-9018677","Biosynthesis of DHA-derived SPMs",6,0.297102739267651,0.625183066358585,0.903881700554529,0.996360754260552,0.953304704784569,1694,"tags=33%, list=17%, signal=28%","2948/4048",0.0466948041282054
"R-HSA-189200","Cellular hexose transport",6,-0.289884625777408,-0.622030647544964,0.891540130151844,0.996360754260552,0.953304704784569,399,"tags=17%, list=4%, signal=16%","66035",0.0546808488785442
"R-HSA-674695","RNA Polymerase II Pre-transcription Events",74,0.159663102816361,0.619797157036337,0.9888,1,0.956786686657549,2493,"tags=26%, list=25%, signal=19%","6827/2958/5434/79577/5435/5440/5436/9646/5441/6878/6883/5439/5438/7936/51497/5432/2071/22916/8178",0.0359208664409425
"R-HSA-2022928","HS-GAG biosynthesis",13,0.238141615513024,0.619575055254485,0.942549371633752,0.99834495412844,0.955203160801833,415,"tags=8%, list=4%, signal=7%","26035",0.0434506826723125
"R-HSA-6784531","tRNA processing in the nucleus",55,0.167790676124256,0.618071342155803,0.982286634460548,1,0.956786686657549,3546,"tags=38%, list=35%, signal=25%","339487/79897/8086/1478/10248/8480/5901/11102/6396/10978/23165/10940/53371/116461/51095/23636/9972/23279/51367/79902/51493",0.0365314928349125
"R-HSA-977068","Termination of O-glycan biosynthesis",8,0.270751768558552,0.617981876426454,0.902173913043478,0.996360754260552,0.953304704784569,2408,"tags=38%, list=24%, signal=29%","6480/10071/6483",0.0458620343117985
"R-HSA-442380","Zinc influx into cells by the SLC39 gene family",8,-0.259158597808411,-0.616468321285161,0.917777777777778,0.998101954638457,0.954970662124953,455,"tags=12%, list=5%, signal=12%","29985",0.0544555953940371
"R-HSA-5576886","Phase 4 - resting membrane potential",2,-0.404089775561097,-0.616316716096297,0.908366533864542,0.996360754260552,0.953304704784569,5977,"tags=100%, list=60%, signal=40%","8645/9424",0.0498907356726307
"R-HSA-5654699","SHC-mediated cascade:FGFR2",8,0.26828891003273,0.612360484029784,0.916666666666667,0.998101954638457,0.954970662124953,3251,"tags=50%, list=32%, signal=34%","6654/6464/4893/27006",0.0451344222209097
"R-HSA-5654688","SHC-mediated cascade:FGFR1",7,0.274153364896269,0.611165941009901,0.932727272727273,0.998101954638457,0.954970662124953,3251,"tags=57%, list=32%, signal=39%","6654/6464/4893/27006",0.0445070537769277
"R-HSA-5654708","Downstream signaling of activated FGFR3",12,-0.228656376419871,-0.608362301947089,0.9375,0.998101954638457,0.954970662124953,1680,"tags=25%, list=17%, signal=21%","3265/5295/2885",0.0553642837725362
"R-HSA-5654716","Downstream signaling of activated FGFR4",12,-0.228656376419871,-0.608362301947089,0.9375,0.998101954638457,0.954970662124953,1680,"tags=25%, list=17%, signal=21%","3265/5295/2885",0.0553642837725362
"R-HSA-69091","Polymerase switching",14,-0.218509404808137,-0.607580318738514,0.939051918735892,0.998101954638457,0.954970662124953,1392,"tags=21%, list=14%, signal=18%","5424/10714/5557",0.0541200569620232
"R-HSA-69109","Leading Strand Synthesis",14,-0.218509404808137,-0.607580318738514,0.939051918735892,0.998101954638457,0.954970662124953,1392,"tags=21%, list=14%, signal=18%","5424/10714/5557",0.0541200569620232
"R-HSA-5637810","Constitutive Signaling by EGFRvIII",12,0.235714374727091,0.605525046373802,0.926315789473684,0.998101954638457,0.954970662124953,2126,"tags=33%, list=21%, signal=26%","6654/11140/3320/6464",0.0431901998334182
"R-HSA-5637812","Signaling by EGFRvIII in Cancer",12,0.235714374727091,0.605525046373802,0.926315789473684,0.998101954638457,0.954970662124953,2126,"tags=33%, list=21%, signal=26%","6654/11140/3320/6464",0.0431901998334182
"R-HSA-4839743","Signaling by CTNNB1 phospho-site mutants",14,0.224432857186801,0.605180026125237,0.932021466905188,0.998101954638457,0.954970662124953,1811,"tags=21%, list=18%, signal=18%","5518/5519/8312",0.0438002031299891
"R-HSA-5339716","Signaling by GSK3beta mutants",14,0.224432857186801,0.605180026125237,0.932021466905188,0.998101954638457,0.954970662124953,1811,"tags=21%, list=18%, signal=18%","5518/5519/8312",0.0438002031299891
"R-HSA-5358747","CTNNB1 S33 mutants aren't phosphorylated",14,0.224432857186801,0.605180026125237,0.932021466905188,0.998101954638457,0.954970662124953,1811,"tags=21%, list=18%, signal=18%","5518/5519/8312",0.0438002031299891
"R-HSA-5358749","CTNNB1 S37 mutants aren't phosphorylated",14,0.224432857186801,0.605180026125237,0.932021466905188,0.998101954638457,0.954970662124953,1811,"tags=21%, list=18%, signal=18%","5518/5519/8312",0.0438002031299891
"R-HSA-5358751","CTNNB1 S45 mutants aren't phosphorylated",14,0.224432857186801,0.605180026125237,0.932021466905188,0.998101954638457,0.954970662124953,1811,"tags=21%, list=18%, signal=18%","5518/5519/8312",0.0438002031299891
"R-HSA-5358752","CTNNB1 T41 mutants aren't phosphorylated",14,0.224432857186801,0.605180026125237,0.932021466905188,0.998101954638457,0.954970662124953,1811,"tags=21%, list=18%, signal=18%","5518/5519/8312",0.0438002031299891
"R-HSA-159231","Transport of Mature mRNA Derived from an Intronless Transcript",40,0.173633546541658,0.603759075114516,0.986531986531986,1,0.956786686657549,3465,"tags=38%, list=35%, signal=25%","10189/8086/8480/6396/23165/22916/81608/53371/1977/23636/9972/4686/23279/79902/51692",0.0383995813369433
"R-HSA-168271","Transport of Ribonucleoproteins into the Host Nucleus",30,-0.174746861221203,-0.602993852496685,0.969267139479905,1,0.956786686657549,2591,"tags=30%, list=26%, signal=22%","8021/81929/9818/4927/9631/9688/348995/10762/129401",0.0547939500773363
"R-HSA-8934903","Receptor Mediated Mitophagy",11,0.244865297242587,0.602624558934096,0.939114391143911,0.998101954638457,0.954970662124953,2701,"tags=36%, list=27%, signal=27%","139341/9140/1460/9474",0.0448645113168564
"R-HSA-425410","Metal ion SLC transporters",24,0.198813737907101,0.601778140837353,0.953571428571429,0.99834495412844,0.955203160801833,1639,"tags=21%, list=16%, signal=17%","10479/805/27173/64116/801",0.0426733861156084
"R-HSA-2173791","TGF-beta receptor signaling in EMT (epithelial to mesenchymal transition)",13,-0.223884976558043,-0.600943511499197,0.923595505617978,0.998101954638457,0.954970662124953,1305,"tags=23%, list=13%, signal=20%","50848/5590/7048",0.0546808488785442
"R-HSA-4655427","SUMOylation of DNA methylation proteins",13,0.227562733212931,0.59205188769937,0.953321364452424,0.99834495412844,0.955203160801833,1924,"tags=31%, list=19%, signal=25%","7341/1911/1912/7329",0.0429311093452583
"R-HSA-211958","Miscellaneous substrates",2,-0.387331670822943,-0.590757296618593,0.928286852589641,0.998101954638457,0.954970662124953,6145,"tags=100%, list=61%, signal=39%","113612/1565",0.0488970772260102
"R-HSA-1250347","SHC1 events in ERBB4 signaling",6,0.279398418638623,0.587928473937343,0.931608133086876,0.998101954638457,0.954970662124953,2854,"tags=50%, list=28%, signal=36%","6654/6464/4893",0.0453152441270267
"R-HSA-5654719","SHC-mediated cascade:FGFR4",6,0.279398418638623,0.587928473937343,0.931608133086876,0.998101954638457,0.954970662124953,2854,"tags=50%, list=28%, signal=36%","6654/6464/4893",0.0453152441270267
"R-HSA-5654704","SHC-mediated cascade:FGFR3",6,0.279398418638623,0.587928473937343,0.931608133086876,0.998101954638457,0.954970662124953,2854,"tags=50%, list=28%, signal=36%","6654/6464/4893",0.0453152441270267
"R-HSA-8876725","Protein methylation",16,-0.201476021727215,-0.587019221636855,0.969298245614035,1,0.956786686657549,121,"tags=6%, list=1%, signal=6%","6187",0.0513223330421143
"R-HSA-159227","Transport of the SLBP independent Mature mRNA",33,0.17670010676343,0.586607212565549,0.965337954939341,1,0.956786686657549,3458,"tags=39%, list=34%, signal=26%","10189/8086/8480/6396/23165/22916/53371/1977/23636/9972/4686/23279/79902",0.0407403526717903
"R-HSA-73728","RNA Polymerase I Promoter Opening",3,-0.344074221867518,-0.585770008736949,0.917184265010352,0.998101954638457,0.954970662124953,6579,"tags=100%, list=66%, signal=34%","5595/7343/8932",0.051218434854034
"R-HSA-9917777","Epigenetic regulation by WDR5-containing histone modifying complexes",86,-0.13555343896998,-0.582343058379964,0.994832041343669,1,0.956786686657549,2914,"tags=30%, list=29%, signal=22%","23411/10025/54934/11168/1810/51105/9440/11343/55683/9442/2648/80335/22822/284058/9968/8473/259282/9611/4297/11091/26993/5925/4221/57104/84148/91272",0.0577308549299813
"R-HSA-3371556","Cellular response to heat stress",80,0.145484231594943,0.580958081060682,0.99837925445705,1,0.956786686657549,2767,"tags=26%, list=28%, signal=19%","3312/3309/3281/3313/8086/6782/6117/51182/8480/6396/57805/9532/6119/3320/23165/6118/7266/53371/2033/10049/22824",0.0360729976388226
"R-HSA-171007","p38MAPK events",13,0.222381295571174,0.578571297562809,0.960502692998205,1,0.956786686657549,1311,"tags=15%, list=13%, signal=13%","5603/5899",0.0425877779273254
"R-HSA-9825892","Regulation of MITF-M-dependent genes involved in cell cycle and proliferation",12,0.224865982387623,0.577656685430421,0.940350877192982,0.998101954638457,0.954970662124953,2070,"tags=25%, list=21%, signal=20%","3065/3094/1017",0.0425023180036553
"R-HSA-6796648","TP53 Regulates Transcription of DNA Repair Genes",57,0.153498786897404,0.576085499970647,0.996497373029772,1,0.956786686657549,2493,"tags=25%, list=25%, signal=19%","6827/5434/5435/5440/5436/5441/5395/5439/5438/7936/51497/5432/2071/8178",0.03975964750879
"R-HSA-111461","Cytochrome c-mediated apoptotic response",12,0.224137481611149,0.575785244764283,0.940350877192982,0.998101954638457,0.954970662124953,1045,"tags=17%, list=10%, signal=15%","840/51074",0.0425023180036553
"R-HSA-5357956","TNFR1-induced NF-kappa-B signaling pathway",30,-0.166328977666727,-0.573946509391869,0.981087470449173,1,0.956786686657549,1772,"tags=17%, list=18%, signal=14%","7132/8517/7186/8717/81858",0.0542315935495841
"R-HSA-4085377","SUMOylation of SUMOylation proteins",33,0.172868552726056,0.57388725854386,0.974003466204506,1,0.956786686657549,2150,"tags=21%, list=21%, signal=17%","7341/6613/8086/8480/6396/7329/23165",0.0403295396423143
"R-HSA-9940465","ChAHP complex assembly",5,0.289759350420142,0.571833707810201,0.928971962616822,0.998101954638457,0.954970662124953,2495,"tags=40%, list=25%, signal=30%","1108/22850",0.0459538081039063
"R-HSA-5654696","Downstream signaling of activated FGFR2",14,-0.205437430854503,-0.571232802675009,0.952595936794582,0.99834495412844,0.955203160801833,1680,"tags=21%, list=17%, signal=18%","3265/5295/2885",0.053457214108991
"R-HSA-8849932","Synaptic adhesion-like molecules",8,0.250185323431109,0.571039651749794,0.940217391304348,0.998101954638457,0.954970662124953,802,"tags=12%, list=8%, signal=12%","10313",0.0439759278026345
"R-HSA-5334118","DNA methylation",2,0.378952618453865,0.570335532218611,0.954,0.99834495412844,0.955203160801833,6228,"tags=100%, list=62%, signal=38%","1788/1786",0.0478299633114229
"R-HSA-5685939","HDR through MMEJ (alt-NHEJ)",10,-0.221478694351622,-0.569475464946077,0.938356164383562,0.998101954638457,0.954970662124953,2750,"tags=40%, list=27%, signal=29%","5932/3980/4683/5893",0.0546808488785442
"R-HSA-1855167","Synthesis of pyrophosphates in the cytosol",7,0.254963677564682,0.56838666190044,0.949090909090909,0.99834495412844,0.955203160801833,901,"tags=14%, list=9%, signal=13%","23262",0.0437125833579551
"R-HSA-5654219","Phospholipase C-mediated cascade: FGFR1",2,0.377456359102244,0.56808361513957,0.954,0.99834495412844,0.955203160801833,6243,"tags=100%, list=62%, signal=38%","27006/5335",0.0478299633114229
"R-HSA-6807004","Negative regulation of MET activity",17,-0.197024924369703,-0.567631961227774,0.972850678733032,1,0.956786686657549,3566,"tags=41%, list=36%, signal=27%","8027/26018/5771/9101/867/5770/2885",0.0525898950623616
"R-HSA-4420332","Defective B3GALT6 causes EDSP2 and SEMDJL1",4,-0.295021450663474,-0.566930265699112,0.934020618556701,0.998101954638457,0.954970662124953,7071,"tags=100%, list=71%, signal=29%","126792/6385/375790/2817",0.0501934252649434
"R-HSA-72202","Transport of Mature Transcript to Cytoplasm",79,-0.134774589607582,-0.565900373212233,0.997429305912596,1,0.956786686657549,3144,"tags=37%, list=31%, signal=25%","84248/2733/10250/7919/55706/51362/55339/84271/26097/8021/81929/9818/4927/9631/9688/348995/22794/6432/8683/10762/9877/6429/6431/9785/84321/6427/7884/9775/129401",0.0573667426768556
"R-HSA-75876","Synthesis of very long-chain fatty acyl-CoAs",15,0.208438512988935,0.56319977164368,0.978984238178634,1,0.956786686657549,1120,"tags=13%, list=11%, signal=12%","64834/9524",0.0405756447890657
"R-HSA-8953750","Transcriptional Regulation by E2F6",31,0.172740606051721,0.562590235345086,0.985865724381625,1,0.956786686657549,2603,"tags=26%, list=26%, signal=19%","1911/8409/1869/5931/4149/8317/5928/10138",0.0406579344155557
"R-HSA-9022692","Regulation of MECP2 expression and activity",29,0.174003080483343,0.562440509472286,0.982578397212544,1,0.956786686657549,2329,"tags=24%, list=23%, signal=19%","3065/9612/805/5566/801/3930/3066",0.0401660980049421
"R-HSA-1483191","Synthesis of PC",18,0.193996964701104,0.562098663176783,0.976058931860037,1,0.956786686657549,3256,"tags=44%, list=32%, signal=30%","58488/10400/23175/1460/10809/57153/23446/9663",0.0430173196927508
"R-HSA-156711","Polo-like kinase mediated events",10,0.225783409967947,0.558364660882417,0.959219858156028,1,0.956786686657549,3333,"tags=40%, list=33%, signal=27%","132660/5928/2033/91750",0.042077210988939
"R-HSA-8868766","rRNA processing in the mitochondrion",13,0.21448851521862,0.558036584163347,0.969479353680431,1,0.956786686657549,273,"tags=8%, list=3%, signal=7%","3028",0.0421619430092452
"R-HSA-5654687","Downstream signaling of activated FGFR1",13,-0.207898167504443,-0.558032328631835,0.948314606741573,0.99834495412844,0.955203160801833,1680,"tags=23%, list=17%, signal=19%","3265/5295/2885",0.053457214108991
"R-HSA-5654706","FRS-mediated FGFR3 signaling",8,0.244232917703273,0.557453484314865,0.952898550724638,0.99834495412844,0.955203160801833,453,"tags=12%, list=5%, signal=12%","6654",0.0433636987883266
"R-HSA-5654712","FRS-mediated FGFR4 signaling",8,0.244232917703273,0.557453484314865,0.952898550724638,0.99834495412844,0.955203160801833,453,"tags=12%, list=5%, signal=12%","6654",0.0433636987883266
"R-HSA-9028731","Activated NTRK2 signals through FRS2 and FRS3",8,0.244232917703273,0.557453484314865,0.952898550724638,0.99834495412844,0.955203160801833,453,"tags=12%, list=5%, signal=12%","6654",0.0433636987883266
"R-HSA-9832991","Formation of the posterior neural plate",2,0.368369318299091,0.554407334780553,0.962,1,0.956786686657549,2686,"tags=50%, list=27%, signal=37%","9839",0.0474483193656297
"R-HSA-9701192","Defective homologous recombination repair (HRR) due to BRCA1 loss of function",20,-0.180053523459303,-0.552057263460964,0.988151658767773,1,0.956786686657549,1200,"tags=15%, list=12%, signal=13%","5890/472/7156",0.0540088272801684
"R-HSA-9701193","Defective homologous recombination repair (HRR) due to PALB2 loss of function",20,-0.180053523459303,-0.552057263460964,0.988151658767773,1,0.956786686657549,1200,"tags=15%, list=12%, signal=13%","5890/472/7156",0.0540088272801684
"R-HSA-9704331","Defective HDR through Homologous Recombination Repair (HRR) due to PALB2 loss of BRCA1 binding function",20,-0.180053523459303,-0.552057263460964,0.988151658767773,1,0.956786686657549,1200,"tags=15%, list=12%, signal=13%","5890/472/7156",0.0540088272801684
"R-HSA-9704646","Defective HDR through Homologous Recombination Repair (HRR) due to PALB2 loss of BRCA2/RAD51/RAD51C binding function",20,-0.180053523459303,-0.552057263460964,0.988151658767773,1,0.956786686657549,1200,"tags=15%, list=12%, signal=13%","5890/472/7156",0.0540088272801684
"R-HSA-9709603","Impaired BRCA2 binding to PALB2",20,-0.180053523459303,-0.552057263460964,0.988151658767773,1,0.956786686657549,1200,"tags=15%, list=12%, signal=13%","5890/472/7156",0.0540088272801684
"R-HSA-4570464","SUMOylation of RNA binding proteins",43,0.155073151690303,0.54936912354002,0.99492385786802,1,0.956786686657549,3316,"tags=37%, list=33%, signal=25%","7341/6613/8086/1911/8480/1912/6396/7329/23165/53371/57332/3190/23636/9972/51602/23279",0.0382416816260774
"R-HSA-442742","CREB1 phosphorylation through NMDA receptor-mediated activation of RAS signaling",17,0.19431359706621,0.548404458303479,0.975,1,0.956786686657549,1639,"tags=18%, list=16%, signal=15%","805/5924/801",0.0416556773979467
"R-HSA-5654700","FRS-mediated FGFR2 signaling",10,0.220602208340011,0.545551496751552,0.962765957446808,1,0.956786686657549,453,"tags=10%, list=5%, signal=10%","6654",0.0419081748591401
"R-HSA-180746","Nuclear import of Rev protein",32,-0.155804486625652,-0.544319348911344,0.993362831858407,1,0.956786686657549,2591,"tags=31%, list=26%, signal=23%","8021/81929/9818/4927/9631/9688/348995/1104/10762/129401",0.0506004243853618
"R-HSA-159230","Transport of the SLBP Dependant Mature mRNA",34,-0.155363935778583,-0.542753624015216,0.993243243243243,1,0.956786686657549,2591,"tags=29%, list=26%, signal=22%","8021/81929/9818/4927/9631/9688/348995/10762/7884/129401",0.0514264916187015
"R-HSA-4791275","Signaling by WNT in cancer",20,0.18429664016898,0.542290446430021,0.968965517241379,1,0.956786686657549,1811,"tags=20%, list=18%, signal=16%","5518/5519/54894/8312",0.0403295396423143
"R-HSA-196299","Beta-catenin phosphorylation cascade",16,0.195558747444826,0.542238963269394,0.972527472527473,1,0.956786686657549,1811,"tags=19%, list=18%, signal=15%","5518/5519/8312",0.0429311093452583
"R-HSA-9843970","Regulation of endogenous retroelements by the Human Silencing Hub (HUSH) complex",9,-0.227656802662721,-0.54162367269813,0.941908713692946,0.99834495412844,0.955203160801833,1528,"tags=22%, list=15%, signal=19%","55596/55729",0.0500922874402106
"R-HSA-159236","Transport of Mature mRNA derived from an Intron-Containing Transcript",70,0.140633146361205,0.541058908370404,0.995098039215686,1,0.956786686657549,3459,"tags=37%, list=34%, signal=25%","79228/10189/8086/80145/10921/4116/8480/55110/6396/84324/10569/7307/23165/65109/22916/9939/53371/8563/10212/23636/9972/4686/6426/23279/79902/6428",0.0366082221336689
"R-HSA-68616","Assembly of the ORC complex at the origin of replication",8,-0.227067578160593,-0.540132451366447,0.962222222222222,1,0.956786686657549,3166,"tags=38%, list=32%, signal=26%","4999/23633/23594",0.0522693317499306
"R-HSA-5693537","Resolution of D-Loop Structures",29,-0.157793706920633,-0.539289822205683,0.992990654205608,1,0.956786686657549,2791,"tags=28%, list=28%, signal=20%","84464/5932/116028/23514/4683/5890/472/7156",0.0531298054705469
"R-HSA-5693568","Resolution of D-loop Structures through Holliday Junction Intermediates",29,-0.157793706920633,-0.539289822205683,0.992990654205608,1,0.956786686657549,2791,"tags=28%, list=28%, signal=20%","84464/5932/116028/23514/4683/5890/472/7156",0.0531298054705469
"R-HSA-9840309","Glycosphingolipid biosynthesis",8,0.235395027015546,0.537281293751048,0.963768115942029,1,0.956786686657549,2408,"tags=38%, list=24%, signal=29%","9334/64781/6483",0.042845050912155
"R-HSA-6804756","Regulation of TP53 Activity through Phosphorylation",81,0.13312918455382,0.536206568425121,1,1,0.956786686657549,3280,"tags=33%, list=33%, signal=23%","5564/10524/5810/6117/7486/6233/5571/6878/5982/6883/5984/7314/6119/580/1017/6118/1020/3364/1460/22974/7316/1111/5565/8148/10111/83695/5300",0.037770500132479
"R-HSA-5693554","Resolution of D-loop Structures through Synthesis-Dependent Strand Annealing (SDSA)",21,-0.170819659476505,-0.533264378333274,0.995348837209302,1,0.956786686657549,1200,"tags=14%, list=12%, signal=13%","5890/472/7156",0.052805004567129
"R-HSA-5654693","FRS-mediated FGFR1 signaling",9,0.223041940645301,0.531726767384042,0.953846153846154,0.99834495412844,0.955203160801833,453,"tags=11%, list=5%, signal=11%","6654",0.0460457683018055
"R-HSA-6811438","Intra-Golgi traffic",40,0.152806124951219,0.531337903935786,0.996632996632997,1,0.956786686657549,2026,"tags=18%, list=20%, signal=14%","1523/375/8775/25839/11311/9950/9570",0.0379271467108098
"R-HSA-8851805","MET activates RAS signaling",8,0.231493884545064,0.528377066247936,0.963768115942029,1,0.956786686657549,3197,"tags=50%, list=32%, signal=34%","6654/6464/4893/57610",0.042845050912155
"R-HSA-1971475","Glycosaminoglycan-protein linkage region biosynthesis",12,-0.197483668350395,-0.525424311168089,0.979166666666667,1,0.956786686657549,2435,"tags=25%, list=24%, signal=19%","64131/2817/26229",0.053347785067549
"R-HSA-9754560","SARS-CoV-2 modulates autophagy",11,-0.199589526544667,-0.520768379874465,0.980434782608696,1,0.956786686657549,2034,"tags=27%, list=20%, signal=22%","55823/7405/81631",0.0503964322442957
"R-HSA-2142789","Ubiquinol biosynthesis",10,-0.201373818194342,-0.517780949900882,0.97716894977169,1,0.956786686657549,2426,"tags=30%, list=24%, signal=23%","10229/56910/23590",0.052805004567129
"R-HSA-168276","NS1 Mediated Effects on Host Pathways",40,0.145899603699463,0.507322528069358,1,1,0.956786686657549,3545,"tags=32%, list=35%, signal=21%","2633/8086/8480/6396/23165/9636/53371/3838/23636/9972/23279/79902/3837",0.037770500132479
"R-HSA-180910","Vpr-mediated nuclear import of PICs",32,-0.145185320696685,-0.507220176675534,0.997787610619469,1,0.956786686657549,2928,"tags=34%, list=29%, signal=24%","55706/11168/8021/81929/9818/4927/9631/9688/348995/10762/129401",0.0503964322442957
"R-HSA-2562578","TRIF-mediated programmed cell death",5,0.25409849478804,0.501457793209959,0.970093457943925,1,0.956786686657549,2392,"tags=40%, list=24%, signal=30%","11035/148022",0.0439759278026345
"R-HSA-9937008","Mitochondrial mRNA modification",10,0.199327569062906,0.492939098227485,0.984042553191489,1,0.956786686657549,3883,"tags=50%, list=39%, signal=31%","81892/51001/26995/55006/10128",0.0409055783172035
"R-HSA-159234","Transport of Mature mRNAs Derived from Intronless Transcripts",41,0.140965362699828,0.490785673615114,0.998290598290598,1,0.956786686657549,3465,"tags=37%, list=35%, signal=24%","10189/8086/8480/6396/23165/22916/81608/53371/1977/23636/9972/4686/23279/79902/51692",0.0385579101998489
"R-HSA-4641262","Disassembly of the destruction complex and recruitment of AXIN to the membrane",20,-0.159121655519839,-0.487878626399197,0.992890995260663,1,0.956786686657549,3553,"tags=45%, list=35%, signal=29%","5525/1499/324/1855/5526/1856/2932/5527/5515",0.05378728077603
"R-HSA-5223345","Miscellaneous transport and binding events",15,0.180192906840396,0.486880291598077,0.998248686514886,1,0.956786686657549,2978,"tags=33%, list=30%, signal=23%","55144/118/120/84061/57185",0.0396787203613389
"R-HSA-8875360","InlB-mediated entry of Listeria monocytogenes into host cell",12,-0.176955231914814,-0.47080642978265,0.99537037037037,1,0.956786686657549,681,"tags=8%, list=7%, signal=8%","2885",0.0525898950623616
"R-HSA-1483249","Inositol phosphate metabolism",63,-0.115645453687007,-0.467544367138061,1,1,0.956786686657549,3108,"tags=33%, list=31%, signal=23%","3633/3631/51477/55706/66036/5336/9807/5333/3612/8021/81929/9677/9818/4927/9631/9688/3705/348995/10762/3628/129401",0.0550211117163117
"R-HSA-8877330","RUNX1 and FOXP3 control the development of regulatory T lymphocytes (Tregs)",8,0.199794483387106,0.456024240951604,0.983695652173913,1,0.956786686657549,3291,"tags=38%, list=33%, signal=25%","3558/1493/4773",0.0419081748591401
"R-HSA-5578768","Physiological factors",4,0.246034121520503,0.454636642794362,0.990328820116054,1,0.956786686657549,7561,"tags=100%, list=75%, signal=25%","8850/28996/25937/204851",0.0445961615888961
"R-HSA-9796292","Formation of axial mesoderm",5,0.229894232688086,0.453691214076766,0.992523364485981,1,0.956786686657549,7723,"tags=100%, list=77%, signal=23%","4087/51176/6932/1499/4088",0.0429311093452583
"R-HSA-2453864","Retinoid cycle disease events",2,-0.271920199501247,-0.414732008906074,0.99800796812749,1,0.956786686657549,7302,"tags=100%, list=73%, signal=27%","222236/5959",0.0455878202571231
"R-HSA-2474795","Diseases associated with visual transduction",2,-0.271920199501247,-0.414732008906074,0.99800796812749,1,0.956786686657549,7302,"tags=100%, list=73%, signal=27%","222236/5959",0.0455878202571231
"R-HSA-9675143","Diseases of the neuronal system",2,-0.271920199501247,-0.414732008906074,0.99800796812749,1,0.956786686657549,7302,"tags=100%, list=73%, signal=27%","222236/5959",0.0455878202571231
"R-HSA-174403","Glutathione synthesis and recycling",8,0.175247902193275,0.399997488525284,0.998188405797101,1,0.956786686657549,2353,"tags=25%, list=23%, signal=19%","494143/79017",0.0412376090540065
"R-HSA-6804760","Regulation of TP53 Activity through Methylation",14,-0.142651645934497,-0.396652641022742,0.99548532731377,1,0.956786686657549,3350,"tags=43%, list=33%, signal=29%","10919/11200/4194/10419/4193/472",0.0514264916187015
NA,NA,NA,NA,NA,NA,NA,NA,NA,NA,NA,NA
NA,NA,NA,NA,NA,NA,NA,NA,NA,NA,NA,NA
NA,NA,NA,NA,NA,NA,NA,NA,NA,NA,NA,NA
NA,NA,NA,NA,NA,NA,NA,NA,NA,NA,NA,NA
NA,NA,NA,NA,NA,NA,NA,NA,NA,NA,NA,NA
NA,NA,NA,NA,NA,NA,NA,NA,NA,NA,NA,NA
NA,NA,NA,NA,NA,NA,NA,NA,NA,NA,NA,NA
NA,NA,NA,NA,NA,NA,NA,NA,NA,NA,NA,NA
NA,NA,NA,NA,NA,NA,NA,NA,NA,NA,NA,NA
NA,NA,NA,NA,NA,NA,NA,NA,NA,NA,NA,NA
NA,NA,NA,NA,NA,NA,NA,NA,NA,NA,NA,NA
NA,NA,NA,NA,NA,NA,NA,NA,NA,NA,NA,NA
NA,NA,NA,NA,NA,NA,NA,NA,NA,NA,NA,NA
