"ID","Description","setSize","enrichmentScore","NES","pvalue","p.adjust","qvalue","rank","leading_edge","core_enrichment","log2err"
"R-HSA-68877","Mitotic Prometaphase",124,-0.54338765555668,-2.49810635627911,1e-10,1.629e-07,1.629e-07,678,"tags=38%, list=16%, signal=33%","10383/9738/23047/11004/10592/54820/5515/55143/5525/57405/84131/22995/113130/3796/55055/7514/5501/55166/5116/23244/79003/64151/57122/5108/54908/9662/440145/10403/10426/891/9702/9212/10274/5527/332/4928/5885/1069/991/11064/653784/9918/80097/1062/10051/699/1063",NA
"R-HSA-2500257","Resolution of Sister Chromatid Cohesion",75,-0.582049065636517,-2.39715074484809,5.71000427966655e-09,4.65079848578841e-06,4.65079848578841e-06,1005,"tags=49%, list=23%, signal=39%","5903/9126/140735/983/64946/5347/147841/10383/23047/11004/54820/5515/55143/5525/57405/113130/3796/55055/7514/5501/55166/23244/79003/57122/54908/10403/891/9212/10274/5527/332/4928/5885/991/1062/699/1063",0.761460801445585
"R-HSA-141424","Amplification of signal from the kinetochores",59,-0.581065782134082,-2.32756043958469,1.16889281713278e-07,4.76031599777326e-05,4.76031599777326e-05,641,"tags=39%, list=15%, signal=34%","11004/54820/5515/55143/5525/57405/3796/55055/7514/5501/55166/79003/57122/54908/10403/9212/5527/332/4928/991/1062/699/1063",0.704975715167238
"R-HSA-141444","Amplification  of signal from unattached  kinetochores via a MAD2  inhibitory signal",59,-0.581065782134082,-2.32756043958469,1.16889281713278e-07,4.76031599777326e-05,4.76031599777326e-05,641,"tags=39%, list=15%, signal=34%","11004/54820/5515/55143/5525/57405/3796/55055/7514/5501/55166/79003/57122/54908/10403/9212/5527/332/4928/991/1062/699/1063",0.704975715167238
"R-HSA-9648025","EML4 and NUDC in mitotic spindle formation",65,-0.558838224503151,-2.25005039159644,1.84057992040095e-07,5.99660938066631e-05,5.99660938066631e-05,854,"tags=42%, list=20%, signal=34%","64946/5347/147841/10383/11004/54820/5515/55143/5525/57405/3796/55055/7514/5501/55166/79003/57122/54908/10403/9212/5527/332/4928/991/1062/699/1063",0.690132458796796
"R-HSA-69618","Mitotic Spindle Checkpoint",70,-0.534209985079598,-2.15902529374259,4.68063040387062e-07,0.000108924956112932,0.000108924956112932,641,"tags=37%, list=15%, signal=32%","11004/54820/5515/55143/5525/57405/3796/55055/7514/5501/55166/79003/7324/57122/54908/10403/27338/9212/5527/332/4928/11065/991/1062/699/1063",0.674962860011025
"R-HSA-8978868","Fatty acid metabolism",37,0.580654923659831,2.09805879356573,4.27959675412256e-05,0.00697146311246564,0.00697146311246564,554,"tags=32%, list=13%, signal=29%","10449/201562/9524/873/241/5538/91452/4048/1892/4706/34/51703",0.557332238758646
"R-HSA-983189","Kinesins",17,-0.707688902436616,-2.08483110630843,0.000151113044644142,0.0223784681568461,0.0223784681568461,678,"tags=53%, list=16%, signal=45%","10383/11004/3799/56992/3796/29127/3832/9585/1062",0.518848077743792
"R-HSA-5663220","RHO GTPases Activate Formins",77,-0.493247242416894,-2.06882933966038,1.30282560501107e-05,0.00258296704079822,0.00258296704079822,678,"tags=34%, list=16%, signal=29%","10383/11004/752/54820/5515/55143/5525/57405/3796/55055/7514/5501/55166/79003/57122/54908/5879/10403/9212/5527/332/4928/991/1062/699/1063",0.593325476396405
"R-HSA-3299685","Detoxification of Reactive Oxygen Species",21,0.653924500843027,2.02131557254945,0.000203006434656791,0.0269238361241924,0.0269238361241924,1018,"tags=57%, list=24%, signal=44%","4689/847/25828/7001/7295/2950/5052/25824/10935/54205/653361/9973",0.518848077743792
"R-HSA-2299718","Condensation of Prophase Chromosomes",11,-0.768471585544562,-2.01798445193011,0.000492190961746833,0.0406601608347581,0.0406601608347581,940,"tags=73%, list=22%, signal=57%","983/23310/5347/10592/387893/891/54892/10051",0.477270815362862
"R-HSA-1236978","Cross-presentation of soluble exogenous antigens (endosomes)",36,0.55228014534726,2.01623194370474,0.00067851092720733,0.0442117720168296,0.0442117720168296,1511,"tags=75%, list=35%, signal=49%","5689/5699/5721/5719/5688/5684/5707/5683/5691/5704/5709/5720/5701/10213/5685/5714/5687/11047/5698/5696/5690/5700/9861/5686/5702/5692/5694",0.477270815362862
"R-HSA-5676594","TNF receptor superfamily (TNFSF) members mediating non-canonical NF-kB pathway",7,0.861742184811555,1.92452399310532,0.000237972816369147,0.0269238361241924,0.0269238361241924,145,"tags=57%, list=3%, signal=55%","10673/8740/959/4050",0.518848077743792
"R-HSA-9793380","Formation of paraxial mesoderm",36,0.525577116133489,1.9187460917362,0.00204213582911438,0.0852984427083929,0.0852984427083929,1511,"tags=69%, list=35%, signal=46%","5689/5719/5688/5684/5707/5683/5691/5704/5709/2033/1499/5701/10213/5685/5714/5687/11047/22938/5690/5700/9861/5686/5702/5692/5694",0.431707695803346
"R-HSA-114608","Platelet degranulation",39,0.53472420369461,1.91821107176919,0.00023577998310404,0.0269238361241924,0.0269238361241924,678,"tags=41%, list=16%, signal=35%","3920/7076/10487/6813/226/1072/81/10490/967/51368/8407/1521/29789/7114/83706/7873",0.518848077743792
"R-HSA-68886","M Phase",230,-0.38486746550683,-1.91065800378454,3.67737066493138e-07,9.9840613552887e-05,9.9840613552887e-05,678,"tags=27%, list=16%, signal=24%","10383/9738/23047/11004/10592/54820/5515/55143/5525/57405/26271/84131/22995/84930/10762/113130/3796/55055/7514/5501/5579/55166/5116/23244/79003/7324/9232/64151/4001/57122/5108/387893/54908/9662/440145/10403/10426/27338/891/9702/9212/10274/5527/5862/332/4928/9818/5885/1069/11065/991/11064/653784/9918/80097/7112/54892/1062/10051/699/1063",0.674962860011025
"R-HSA-9907900","Proteasome assembly",46,0.499861715641332,1.90646893824919,0.000247917459707112,0.0269238361241924,0.0269238361241924,1511,"tags=67%, list=35%, signal=44%","5689/5699/5721/5719/51371/5688/5684/5707/5710/5683/5691/5704/5709/5720/5701/10213/23198/5685/5714/5687/11047/5698/5696/5690/5700/10197/9861/5686/5702/5692/5694",0.49849310876659
"R-HSA-76005","Response to elevated platelet cytosolic Ca2+",43,0.513906756382079,1.90201045468794,0.000323524625362347,0.032938850919704,0.032938850919704,678,"tags=40%, list=16%, signal=34%","3920/7076/10487/6813/6810/226/1072/81/10490/967/51368/8407/1521/29789/7114/83706/7873",0.49849310876659
"R-HSA-69273","Cyclin A/B1/B2 associated events during G2/M transition",17,-0.644006976786921,-1.89722598907827,0.0020226882518244,0.0852984427083929,0.0852984427083929,947,"tags=59%, list=22%, signal=46%","902/983/5347/5515/9088/7514/55320/891/890/994",0.431707695803346
"R-HSA-9912633","Antigen processing: Ub, ATP-independent proteasomal degradation",19,0.614986533228472,1.88546452967279,0.00152488361399421,0.0709724402056163,0.0709724402056163,1511,"tags=84%, list=35%, signal=55%","5689/5699/5721/5688/5684/5683/5691/5720/5685/5687/5698/5696/5690/5686/5692/5694",0.45505986738723
"R-HSA-156590","Glutathione conjugation",11,0.72523148060037,1.88045162866479,0.00193935182799998,0.0852984427083929,0.0852984427083929,654,"tags=73%, list=15%, signal=62%","2948/79017/4259/373156/2937/9446/2950/2730",0.45505986738723
"R-HSA-163125","Post-translational modification: synthesis of GPI-anchored proteins",12,0.693169876999136,1.86376922372113,0.00259689251081409,0.102541256950593,0.102541256950593,494,"tags=50%, list=11%, signal=44%","51604/4061/1043/51227/8818/8813",0.431707695803346
"R-HSA-156580","Phase II - Conjugation of compounds",21,0.600160026384128,1.85512670925772,0.00122342442255165,0.0654361986408242,0.0654361986408242,1207,"tags=67%, list=28%, signal=48%","2948/79017/4259/373156/2937/9446/2950/1312/8459/2730/84836/55748/191/2098",0.45505986738723
"R-HSA-9768727","Regulation of CDH1 posttranslational processing and trafficking to plasma membrane",22,0.580580224470033,1.83934028155272,0.00329744001266757,0.116772386535554,0.116772386535554,1083,"tags=64%, list=25%, signal=48%","5045/1650/3703/1603/9159/58505/9789/6184/1499/821/6185/100128731/90701/1460",0.431707695803346
"R-HSA-211859","Biological oxidations",32,0.520826587153318,1.82626716189012,0.00264378931364327,0.102541256950593,0.102541256950593,1207,"tags=53%, list=28%, signal=39%","2948/79017/4259/373156/2937/9446/3326/2950/1312/8459/2730/128/9049/84836/55748/191/2098",0.431707695803346
"R-HSA-9824272","Somitogenesis",33,0.523172630495009,1.80417879334012,0.00197406531315447,0.0852984427083929,0.0852984427083929,1511,"tags=70%, list=35%, signal=46%","5689/5719/5688/5684/5707/5683/5691/5704/5709/1499/5701/10213/5685/5714/5687/11047/5690/5700/9861/5686/5702/5692/5694",0.431707695803346
"R-HSA-9694548","Maturation of spike protein",23,0.561970665265716,1.80377589123269,0.00420199789137417,0.131635664712472,0.131635664712472,1197,"tags=57%, list=28%, signal=41%","1650/51304/3703/1603/58505/6184/821/6185/100128731/11320/2530/55741/51125",0.407017918923954
"R-HSA-9909615","Regulation of PD-L1(CD274) Post-translational modification",65,0.433263330098556,1.78506591574064,0.00131161693727318,0.0667694997130627,0.0667694997130627,1083,"tags=43%, list=25%, signal=33%","1650/5689/5719/3703/5688/1603/5684/5564/58505/5707/5562/5683/5691/5704/10987/5709/6184/6185/5701/10213/5685/9978/100128731/1019/5714/5687/11047/1460",0.45505986738723
"R-HSA-75035","Chk1/Chk2(Cds1) mediated inactivation of Cyclin B:Cdk1 complex",10,-0.709678510732826,-1.78043505915104,0.00311164190207889,0.115201469511057,0.115201469511057,304,"tags=40%, list=7%, signal=37%","10971/891/890/7533",0.431707695803346
"R-HSA-9614085","FOXO-mediated transcription",24,-0.538872704751807,-1.77891112744439,0.00684318891371167,0.168902344552065,0.168902344552065,304,"tags=29%, list=7%, signal=27%","10971/208/1027/2908/10370/10628/694",0.407017918923954
"R-HSA-9013148","CDC42 GTPase cycle",54,-0.456224192005065,-1.77728320958444,0.00119370296553425,0.0654361986408242,0.0654361986408242,797,"tags=33%, list=18%, signal=28%","51291/3930/116984/117289/752/5295/5062/84364/89846/81704/64333/29127/50619/23048/10928/89839/7112/9901",0.45505986738723
"R-HSA-68875","Mitotic Prophase",51,-0.46076618172856,-1.77405434149479,0.00152408644489453,0.0709724402056163,0.0709724402056163,940,"tags=39%, list=22%, signal=31%","983/23310/5594/5347/2010/10592/5515/84930/10762/5579/4001/57122/387893/891/5862/4928/9818/7112/54892/10051",0.45505986738723
"R-HSA-5675221","Negative regulation of MAPK pathway",23,-0.560888163114858,-1.76343883408338,0.0049212507791159,0.138219267572065,0.138219267572065,897,"tags=43%, list=21%, signal=35%","5594/7314/5894/5515/5604/5525/4140/5527/1843/1844",0.407017918923954
"R-HSA-2468052","Establishment of Sister Chromatid Cohesion",10,-0.700520527282087,-1.75745959271063,0.0040518359085821,0.129420405785887,0.129420405785887,667,"tags=60%, list=15%, signal=51%","23047/157570/113130/23244/10274/5885",0.407017918923954
"R-HSA-381426","Regulation of Insulin-like Growth Factor (IGF) transport and uptake by Insulin-like Growth Factor Binding Proteins (IGFBPs)",15,0.61294112512991,1.7502504838459,0.00757093690458839,0.178739945182239,0.178739945182239,518,"tags=33%, list=12%, signal=29%","3956/2999/7076/5611/51246",0.407017918923954
"R-HSA-6798695","Neutrophil degranulation",214,0.35498854732359,1.72849230476088,1.42705361370067e-05,0.00258296704079822,0.00258296704079822,1149,"tags=40%, list=27%, signal=31%","7305/3689/2207/3920/10549/3043/353/2992/3958/6282/1512/5269/1650/5689/847/201294/3163/10487/5719/4718/5036/302/1476/226/326624/3615/11010/1778/4048/3326/55832/2512/5799/967/5611/5707/51382/5315/2950/5683/374395/965/1265/6993/5663/427/5709/3320/10576/6836/51411/258010/54918/23412/5701/10213/2683/26578/5878/5236/8673/9961/23071/51646/28988/54509/1075/5906/29108/2547/6515/55860/175/3683/5476/1509/1460/374403/1520/2665/7879/5777/327/10855/8560",0.593325476396405
"R-HSA-1237044","Erythrocytes take up carbon dioxide and release oxygen",4,0.92058437257277,1.72786811496598,0.00124525608217652,0.0654361986408242,0.0654361986408242,313,"tags=75%, list=7%, signal=70%","3043/3039/3040",0.45505986738723
"R-HSA-1480926","O2/CO2 exchange in erythrocytes",4,0.92058437257277,1.72786811496598,0.00124525608217652,0.0654361986408242,0.0654361986408242,313,"tags=75%, list=7%, signal=70%","3043/3039/3040",0.45505986738723
"R-HSA-9764561","Regulation of CDH1 Function",45,0.450314038468848,1.72633683570655,0.00444676698933892,0.131705153193329,0.131705153193329,1511,"tags=62%, list=35%, signal=41%","5689/5719/60/5688/5684/79872/5707/5683/5691/5704/5709/1499/4193/5701/10213/5685/5714/5687/11047/1520/5690/71/5700/9861/5686/5702/5692/5694",0.407017918923954
"R-HSA-2142753","Arachidonate metabolism",8,0.709152443077154,1.72577672924005,0.0149846003839322,0.245540814518969,0.245540814518969,321,"tags=38%, list=7%, signal=35%","873/241/4048",0.380730400722792
"R-HSA-75815","Ubiquitin-dependent degradation of Cyclin D",36,0.471890256526708,1.72274925533296,0.0140460222690755,0.237125216466719,0.237125216466719,1511,"tags=64%, list=35%, signal=42%","5689/5719/5688/5684/5707/5683/5691/5704/5709/5701/10213/5685/1019/5714/5687/11047/5690/5700/9861/5686/5702/5692/5694",0.380730400722792
"R-HSA-2559585","Oncogene Induced Senescence",21,-0.540301029760146,-1.72229872450878,0.0114481182804072,0.221094874307267,0.221094874307267,897,"tags=43%, list=21%, signal=34%","5594/7314/7027/23112/1869/1032/1031/1029/2113",0.380730400722792
"R-HSA-68884","Mitotic Telophase/Cytokinesis",10,-0.686227559103354,-1.72160152281012,0.00586787082649586,0.154173573812286,0.154173573812286,975,"tags=70%, list=23%, signal=54%","9126/25836/5347/23047/23244/10274/5885",0.407017918923954
"R-HSA-171319","Telomere Extension By Telomerase",15,-0.597926247017489,-1.72089996697481,0.0108629092651949,0.220014558201881,0.220014558201881,106,"tags=27%, list=2%, signal=26%","890/54386/23243/80119",0.380730400722792
"R-HSA-1221632","Meiotic synapsis",15,-0.596901021339533,-1.71794925048738,0.011536564957715,0.221094874307267,0.221094874307267,277,"tags=33%, list=6%, signal=31%","4001/10274/25777/5885/54386",0.380730400722792
"R-HSA-2514853","Condensation of Prometaphase Chromosomes",10,-0.683190574983182,-1.71398236438858,0.006309056099122,0.160585193522965,0.160585193522965,1066,"tags=80%, list=25%, signal=60%","1459/983/23397/10592/64151/891/9918/10051",0.407017918923954
"R-HSA-5357956","TNFR1-induced NF-kappa-B signaling pathway",20,-0.546418322974367,-1.70500329129271,0.00971111467900071,0.202812895026823,0.202812895026823,1265,"tags=55%, list=29%, signal=39%","10616/331/329/7311/7314/6885/1540/8517/3551/8717/7128",0.380730400722792
"R-HSA-2467813","Separation of Sister Chromatids",120,-0.371774691190811,-1.69823462884067,0.000590708120310623,0.0406601608347581,0.0406601608347581,678,"tags=28%, list=16%, signal=24%","10383/23047/11004/54820/5515/55143/5525/57405/113130/3796/55055/7514/5501/55166/23244/79003/7324/9232/57122/54908/10403/27338/9212/10274/5527/332/4928/5885/11065/991/1062/699/1063",0.477270815362862
"R-HSA-8854518","AURKA Activation by TPX2",47,-0.444966602274535,-1.69576926689216,0.00434752564479626,0.131705153193329,0.131705153193329,951,"tags=38%, list=22%, signal=30%","54930/983/5347/93323/11258/10383/9738/54820/84131/22995/5116/5108/6790/9662/9702/1069/11064/22974",0.407017918923954
"R-HSA-5607761","Dectin-1 mediated noncanonical NF-kB signaling",39,0.47237420570411,1.69454351446806,0.00381292396759953,0.129420405785887,0.129420405785887,1511,"tags=62%, list=35%, signal=40%","5689/5970/5719/5688/5684/5707/5683/5691/5704/5709/5701/10213/5685/5714/5687/9040/11047/5690/5700/9861/5686/5702/5692/5694",0.431707695803346
"R-HSA-9932298","Degradation of CRY and PER proteins",38,0.459754657643523,1.69168275752392,0.0110750115239744,0.220014558201881,0.220014558201881,1511,"tags=61%, list=35%, signal=40%","5689/5719/5688/5684/5707/5683/5691/5704/5709/5701/10213/5685/9978/5714/5687/11047/5690/5700/9861/5686/5702/5692/5694",0.380730400722792
"R-HSA-5676590","NIK-->noncanonical NF-kB signaling",38,0.458960204401433,1.68875954004486,0.0112440924100633,0.220682247421604,0.220682247421604,1511,"tags=61%, list=35%, signal=40%","5689/5719/5688/5684/5707/5683/5691/5704/5709/5701/10213/5685/5714/5687/9040/11047/5690/5700/9861/5686/5702/5692/5694",0.380730400722792
"R-HSA-9634638","Estrogen-dependent nuclear events downstream of ESR-membrane signaling",8,-0.706790636077694,-1.68799978968906,0.0206937410411197,0.272969786282594,0.272969786282594,921,"tags=75%, list=21%, signal=59%","127933/5594/7514/208/1027/2353",0.352487857583619
"R-HSA-9018678","Biosynthesis of specialized proresolving mediators (SPMs)",5,0.82745116434392,1.68749979961854,0.00839214176479221,0.187271218285569,0.187271218285569,321,"tags=60%, list=7%, signal=56%","2948/241/4048",0.380730400722792
"R-HSA-5668541","TNFR2 non-canonical NF-kB pathway",53,0.431232702876778,1.67952686516855,0.00554257854845466,0.148014105826765,0.148014105826765,1511,"tags=55%, list=35%, signal=36%","10673/8740/5689/959/4050/5719/5688/5684/5707/5683/5691/5704/5709/5701/10213/5685/5714/5687/9040/11047/5690/5700/356/970/9861/5686/5702/5692/5694",0.407017918923954
"R-HSA-9929356","GSK3B-mediated proteasomal degradation of PD-L1(CD274)",39,0.467345811033847,1.67650520188921,0.00491188003961563,0.138219267572065,0.138219267572065,1511,"tags=62%, list=35%, signal=40%","5689/5719/5688/5684/5707/5683/5691/5704/10987/5709/5701/10213/5685/9978/5714/5687/11047/5690/5700/9861/5686/5702/5692/5694",0.407017918923954
"R-HSA-9758941","Gastrulation",40,0.454485880805891,1.67115726165956,0.00442349068122822,0.131705153193329,0.131705153193329,1511,"tags=65%, list=35%, signal=43%","5689/5719/5688/5684/51592/5707/5683/5691/5704/5709/2033/1499/5701/10213/5685/5714/5687/11047/22938/5690/5700/9861/5686/5702/5692/5694",0.407017918923954
"R-HSA-9953170","GBP-mediated host defense",10,0.652955544254028,1.66882679532763,0.0167933368907435,0.256753510523144,0.256753510523144,1299,"tags=80%, list=30%, signal=56%","5045/2633/60/115362/834/2635/2339/71",0.352487857583619
"R-HSA-195258","RHO GTPase Effectors",135,-0.361909098450328,-1.66490067147594,0.000599044726847265,0.0406601608347581,0.0406601608347581,641,"tags=25%, list=15%, signal=22%","11004/2885/752/54820/5515/3799/55143/5525/57405/6093/5062/3796/55055/7514/5501/5579/55166/79003/10971/57122/1027/54908/5879/10403/9055/9212/5527/332/4928/991/7533/1062/699/1063",0.477270815362862
"R-HSA-2555396","Mitotic Metaphase and Anaphase",153,-0.34883705583757,-1.66321548256975,0.000495204375798345,0.0406601608347581,0.0406601608347581,854,"tags=29%, list=20%, signal=24%","64946/5347/2010/25978/3930/7314/147841/10383/23047/11004/54820/5515/55143/5525/57405/26271/113130/3796/55055/7514/5501/55166/23244/79003/7324/9232/4001/57122/54908/10403/27338/891/9212/10274/5527/332/4928/9818/5885/11065/991/7112/1062/699/1063",0.477270815362862
"R-HSA-4641258","Degradation of DVL",37,0.459662322450202,1.66088073723538,0.00829535583181655,0.187271218285569,0.187271218285569,1511,"tags=62%, list=35%, signal=41%","5689/5719/5688/5684/5707/5683/5691/5704/5709/5701/10213/5685/9978/5714/5687/11047/5690/5700/9861/5686/5702/5692/5694",0.380730400722792
"R-HSA-4608870","Asymmetric localization of PCP proteins",36,0.453105203359496,1.65416988564349,0.0245546705814507,0.27916228256472,0.27916228256472,1511,"tags=61%, list=35%, signal=40%","5689/5719/5688/5684/5707/5683/5691/5704/5709/5701/10213/5685/5714/5687/11047/5690/5700/9861/5686/5702/5692/5694",0.352487857583619
"R-HSA-4641257","Degradation of AXIN",36,0.453105203359496,1.65416988564349,0.0245546705814507,0.27916228256472,0.27916228256472,1511,"tags=61%, list=35%, signal=40%","5689/5719/5688/5684/5707/5683/5691/5704/5709/5701/10213/5685/5714/5687/11047/5690/5700/9861/5686/5702/5692/5694",0.352487857583619
"R-HSA-9937383","Mitochondrial ribosome-associated quality control",69,0.404055303169639,1.65385832650423,0.0026200691333621,0.102541256950593,0.102541256950593,751,"tags=30%, list=17%, signal=26%","51081/6183/29093/55052/28998/28957/57129/54534/79590/10573/9801/51649/4706/84545/64928/51023/64979/65003/55168/128308/63931",0.431707695803346
"R-HSA-5621480","Dectin-2 family",3,0.962154582827728,1.65379308854634,0.000729040264945385,0.0456771765998474,0.0456771765998474,8,"tags=33%, list=0%, signal=33%","2207",0.477270815362862
"R-HSA-5651801","PCNA-Dependent Long Patch Base Excision Repair",19,0.538683061928177,1.65152853131466,0.0126529873427035,0.226498124601664,0.226498124601664,759,"tags=37%, list=18%, signal=31%","328/5982/2237/5984/6118/54107/5983",0.380730400722792
"R-HSA-380320","Recruitment of NuMA to mitotic centrosomes",54,-0.423081326546581,-1.64817068260949,0.0050561740285631,0.139601821907276,0.139601821907276,951,"tags=37%, list=22%, signal=29%","54930/983/5347/93323/11258/10383/9738/54820/84131/22995/5116/5108/9662/440145/10426/9702/1069/11064/653784/80097",0.407017918923954
"R-HSA-6803157","Antimicrobial peptides",5,0.805512538424597,1.64275827475511,0.0150731009526685,0.245540814518969,0.245540814518969,160,"tags=40%, list=4%, signal=39%","10578/1235",0.380730400722792
"R-HSA-5655302","Signaling by FGFR1 in disease",11,-0.623701209767109,-1.63782157679666,0.0305507706335961,0.299812344000524,0.299812344000524,701,"tags=64%, list=16%, signal=53%","6774/2885/5295/11052/9208/26127/11064",0.352487857583619
"R-HSA-2565942","Regulation of PLK1 Activity at G2/M Transition",57,-0.409714154628353,-1.63713669425615,0.00898370267193737,0.194343424901236,0.194343424901236,1069,"tags=37%, list=25%, signal=28%","7311/55755/54930/983/5347/93323/7314/11258/10383/9738/54820/84131/22995/5116/5108/6790/9662/891/9702/1069/11064",0.380730400722792
"R-HSA-1839117","Signaling by cytosolic FGFR1 fusion mutants",10,-0.652133385813372,-1.63606636777834,0.0160861606908315,0.254411221022957,0.254411221022957,701,"tags=70%, list=16%, signal=59%","6774/2885/5295/11052/9208/26127/11064",0.352487857583619
"R-HSA-1839124","FGFR1 mutant receptor activation",10,-0.652133385813372,-1.63606636777834,0.0160861606908315,0.254411221022957,0.254411221022957,701,"tags=70%, list=16%, signal=59%","6774/2885/5295/11052/9208/26127/11064",0.352487857583619
"R-HSA-9755779","SARS-CoV-2 targets host intracellular signalling and regulatory pathways",8,-0.684942266445354,-1.63582020288934,0.0323230643359774,0.307919718147995,0.307919718147995,304,"tags=38%, list=7%, signal=35%","10971/208/7533",0.321775918075361
"R-HSA-2559583","Cellular Senescence",71,-0.398576056712907,-1.63550850723875,0.00291150577187781,0.11029867214858,0.11029867214858,542,"tags=27%, list=13%, signal=24%","7027/57634/23112/8726/1869/7324/1032/1031/4001/1027/27338/1029/11065/890/2353/54386/2113/3725/2146",0.431707695803346
"R-HSA-2559582","Senescence-Associated Secretory Phenotype (SASP)",33,-0.469718549009147,-1.6344857343086,0.009066973782992,0.194343424901236,0.194343424901236,343,"tags=30%, list=8%, signal=28%","7324/1032/1031/1027/27338/1029/11065/890/2353/3725",0.380730400722792
"R-HSA-5389840","Mitochondrial translation elongation",70,0.401492707975683,1.63173416233881,0.00541565633242562,0.147035069425356,0.147035069425356,751,"tags=30%, list=17%, signal=25%","51081/6183/29093/55052/28998/10102/28957/57129/54534/79590/10573/9801/51649/84545/64928/51023/64979/65003/55168/128308/63931",0.407017918923954
"R-HSA-9734009","Defective Intrinsic Pathway for Apoptosis",16,-0.566928746000181,-1.62939064680119,0.0172365139706164,0.256753510523144,0.256753510523144,277,"tags=25%, list=6%, signal=23%","4001/1029/3725/994",0.352487857583619
"R-HSA-2470946","Cohesin Loading onto Chromatin",9,-0.67775097654646,-1.62637568071426,0.0186393739427192,0.259517437202475,0.259517437202475,975,"tags=67%, list=23%, signal=52%","9126/25836/23047/23244/10274/5885",0.352487857583619
"R-HSA-9942503","Differentiation of naive CD4+ T cells to T helper 1 cells (Th1 cells)",8,0.667917124112843,1.6254274255239,0.0367435811663624,0.330692230497262,0.330692230497262,607,"tags=38%, list=14%, signal=32%","2833/6772/8459",0.321775918075361
"R-HSA-180585","Vif-mediated degradation of APOBEC3G",38,0.440398854017182,1.62046242574843,0.0181616378193376,0.257263547893051,0.257263547893051,1536,"tags=63%, list=36%, signal=41%","5689/5719/5688/5684/5707/5683/5691/5704/5709/5701/10213/5685/9978/5714/5687/11047/5690/5700/9861/5686/5702/5692/5694/60489",0.352487857583619
"R-HSA-379724","tRNA Aminoacylation",7,0.725436125199122,1.62011243387878,0.0234386071385839,0.27916228256472,0.27916228256472,826,"tags=71%, list=19%, signal=58%","27068/5464/55699/9521/2193",0.352487857583619
"R-HSA-349425","Autodegradation of the E3 ubiquitin ligase COP1",37,0.447271168497343,1.61610824249898,0.0129605680874755,0.227018982951588,0.227018982951588,1511,"tags=59%, list=35%, signal=39%","5689/5719/5688/5684/5707/5683/5691/5704/5709/5701/10213/5685/5714/5687/11047/5690/5700/9861/5686/5702/5692/5694",0.380730400722792
"R-HSA-4615885","SUMOylation of DNA replication proteins",29,-0.474818594573943,-1.61351328865602,0.0121607056362868,0.226124750796197,0.226124750796197,535,"tags=31%, list=12%, signal=27%","55143/10762/57122/6790/9212/332/4928/9818/7153",0.380730400722792
"R-HSA-9841251","Mitochondrial unfolded protein response (UPRmt)",9,0.665501963998792,1.61345056371317,0.0294817812635525,0.299812344000524,0.299812344000524,601,"tags=44%, list=14%, signal=38%","847/3336/27429/3313",0.352487857583619
"R-HSA-5627117","RHO GTPases Activate ROCKs",11,0.622070809179483,1.61296647699022,0.0319047443338687,0.307853852967643,0.307853852967643,515,"tags=45%, list=12%, signal=40%","389/103910/1072/4637/3984",0.321775918075361
"R-HSA-75105","Fatty acyl-CoA biosynthesis",12,0.599688395469107,1.61241971468333,0.0254277398224685,0.279876947100008,0.279876947100008,554,"tags=33%, list=13%, signal=29%","201562/9524/5538/51703",0.352487857583619
"R-HSA-9766229","Degradation of CDH1",43,0.435461755255916,1.6116791632483,0.00834798441954701,0.187271218285569,0.187271218285569,1511,"tags=60%, list=35%, signal=40%","5689/5719/5688/5684/79872/5707/5683/5691/5704/5709/1499/4193/5701/10213/5685/5714/5687/11047/1520/5690/5700/9861/5686/5702/5692/5694",0.380730400722792
"R-HSA-375276","Peptide ligand-binding receptors",13,0.585111572657176,1.60864769760393,0.0337985712820284,0.318253598950429,0.318253598950429,674,"tags=54%, list=16%, signal=46%","2833/6375/10316/301/1235/10663/6846",0.321775918075361
"R-HSA-350562","Regulation of ornithine decarboxylase (ODC)",35,0.451696525541853,1.60746659861383,0.0141197949645621,0.237125216466719,0.237125216466719,1511,"tags=63%, list=35%, signal=41%","5689/5719/5688/5684/5707/5683/5691/5704/5709/5701/10213/5685/5714/5687/11047/5690/5700/9861/5686/5702/5692/5694",0.380730400722792
"R-HSA-9759476","Regulation of Homotypic Cell-Cell Adhesion",90,0.37018618024279,1.60240271371036,0.00454008979274672,0.132067969149722,0.132067969149722,1093,"tags=42%, list=25%, signal=32%","5045/8728/1650/5689/5719/60/3703/5688/1603/9159/5684/79872/58505/5707/5315/5683/5691/5704/5709/9789/6184/1499/3066/821/4193/6185/11171/5928/5701/10213/5685/100128731/90701/5714/5687/11047/1460/1520",0.407017918923954
"R-HSA-5684264","MAP3K8 (TPL2)-dependent MAPK1/3 activation",10,-0.638285212727716,-1.60132419580327,0.0210786213505619,0.272969786282594,0.272969786282594,1069,"tags=60%, list=25%, signal=45%","7311/79155/7314/5604/8517/3551",0.352487857583619
"R-HSA-9820841","M-decay: degradation of maternal mRNAs by maternally stored factors",16,-0.557026860900105,-1.60093197526338,0.0196856962641095,0.269478984993566,0.269478984993566,1135,"tags=62%, list=26%, signal=46%","25904/9775/246175/1981/29883/1977/1974/1975/23019/678",0.352487857583619
"R-HSA-9639288","Amino acids regulate mTORC1",19,0.522120482862232,1.60074993103409,0.0185018614010257,0.259517437202475,0.259517437202475,786,"tags=42%, list=18%, signal=35%","51606/6396/10670/10641/51382/10542/9550/389541",0.352487857583619
"R-HSA-68882","Mitotic Anaphase",152,-0.344582286378421,-1.60073505808508,0.00103869578423604,0.062667978982241,0.062667978982241,854,"tags=29%, list=20%, signal=24%","64946/5347/2010/25978/3930/7314/147841/10383/23047/11004/54820/5515/55143/5525/57405/113130/3796/55055/7514/5501/55166/23244/79003/7324/9232/4001/57122/54908/10403/27338/891/9212/10274/5527/332/4928/9818/5885/11065/991/7112/1062/699/1063",0.45505986738723
"R-HSA-9764265","Regulation of CDH1 Expression and Function",88,0.368011374060301,1.59840198188156,0.00389325133290374,0.129420405785887,0.129420405785887,1093,"tags=42%, list=25%, signal=32%","5045/1650/5689/5719/60/3703/5688/1603/9159/5684/79872/58505/5707/5315/5683/5691/5704/5709/9789/6184/1499/3066/821/4193/6185/11171/5928/5701/10213/5685/100128731/90701/5714/5687/11047/1460/1520",0.431707695803346
"R-HSA-9764274","Regulation of Expression and Function of Type I Classical Cadherins",88,0.368011374060301,1.59840198188156,0.00389325133290374,0.129420405785887,0.129420405785887,1093,"tags=42%, list=25%, signal=32%","5045/1650/5689/5719/60/3703/5688/1603/9159/5684/79872/58505/5707/5315/5683/5691/5704/5709/9789/6184/1499/3066/821/4193/6185/11171/5928/5701/10213/5685/100128731/90701/5714/5687/11047/1460/1520",0.431707695803346
"R-HSA-5357769","Caspase activation via extrinsic apoptotic signalling pathway",9,-0.665933577729799,-1.5980178756947,0.0221896321398965,0.275930616457186,0.275930616457186,423,"tags=56%, list=10%, signal=50%","8717/836/26060/23604/8837",0.352487857583619
"R-HSA-2168880","Scavenging of heme from plasma",3,0.928240740740741,1.59550050370547,0.00400642134693863,0.129420405785887,0.129420405785887,313,"tags=100%, list=7%, signal=93%","3043/3039/3040",0.407017918923954
"R-HSA-77289","Mitochondrial Fatty Acid Beta-Oxidation",12,0.593355162520888,1.5953911549504,0.0303591248004039,0.299812344000524,0.299812344000524,495,"tags=33%, list=11%, signal=30%","10449/1892/4706/34",0.352487857583619
"R-HSA-1222556","ROS and RNS production in phagocytes",14,0.560518945511928,1.59529511239794,0.0311951513169453,0.304292823325173,0.304292823325173,1001,"tags=43%, list=23%, signal=33%","4689/51606/51382/9550/653361/9114",0.352487857583619
"R-HSA-5654736","Signaling by FGFR1",12,-0.596667720563499,-1.59347348829557,0.0348748852046072,0.320967163832232,0.320967163832232,1069,"tags=67%, list=25%, signal=50%","7311/5781/5594/7314/2885/867/5515/5295",0.321775918075361
"R-HSA-5654741","Signaling by FGFR3",12,-0.596667720563499,-1.59347348829557,0.0348748852046072,0.320967163832232,0.320967163832232,1069,"tags=67%, list=25%, signal=50%","7311/5781/5594/7314/2885/867/5515/5295",0.321775918075361
"R-HSA-5654743","Signaling by FGFR4",12,-0.596667720563499,-1.59347348829557,0.0348748852046072,0.320967163832232,0.320967163832232,1069,"tags=67%, list=25%, signal=50%","7311/5781/5594/7314/2885/867/5515/5295",0.321775918075361
"R-HSA-380994","ATF4 activates genes in response to endoplasmic reticulum  stress",7,-0.701810422316642,-1.58837478698468,0.0438485558031141,0.367304893462698,0.367304893462698,1142,"tags=86%, list=26%, signal=63%","9709/4801/4802/167227/468/8570",0.321775918075361
"R-HSA-5610780","Degradation of GLI1 by the proteasome",41,0.436274107877379,1.58802572524406,0.0088809894565003,0.194343424901236,0.194343424901236,1511,"tags=59%, list=35%, signal=38%","5689/5719/5688/5684/83737/5707/5683/5691/5704/5709/5701/10213/5685/9978/5714/5687/11047/5690/5700/9861/5686/5702/5692/5694",0.380730400722792
"R-HSA-389356","Co-stimulation by CD28",21,-0.498089568546369,-1.58774272368011,0.0283303010089779,0.296942803980412,0.296942803980412,617,"tags=48%, list=14%, signal=41%","2885/5515/5295/5525/253260/5062/79109/208/5879/5527",0.352487857583619
"R-HSA-5673000","RAF activation",19,-0.513135397943297,-1.58580954271094,0.0251198974753519,0.27916228256472,0.27916228256472,760,"tags=42%, list=18%, signal=35%","808/5894/5515/5604/5525/5501/4140/5527",0.352487857583619
"R-HSA-9929491","SPOP-mediated proteasomal degradation of PD-L1(CD274)",42,0.433063341007563,1.58294785734766,0.00951462984570737,0.201290026216329,0.201290026216329,1511,"tags=60%, list=35%, signal=39%","5689/5719/5688/5684/5707/5683/5691/5704/5709/5701/10213/5685/9978/1019/5714/5687/11047/1460/5690/5700/9861/5686/5702/5692/5694",0.380730400722792
"R-HSA-5689603","UCH proteinases",52,0.407773691122704,1.58167121638522,0.0172148090401834,0.256753510523144,0.256753510523144,1511,"tags=56%, list=35%, signal=37%","5689/5719/60/5688/5684/5707/29844/7046/5683/5691/5704/4738/5709/5701/10213/5685/5714/7528/5687/11047/171023/9958/5690/5700/9861/5686/5702/5692/5694",0.352487857583619
"R-HSA-5658442","Regulation of RAS by GAPs",40,0.429081579813693,1.57774493825532,0.0118140882156825,0.223780810504032,0.223780810504032,1540,"tags=60%, list=36%, signal=39%","5689/5719/5688/5684/5707/5683/5691/5704/5709/5701/10213/5685/9978/5714/5687/11047/5690/5700/9861/5686/5702/5692/5694/3845",0.380730400722792
"R-HSA-917977","Transferrin endocytosis and recycling",12,0.586296846634575,1.57641301934941,0.0343209274630858,0.320967163832232,0.320967163832232,1001,"tags=42%, list=23%, signal=32%","51606/51382/9550/7037/9114",0.321775918075361
"R-HSA-9824439","Bacterial Infection Pathways",49,0.417852787596157,1.57619959656884,0.0157599168234333,0.254187173320523,0.254187173320523,660,"tags=31%, list=15%, signal=26%","5045/3043/51606/3039/2633/11151/2023/3040/5868/3326/79872/3836/57674/3320/1499",0.352487857583619
"R-HSA-211733","Regulation of activated PAK-2p34 by proteasome mediated degradation",36,0.43130519818877,1.57458370611406,0.0416124235792249,0.353055406304987,0.353055406304987,1511,"tags=61%, list=35%, signal=40%","5689/5719/5688/5684/5707/5683/5691/5704/5709/5701/10213/5685/5714/5687/11047/5690/5700/9861/5686/5702/5692/5694",0.321775918075361
"R-HSA-5368286","Mitochondrial translation initiation",69,0.383678533078937,1.57045318216531,0.00600338477649012,0.155230377792102,0.155230377792102,751,"tags=29%, list=17%, signal=24%","51081/6183/29093/55052/28998/28957/57129/54534/79590/10573/9801/51649/84545/64928/51023/64979/65003/55168/128308/63931",0.407017918923954
"R-HSA-1295596","Spry regulation of FGF signaling",10,-0.6255927800924,-1.56948153506595,0.0251914398631147,0.27916228256472,0.27916228256472,1069,"tags=70%, list=25%, signal=53%","7311/5781/5594/7314/2885/867/5515",0.352487857583619
"R-HSA-5654726","Negative regulation of FGFR1 signaling",10,-0.6255927800924,-1.56948153506595,0.0251914398631147,0.27916228256472,0.27916228256472,1069,"tags=70%, list=25%, signal=53%","7311/5781/5594/7314/2885/867/5515",0.352487857583619
"R-HSA-5654727","Negative regulation of FGFR2 signaling",10,-0.6255927800924,-1.56948153506595,0.0251914398631147,0.27916228256472,0.27916228256472,1069,"tags=70%, list=25%, signal=53%","7311/5781/5594/7314/2885/867/5515",0.352487857583619
"R-HSA-5654732","Negative regulation of FGFR3 signaling",10,-0.6255927800924,-1.56948153506595,0.0251914398631147,0.27916228256472,0.27916228256472,1069,"tags=70%, list=25%, signal=53%","7311/5781/5594/7314/2885/867/5515",0.352487857583619
"R-HSA-5654733","Negative regulation of FGFR4 signaling",10,-0.6255927800924,-1.56948153506595,0.0251914398631147,0.27916228256472,0.27916228256472,1069,"tags=70%, list=25%, signal=53%","7311/5781/5594/7314/2885/867/5515",0.352487857583619
"R-HSA-9762114","GSK3B and BTRC:CUL1-mediated-degradation of NFE2L2",39,0.437437949053325,1.56921701185106,0.0143139294221505,0.237932561517175,0.237932561517175,1511,"tags=59%, list=35%, signal=39%","5689/5719/5688/5684/5707/5683/5691/5704/5709/5701/10213/5685/9978/5714/5687/11047/5690/5700/9861/5686/5702/5692/5694",0.380730400722792
"R-HSA-6806834","Signaling by MET",24,-0.474295953728932,-1.565732207904,0.027284789853766,0.294350481270099,0.294350481270099,1069,"tags=50%, list=25%, signal=38%","7311/5781/5908/5770/7314/6774/30011/2885/867/5295/382/5879",0.352487857583619
"R-HSA-112409","RAF-independent MAPK1/3 activation",9,-0.651041238800385,-1.56228124276918,0.0285801251142468,0.296942803980412,0.296942803980412,963,"tags=67%, list=22%, signal=52%","5781/983/5594/5604/1843/1844",0.352487857583619
"R-HSA-8878159","Transcriptional regulation by RUNX3",53,0.40072519356856,1.5607089250385,0.0164269971514783,0.254853127235792,0.254853127235792,1540,"tags=58%, list=36%, signal=38%","5689/5719/5688/5684/5707/5683/5691/5704/5709/2033/1499/4193/5701/10213/5685/5714/5687/11047/3683/1026/22938/3676/5690/5700/6097/9861/5686/5702/5692/5694/3845",0.352487857583619
"R-HSA-9931295","PD-L1(CD274) glycosylation and translocation to plasma membrane",15,0.545364787123494,1.55728657027721,0.0304273331764906,0.299812344000524,0.299812344000524,913,"tags=47%, list=21%, signal=37%","1650/3703/1603/58505/6184/6185/100128731",0.352487857583619
"R-HSA-9711123","Cellular response to chemical stress",113,0.350673234837831,1.55555564186926,0.00328006282237835,0.116772386535554,0.116772386535554,1217,"tags=42%, list=28%, signal=31%","3043/4689/3039/5689/847/5970/3163/5719/25828/5688/7001/3040/5684/7295/5707/2950/5683/5691/5704/5709/5052/1340/2730/2033/10072/25824/10935/80205/1349/5701/10213/55666/54205/1347/5685/653361/9978/9973/5714/5687/11047/1460/207/1337/81502/25942/1327/1026",0.431707695803346
"R-HSA-418889","Caspase activation via Dependence Receptors in the absence of ligand",3,-0.905787037037037,-1.55299275431326,0.0174168122339074,0.256753510523144,0.256753510523144,411,"tags=100%, list=10%, signal=91%","836/26060/23604",0.352487857583619
"R-HSA-8980692","RHOA GTPase cycle",54,-0.398265983041808,-1.55149914671993,0.0125247075665128,0.226498124601664,0.226498124601664,945,"tags=35%, list=22%, signal=28%","5586/393/3998/51291/3930/93663/6793/116984/117289/9138/5295/6093/64333/29127/50619/9824/89839/11214/7112",0.380730400722792
"R-HSA-1234176","Oxygen-dependent proline hydroxylation of Hypoxia-inducible Factor Alpha",42,0.424412848924851,1.55132828438756,0.0109783857881015,0.220014558201881,0.220014558201881,1511,"tags=62%, list=35%, signal=41%","5689/5719/5688/5684/5707/5683/5691/5704/3091/5709/5701/10213/5685/9978/8453/5714/5687/11047/5690/5700/7323/9861/5686/5702/5692/5694",0.380730400722792
"R-HSA-9634815","Transcriptional Regulation by NPAS4",12,-0.58056876709999,-1.55047928121968,0.0483680341424701,0.380635399121178,0.380635399121178,897,"tags=50%, list=21%, signal=40%","5594/5978/23112/7514/2908/2353",0.321775918075361
"R-HSA-4419969","Depolymerization of the Nuclear Lamina",10,-0.617350608918214,-1.54880365022076,0.0286187969459329,0.296942803980412,0.296942803980412,940,"tags=60%, list=22%, signal=47%","983/2010/5579/4001/891/7112",0.352487857583619
"R-HSA-9748784","Drug ADME",15,0.542385042755712,1.54877792432799,0.0321271669763654,0.307853852967643,0.307853852967643,1135,"tags=60%, list=26%, signal=44%","3615/2950/4830/3704/3251/6566/100/132/55748",0.321775918075361
"R-HSA-69601","Ubiquitin-Mediated Degradation of Phosphorylated Cdc25A",40,0.419862825999826,1.54384732332353,0.0139324454173057,0.237125216466719,0.237125216466719,1511,"tags=57%, list=35%, signal=38%","5689/5719/5688/5684/5707/5683/5691/5704/5709/5701/10213/5685/9978/5714/5687/11047/5690/5700/9861/5686/5702/5692/5694",0.380730400722792
"R-HSA-69613","p53-Independent G1/S DNA Damage Checkpoint",40,0.419862825999826,1.54384732332353,0.0139324454173057,0.237125216466719,0.237125216466719,1511,"tags=57%, list=35%, signal=38%","5689/5719/5688/5684/5707/5683/5691/5704/5709/5701/10213/5685/9978/5714/5687/11047/5690/5700/9861/5686/5702/5692/5694",0.380730400722792
"R-HSA-76002","Platelet activation, signaling and aggregation",86,0.356802861162005,1.53846667382451,0.0176701264976978,0.256953185424666,0.256953185424666,678,"tags=27%, list=16%, signal=23%","2207/3920/7076/10487/6813/2773/6810/226/27040/998/1072/81/2793/10490/967/51368/8407/54331/1521/29789/7114/83706/7873",0.352487857583619
"R-HSA-8957275","Post-translational protein phosphorylation",14,0.540270831329802,1.53766687726216,0.0448646971655772,0.372880569809823,0.372880569809823,518,"tags=29%, list=12%, signal=25%","3956/7076/5611/51246",0.321775918075361
"R-HSA-9857377","Regulation of MITF-M-dependent genes involved in lysosome biogenesis and autophagy",7,0.687727989635225,1.53589906599793,0.0408768005754257,0.34862988553596,0.34862988553596,1001,"tags=57%, list=23%, signal=44%","51606/427/9550/9114",0.321775918075361
"R-HSA-8963899","Plasma lipoprotein remodeling",3,0.893188984136124,1.53525202196592,0.0127917909535624,0.226498124601664,0.226498124601664,2,"tags=33%, list=0%, signal=33%","5045",0.380730400722792
"R-HSA-446728","Cell junction organization",107,0.347941524417327,1.53502075586649,0.00702454407248341,0.170790780508589,0.170790780508589,1093,"tags=40%, list=25%, signal=31%","5045/6251/8728/1650/5689/5970/5719/60/3703/5688/998/1603/9159/5684/79872/58505/5707/5315/5683/5691/5704/5709/9789/6184/1499/3066/3611/821/4193/6185/11171/5928/5701/10213/5685/100128731/90701/5714/3688/5687/11047/1460/1520",0.407017918923954
"R-HSA-9820960","Respiratory syncytial virus (RSV) attachment and entry",5,0.751302274492717,1.53220213142688,0.0382936332171781,0.340663777756475,0.340663777756475,829,"tags=60%, list=19%, signal=49%","5045/5868/5878",0.321775918075361
"R-HSA-180534","Vpu mediated degradation of CD4",37,0.423747510734295,1.53111108667445,0.0258772411708337,0.282912925283812,0.282912925283812,1511,"tags=59%, list=35%, signal=39%","5689/5719/5688/5684/5707/5683/5691/5704/5709/5701/10213/5685/5714/5687/11047/5690/5700/9861/5686/5702/5692/5694",0.352487857583619
"R-HSA-75153","Apoptotic execution phase",24,-0.463003170206711,-1.52845279462076,0.0357341697963372,0.325453108844751,0.325453108844751,815,"tags=50%, list=19%, signal=41%","841/3146/118/10059/6709/6093/5062/836/4001/22985/7431/3148",0.321775918075361
"R-HSA-380259","Loss of Nlp from mitotic centrosomes",45,-0.398663090163086,-1.52740917168786,0.020901816992943,0.272969786282594,0.272969786282594,1032,"tags=38%, list=24%, signal=29%","55755/54930/983/5347/93323/11258/10383/9738/54820/84131/22995/5116/5108/9662/9702/1069/11064",0.352487857583619
"R-HSA-380284","Loss of proteins required for interphase microtubule organization from the centrosome",45,-0.398663090163086,-1.52740917168786,0.020901816992943,0.272969786282594,0.272969786282594,1032,"tags=38%, list=24%, signal=29%","55755/54930/983/5347/93323/11258/10383/9738/54820/84131/22995/5116/5108/9662/9702/1069/11064",0.352487857583619
"R-HSA-391903","Eicosanoid ligand-binding receptors",2,-0.993779337680172,-1.52676474162412,0.00048254731652023,0.0406601608347581,0.0406601608347581,11,"tags=50%, list=0%, signal=50%","5734",0.49849310876659
"R-HSA-9617828","FOXO-mediated transcription of cell cycle genes",5,-0.748545559135808,-1.52572022695191,0.03256564959656,0.308426995306955,0.308426995306955,264,"tags=40%, list=6%, signal=38%","1027/694",0.321775918075361
"R-HSA-166058","MyD88:MAL(TIRAP) cascade initiated on plasma membrane",45,-0.398002643810335,-1.52487878489889,0.0216163919155645,0.272969786282594,0.272969786282594,1069,"tags=44%, list=25%, signal=34%","7311/9252/1386/79155/5594/841/3146/7314/4793/6885/5515/5604/8517/3551/51135/92610/2353/3725/8651/4792",0.352487857583619
"R-HSA-168179","Toll Like Receptor TLR1:TLR2 Cascade",45,-0.398002643810335,-1.52487878489889,0.0216163919155645,0.272969786282594,0.272969786282594,1069,"tags=44%, list=25%, signal=34%","7311/9252/1386/79155/5594/841/3146/7314/4793/6885/5515/5604/8517/3551/51135/92610/2353/3725/8651/4792",0.352487857583619
"R-HSA-168188","Toll Like Receptor TLR6:TLR2 Cascade",45,-0.398002643810335,-1.52487878489889,0.0216163919155645,0.272969786282594,0.272969786282594,1069,"tags=44%, list=25%, signal=34%","7311/9252/1386/79155/5594/841/3146/7314/4793/6885/5515/5604/8517/3551/51135/92610/2353/3725/8651/4792",0.352487857583619
"R-HSA-181438","Toll Like Receptor 2 (TLR2) Cascade",45,-0.398002643810335,-1.52487878489889,0.0216163919155645,0.272969786282594,0.272969786282594,1069,"tags=44%, list=25%, signal=34%","7311/9252/1386/79155/5594/841/3146/7314/4793/6885/5515/5604/8517/3551/51135/92610/2353/3725/8651/4792",0.352487857583619
"R-HSA-9013405","RHOD GTPase cycle",19,-0.49336256530351,-1.52470296769726,0.0439683574126618,0.367304893462698,0.367304893462698,877,"tags=47%, list=20%, signal=38%","3998/2010/3930/84681/5295/4001/29127/9497/7112",0.321775918075361
"R-HSA-9840310","Glycosphingolipid catabolism",10,0.595809289766672,1.52277213420968,0.0587084148727984,0.410663641520136,0.410663641520136,1515,"tags=80%, list=35%, signal=52%","3073/25870/4074/427/5476/2720/6609/5660",0.261663521711573
"R-HSA-196807","Nicotinate metabolism",8,-0.636861793398094,-1.52099153333832,0.0508130081300813,0.391085147247119,0.391085147247119,706,"tags=62%, list=16%, signal=52%","84875/54981/54625/79668/93100",0.287857117255149
"R-HSA-5368287","Mitochondrial translation",85,0.360006479618662,1.51741949456582,0.00744517056887418,0.17835563024553,0.17835563024553,751,"tags=26%, list=17%, signal=22%","51081/6183/29093/55052/28998/10102/28957/57129/54534/79590/10573/9801/51649/4706/84545/64928/51023/64979/65003/55168/128308/63931",0.407017918923954
"R-HSA-2559580","Oxidative Stress Induced Senescence",34,-0.43092654251168,-1.51576077008123,0.0221519406251761,0.275930616457186,0.275930616457186,542,"tags=29%, list=13%, signal=26%","7027/23112/8726/1869/1032/1031/1029/2353/3725/2146",0.352487857583619
"R-HSA-9925563","Developmental Lineage of Pancreatic Ductal Cells",3,0.881161979668323,1.51457948428875,0.0178242541147865,0.256953185424666,0.256953185424666,240,"tags=67%, list=6%, signal=63%","301/302",0.352487857583619
"R-HSA-202733","Cell surface interactions at the vascular wall",38,0.411019817820337,1.51236127192519,0.039734383773864,0.346135353837564,0.346135353837564,256,"tags=18%, list=6%, signal=17%","3689/2207/9123/51744/6404/962/9046",0.321775918075361
"R-HSA-4839735","Signaling by AXIN mutants",6,-0.705115915414149,-1.51210274078449,0.0597609561752988,0.410663641520136,0.410663641520136,601,"tags=67%, list=14%, signal=57%","5515/1452/5525/5527",0.261663521711573
"R-HSA-4839744","Signaling by APC mutants",6,-0.705115915414149,-1.51210274078449,0.0597609561752988,0.410663641520136,0.410663641520136,601,"tags=67%, list=14%, signal=57%","5515/1452/5525/5527",0.261663521711573
"R-HSA-4839748","Signaling by AMER1 mutants",6,-0.705115915414149,-1.51210274078449,0.0597609561752988,0.410663641520136,0.410663641520136,601,"tags=67%, list=14%, signal=57%","5515/1452/5525/5527",0.261663521711573
"R-HSA-5467337","APC truncation mutants have impaired AXIN binding",6,-0.705115915414149,-1.51210274078449,0.0597609561752988,0.410663641520136,0.410663641520136,601,"tags=67%, list=14%, signal=57%","5515/1452/5525/5527",0.261663521711573
"R-HSA-5467340","AXIN missense mutants destabilize the destruction complex",6,-0.705115915414149,-1.51210274078449,0.0597609561752988,0.410663641520136,0.410663641520136,601,"tags=67%, list=14%, signal=57%","5515/1452/5525/5527",0.261663521711573
"R-HSA-5467348","Truncations of AMER1 destabilize the destruction complex",6,-0.705115915414149,-1.51210274078449,0.0597609561752988,0.410663641520136,0.410663641520136,601,"tags=67%, list=14%, signal=57%","5515/1452/5525/5527",0.261663521711573
"R-HSA-2672351","Stimuli-sensing channels",14,-0.535921485329516,-1.50886653099837,0.0497017892644135,0.387388587137462,0.387388587137462,1146,"tags=50%, list=27%, signal=37%","28962/7311/7314/808/5894/65125/1831",0.287857117255149
"R-HSA-8941326","RUNX2 regulates bone development",6,-0.703494253445574,-1.50862512887174,0.0637450199203187,0.415362549800797,0.415362549800797,897,"tags=50%, list=21%, signal=40%","5594/10432/4094",0.252961123069611
"R-HSA-9768759","Regulation of NPAS4 gene expression",6,-0.703478748849733,-1.50859187966923,0.0637450199203187,0.415362549800797,0.415362549800797,738,"tags=50%, list=17%, signal=42%","5978/23112/2908",0.252961123069611
"R-HSA-8848021","Signaling by PTK6",21,-0.472717770191233,-1.50686592808166,0.0478107379299222,0.379920449208992,0.379920449208992,931,"tags=48%, list=22%, signal=38%","5770/7314/6774/867/9844/6421/1027/5879/10657/2908",0.321775918075361
"R-HSA-9006927","Signaling by Non-Receptor Tyrosine Kinases",21,-0.472717770191233,-1.50686592808166,0.0478107379299222,0.379920449208992,0.379920449208992,931,"tags=48%, list=22%, signal=38%","5770/7314/6774/867/9844/6421/1027/5879/10657/2908",0.321775918075361
"R-HSA-9637687","Suppression of phagosomal maturation",11,0.580298146584574,1.5046542022042,0.0751267601849263,0.448283854729835,0.448283854729835,441,"tags=36%, list=10%, signal=33%","51606/11151/5868/3836",0.287805130535564
"R-HSA-1592389","Activation of Matrix Metalloproteinases",2,0.98796574866929,1.50414774746807,0.0014994321303816,0.0709724402056163,0.0709724402056163,54,"tags=100%, list=1%, signal=99%","5045/7076",0.45505986738723
"R-HSA-5632684","Hedgehog 'on' state",44,0.405114452854525,1.49660333053931,0.0162526423317612,0.254572638061913,0.254572638061913,1511,"tags=55%, list=35%, signal=36%","5689/5719/5688/5684/83737/5707/5683/5691/5704/5709/5701/10213/5685/9978/5714/5687/11047/5690/5700/9861/5686/5702/5692/5694",0.352487857583619
"R-HSA-380270","Recruitment of mitotic centrosome proteins and complexes",54,-0.383843107423084,-1.49531287882732,0.021441195213416,0.272969786282594,0.272969786282594,951,"tags=37%, list=22%, signal=29%","54930/983/5347/93323/11258/10383/9738/54820/84131/22995/5116/5108/9662/440145/10426/9702/1069/11064/653784/80097",0.352487857583619
"R-HSA-380287","Centrosome maturation",54,-0.383843107423084,-1.49531287882732,0.021441195213416,0.272969786282594,0.272969786282594,951,"tags=37%, list=22%, signal=29%","54930/983/5347/93323/11258/10383/9738/54820/84131/22995/5116/5108/9662/440145/10426/9702/1069/11064/653784/80097",0.352487857583619
"R-HSA-351202","Metabolism of polyamines",39,0.416391211517125,1.49371624961211,0.0269060967888911,0.292200211127357,0.292200211127357,1511,"tags=59%, list=35%, signal=39%","5689/5719/5688/5684/5707/5683/5691/5704/5709/262/5701/10213/5685/5714/5687/11047/5690/5700/9861/5686/5702/5692/5694",0.352487857583619
"R-HSA-418990","Adherens junctions interactions",99,0.340789170258627,1.49354112802491,0.0123542681527695,0.226124750796197,0.226124750796197,1093,"tags=40%, list=25%, signal=31%","5045/8728/1650/5689/5970/5719/60/3703/5688/998/1603/9159/5684/79872/58505/5707/5315/5683/5691/5704/5709/9789/6184/1499/3066/821/4193/6185/11171/5928/5701/10213/5685/100128731/90701/5714/5687/11047/1460/1520",0.380730400722792
"R-HSA-421270","Cell-cell junction organization",99,0.340789170258627,1.49354112802491,0.0123542681527695,0.226124750796197,0.226124750796197,1093,"tags=40%, list=25%, signal=31%","5045/8728/1650/5689/5970/5719/60/3703/5688/998/1603/9159/5684/79872/58505/5707/5315/5683/5691/5704/5709/9789/6184/1499/3066/821/4193/6185/11171/5928/5701/10213/5685/100128731/90701/5714/5687/11047/1460/1520",0.380730400722792
"R-HSA-5620912","Anchoring of the basal body to the plasma membrane",51,-0.386810901081097,-1.489309731513,0.022994532795175,0.27916228256472,0.27916228256472,951,"tags=35%, list=22%, signal=28%","54930/983/5347/93323/11258/10383/9738/54820/54806/84131/22995/5116/5108/9662/9702/1069/11064/132320",0.352487857583619
"R-HSA-9755088","Ribavirin ADME",4,0.793239175735124,1.48885069107153,0.0477099236641221,0.379920449208992,0.379920449208992,897,"tags=100%, list=21%, signal=79%","4830/3704/100/132",0.287857117255149
"R-HSA-450408","AUF1 (hnRNP D0) binds and destabilizes mRNA",40,0.404771787204567,1.48835715270709,0.0229626543715526,0.27916228256472,0.27916228256472,1511,"tags=57%, list=35%, signal=38%","5689/5719/5688/5684/5707/5683/5691/5704/5709/5701/10213/5685/5714/5687/11047/5690/5700/9861/3315/5686/5702/5692/5694",0.352487857583619
"R-HSA-73817","Purine ribonucleoside monophosphate biosynthesis",6,0.703810660211306,1.48566724912196,0.056,0.410663641520136,0.410663641520136,289,"tags=33%, list=7%, signal=31%","10606/3615",0.271288554688953
"R-HSA-8956320","Nucleotide biosynthesis",6,0.703810660211306,1.48566724912196,0.056,0.410663641520136,0.410663641520136,289,"tags=33%, list=7%, signal=31%","10606/3615",0.271288554688953
"R-HSA-110373","Resolution of AP sites via the multiple-nucleotide patch replacement pathway",20,0.487881094041208,1.48564132528602,0.0680933852140078,0.43670915162842,0.43670915162842,759,"tags=35%, list=18%, signal=29%","328/5982/2237/5984/6118/54107/5983",0.241339976815091
"R-HSA-8854050","FBXL7 down-regulates AURKA during mitotic entry and in early mitosis",39,0.413872983197814,1.48468263301131,0.0282106192127861,0.296942803980412,0.296942803980412,1511,"tags=59%, list=35%, signal=39%","5689/5719/5688/5684/5707/5683/5691/5704/5709/5701/10213/5685/9978/5714/5687/11047/5690/5700/9861/5686/5702/5692/5694",0.352487857583619
"R-HSA-9013694","Signaling by NOTCH4",50,0.382137491102437,1.4843060507706,0.0291133590275953,0.298274602867627,0.298274602867627,1511,"tags=56%, list=35%, signal=37%","5689/5719/5688/5684/5707/5683/5691/5704/5663/5709/2033/5701/10213/5685/9978/5714/5687/11047/207/55851/22938/5690/5700/9861/5686/5702/5692/5694",0.352487857583619
"R-HSA-5610783","Degradation of GLI2 by the proteasome",40,0.403110680126696,1.48224921564498,0.0245684090792125,0.27916228256472,0.27916228256472,1511,"tags=57%, list=35%, signal=38%","5689/5719/5688/5684/5707/5683/5691/5704/5709/5701/10213/5685/9978/5714/5687/11047/5690/5700/9861/5686/5702/5692/5694",0.352487857583619
"R-HSA-5610785","GLI3 is processed to GLI3R by the proteasome",40,0.403110680126696,1.48224921564498,0.0245684090792125,0.27916228256472,0.27916228256472,1511,"tags=57%, list=35%, signal=38%","5689/5719/5688/5684/5707/5683/5691/5704/5709/5701/10213/5685/9978/5714/5687/11047/5690/5700/9861/5686/5702/5692/5694",0.352487857583619
"R-HSA-2173782","Binding and Uptake of Ligands by Scavenger Receptors",11,0.571306529267565,1.48133985102063,0.0628683693516699,0.414459076050083,0.414459076050083,812,"tags=64%, list=19%, signal=52%","3043/3039/3040/2512/5052/3320/811",0.252961123069611
"R-HSA-5419276","Mitochondrial translation termination",81,0.349965048680459,1.48111173012131,0.0174951747501958,0.256753510523144,0.256753510523144,751,"tags=25%, list=17%, signal=21%","51081/6183/29093/55052/28998/28957/57129/54534/79590/10573/9801/51649/84545/64928/51023/64979/65003/55168/128308/63931",0.352487857583619
"R-HSA-5689896","Ovarian tumor domain proteases",17,-0.501976169827281,-1.47880732604142,0.0712788259958071,0.43816304734781,0.438163047347811,1437,"tags=65%, list=33%, signal=43%","7187/7415/79931/7311/79155/983/7314/55593/8517/80124/7128",0.245041785430996
"R-HSA-111367","SLBP independent Processing of Histone Pre-mRNAs",7,0.662065360606516,1.47858686037263,0.0521042084168337,0.396625025752439,0.396625025752439,1408,"tags=86%, list=33%, signal=58%","84967/6635/6628/6637/22916/6636",0.282013350011725
"R-HSA-113510","E2F mediated regulation of DNA replication",13,-0.54070037985544,-1.47752247300429,0.0817610062893082,0.470631375425028,0.470631375425028,1275,"tags=69%, list=29%, signal=49%","23594/5558/5557/84515/983/5515/7027/1869/891",0.227987202850442
"R-HSA-9664873","Pexophagy",7,-0.652774069249101,-1.47739309679966,0.0834990059642147,0.47894324195671,0.47894324195671,1069,"tags=57%, list=25%, signal=43%","7311/7314/8878/81631",0.219250346703755
"R-HSA-6806003","Regulation of TP53 Expression and Degradation",28,-0.436699513354359,-1.47704682682081,0.0606947033396217,0.410663641520136,0.410663641520136,940,"tags=39%, list=22%, signal=31%","983/117584/7314/900/5515/253260/79109/208/5527/1029/890",0.321775918075361
"R-HSA-933541","TRAF6 mediated IRF7 activation",8,0.606811528344966,1.47672228288212,0.0843137254901961,0.479717293675918,0.479717293675918,1261,"tags=62%, list=29%, signal=44%","2033/9641/80143/3661/29110",0.216542836735348
"R-HSA-9018677","Biosynthesis of DHA-derived SPMs",4,0.786500405533071,1.47620252267641,0.0534351145038168,0.398229393121873,0.398229393121873,321,"tags=50%, list=7%, signal=46%","2948/4048",0.271288554688953
"R-HSA-189483","Heme degradation",2,0.969232427290854,1.47562683650337,0.00682977017607336,0.168902344552065,0.168902344552065,119,"tags=50%, list=3%, signal=49%","3163",0.407017918923954
"R-HSA-111465","Apoptotic cleavage of cellular proteins",17,-0.500817024847856,-1.47539251834625,0.0712788259958071,0.43816304734781,0.438163047347811,815,"tags=47%, list=19%, signal=38%","841/118/6709/6093/836/4001/22985/7431",0.245041785430996
"R-HSA-428157","Sphingolipid metabolism",24,0.460773687331231,1.47449329394416,0.0610687022900763,0.410663641520136,0.410663641520136,1594,"tags=67%, list=37%, signal=42%","3073/9517/25870/4074/30815/29095/427/94101/25865/5476/8560/2720/6609/171546/5660/29956",0.252961123069611
"R-HSA-204174","Regulation of pyruvate dehydrogenase (PDH) complex",3,0.857638888888889,1.47414697412189,0.0290645294502131,0.298274602867627,0.298274602867627,618,"tags=100%, list=14%, signal=86%","5160/5162/1738",0.352487857583619
"R-HSA-1500931","Cell-Cell communication",120,0.327617816781888,1.47071553695683,0.00829165282907923,0.187271218285569,0.187271218285569,801,"tags=30%, list=19%, signal=25%","5045/7305/6251/8728/1650/5689/5970/5719/60/3703/5688/998/1603/9159/81/5684/79872/58505/5707/5315/5683/5691/5704/5709/9789/6184/1499/3066/3611/821/4193/6185/11171/5928/5701/10213",0.380730400722792
"R-HSA-6804116","TP53 Regulates Transcription of Genes Involved in G1 Cell Cycle Arrest",7,-0.64962868822916,-1.47027430267996,0.0894632206759443,0.494018937224113,0.494018937224113,380,"tags=43%, list=9%, signal=39%","1869/1027/890",0.211400189384923
"R-HSA-382556","ABC-family protein mediated transport",46,0.385137438559189,1.46891138207672,0.0276742956536077,0.296588339603467,0.296588339603467,1511,"tags=52%, list=35%, signal=34%","5689/5719/5688/5684/5707/5683/5691/5704/5709/1965/5701/10213/5685/5714/23/5687/11047/5690/5700/9861/5686/5702/5692/5694",0.352487857583619
"R-HSA-8941858","Regulation of RUNX3 expression and activity",42,0.401761396757059,1.46853192579624,0.0181108405629807,0.257263547893051,0.257263547893051,1511,"tags=57%, list=35%, signal=38%","5689/5719/5688/5684/5707/5683/5691/5704/5709/2033/4193/5701/10213/5685/5714/5687/11047/5690/5700/9861/5686/5702/5692/5694",0.352487857583619
"R-HSA-447115","Interleukin-12 family signaling",39,0.409345148058261,1.46843997289639,0.0301674040836351,0.299812344000524,0.299812344000524,691,"tags=33%, list=16%, signal=28%","9466/6772/5721/302/654483/998/3594/1072/9446/3185/1265/3313/821",0.352487857583619
"R-HSA-264870","Caspase-mediated cleavage of cytoskeletal proteins",7,-0.648438049176752,-1.46757958486001,0.0914512922465209,0.49775,0.49775,815,"tags=71%, list=19%, signal=58%","841/118/6709/836/7431",0.208955027549354
"R-HSA-114508","Effects of PIP2 hydrolysis",6,-0.684210532943074,-1.46727169181703,0.0816733067729084,0.470631375425028,0.470631375425028,1328,"tags=67%, list=31%, signal=46%","3710/5583/26090/8525",0.222056046145248
"R-HSA-6804757","Regulation of TP53 Degradation",27,-0.45242722547877,-1.46655678734274,0.0510805500982318,0.391085147247119,0.391085147247119,940,"tags=41%, list=22%, signal=32%","983/117584/7314/900/5515/253260/79109/208/5527/1029/890",0.282013350011725
"R-HSA-9932451","SWI/SNF chromatin remodelers",18,-0.476919369686006,-1.46511996157223,0.0548780487804878,0.406347006651885,0.406347006651885,1271,"tags=72%, list=29%, signal=51%","9275/6598/6760/86/57492/196528/6603/64919/6597/8289/55193/9274/29117",0.276500599254472
"R-HSA-169911","Regulation of Apoptosis",37,0.405381326921626,1.46474923924614,0.045735723779099,0.374389417267097,0.374389417267097,1511,"tags=59%, list=35%, signal=39%","5689/5719/5688/5684/5707/5683/5691/5704/5709/5701/10213/5685/5714/5687/11047/5690/5700/9861/5686/5702/5692/5694",0.321775918075361
"R-HSA-8862803","Deregulated CDK5 triggers multiple neurodegenerative pathways in Alzheimer's disease models",13,-0.5346697675869,-1.46104317044651,0.0859538784067086,0.481164494586008,0.481164494586008,277,"tags=23%, list=6%, signal=22%","4001/3725/994",0.222056046145248
"R-HSA-8863678","Neurodegenerative Diseases",13,-0.5346697675869,-1.46104317044651,0.0859538784067086,0.481164494586008,0.481164494586008,277,"tags=23%, list=6%, signal=22%","4001/3725/994",0.222056046145248
"R-HSA-6782315","tRNA modification in the nucleus and cytosol",9,0.602389028902003,1.46043884290976,0.0738636363636364,0.443183823529412,0.443183823529412,933,"tags=44%, list=22%, signal=35%","51002/23536/81605/81890",0.227987202850442
"R-HSA-399955","SEMA3A-Plexin repulsion signaling by inhibiting Integrin adhesion",3,-0.851063228007152,-1.45916752229202,0.0593250667319404,0.410663641520136,0.410663641520136,514,"tags=67%, list=12%, signal=59%","7094/5879",0.321775918075361
"R-HSA-9637690","Response of Mtb to phagocytosis",17,0.494518264800412,1.45891180318907,0.0685714285714286,0.438050420168067,0.438050420168067,483,"tags=35%, list=11%, signal=31%","51606/11151/2023/5868/3836/57674",0.237793834423688
"R-HSA-1614558","Degradation of cysteine and homocysteine",5,0.713251288601385,1.45460113956917,0.0725190839694656,0.44244789433056,0.44244789433056,230,"tags=60%, list=5%, signal=57%","23474/2806/25828",0.231126709673834
"R-HSA-114452","Activation of BH3-only proteins",17,-0.49314239261593,-1.4527832730246,0.0838574423480084,0.479311486262827,0.479311486262827,955,"tags=47%, list=22%, signal=37%","140735/7534/5534/7027/1869/10971/208/7533",0.224966093540314
"R-HSA-8939902","Regulation of RUNX2 expression and activity",44,0.393163769899612,1.45245424677664,0.0237448486127961,0.27916228256472,0.27916228256472,1553,"tags=59%, list=36%, signal=38%","5689/6772/5719/5688/5684/5707/5683/5691/5704/5709/5701/10213/5685/9978/5714/5687/11047/2101/5690/5700/9861/5686/5702/5692/5694/59269",0.352487857583619
"R-HSA-5669034","TNFs bind their physiological receptors",9,0.59901752295217,1.45226492537144,0.0776515151515152,0.459979338842975,0.459979338842975,20,"tags=22%, list=0%, signal=22%","10673/8740",0.222056046145248
"R-HSA-450341","Activation of the AP-1 family of transcription factors",4,-0.764991896272285,-1.45040980084996,0.0794979079497908,0.467516577798589,0.467516577798589,1020,"tags=100%, list=24%, signal=76%","1386/5594/2353/3725",0.231126709673834
"R-HSA-69620","Cell Cycle Checkpoints",168,-0.300961558113517,-1.44742491148743,0.0102582783370635,0.21152829634274,0.21152829634274,602,"tags=21%, list=14%, signal=19%","54820/5515/83695/1452/55143/5525/57405/9088/3796/55055/7514/5501/55166/79003/7324/10971/57122/1027/54908/10403/27338/891/9212/5527/332/1029/4928/11065/890/991/51512/7533/1062/699/1063",0.380730400722792
"R-HSA-9664420","Killing mechanisms",3,-0.841293534672302,-1.44241715786804,0.0731616508508015,0.443049551063032,0.443049551063032,218,"tags=67%, list=5%, signal=63%","5879/3725",0.287805130535564
"R-HSA-9673324","WNT5:FZD7-mediated leishmania damping",3,-0.841293534672302,-1.44241715786804,0.0731616508508015,0.443049551063032,0.443049551063032,218,"tags=67%, list=5%, signal=63%","5879/3725",0.287805130535564
"R-HSA-192105","Synthesis of bile acids and bile salts",3,0.838956100188089,1.4420341854083,0.0477099236641221,0.379920449208992,0.379920449208992,82,"tags=33%, list=2%, signal=33%","114883",0.287857117255149
"R-HSA-194068","Bile acid and bile salt metabolism",3,0.838956100188089,1.4420341854083,0.0477099236641221,0.379920449208992,0.379920449208992,82,"tags=33%, list=2%, signal=33%","114883",0.287857117255149
"R-HSA-9006115","Signaling by NTRK2 (TRKB)",6,-0.671852548755741,-1.4407703161542,0.097609561752988,0.50395730748408,0.50395730748408,963,"tags=67%, list=22%, signal=52%","5781/2885/5295/5879",0.20207170902116
"R-HSA-5678895","Defective CFTR causes cystic fibrosis",41,0.395731191016883,1.4404506255799,0.0319548965664136,0.307853852967643,0.307853852967643,1511,"tags=54%, list=35%, signal=35%","5689/5719/5688/5684/5707/5683/5691/5704/5709/5701/10213/5685/5714/5687/11047/5690/5700/9861/5686/5702/5692/5694",0.321775918075361
"R-HSA-3108232","SUMO E3 ligases SUMOylate target proteins",94,-0.331236974153518,-1.43828142029642,0.0279896266614731,0.296942803980412,0.296942803980412,610,"tags=23%, list=14%, signal=21%","8554/9994/8517/55143/115426/142/7428/10762/6670/57122/6790/9212/10274/332/1029/4928/9818/5885/1069/2908/7153/4792",0.352487857583619
"R-HSA-5362768","Hh mutants are degraded by ERAD",39,0.400579372238984,1.43699458831681,0.040815587598188,0.34862988553596,0.34862988553596,1511,"tags=56%, list=35%, signal=37%","5689/5719/5688/5684/5707/5683/5691/5704/5709/5701/10213/5685/5714/5687/11047/5690/5700/9861/5686/5702/5692/5694",0.321775918075361
"R-HSA-5387390","Hh mutants abrogate ligand secretion",39,0.400579372238984,1.43699458831681,0.040815587598188,0.34862988553596,0.34862988553596,1511,"tags=56%, list=35%, signal=37%","5689/5719/5688/5684/5707/5683/5691/5704/5709/5701/10213/5685/5714/5687/11047/5690/5700/9861/5686/5702/5692/5694",0.321775918075361
"R-HSA-449836","Other interleukin signaling",10,0.561896662339405,1.43609808442388,0.0958904109589041,0.500037586919752,0.500037586919752,326,"tags=40%, list=8%, signal=37%","9235/6813/6810/3588",0.20207170902116
"R-HSA-8939211","ESR-mediated signaling",73,-0.352233625886317,-1.43585072886726,0.0228388089542101,0.27916228256472,0.27916228256472,544,"tags=22%, list=13%, signal=19%","5295/7392/2962/23112/2963/7514/2771/208/1027/3838/10274/5885/2353/2354/3725/2289",0.352487857583619
"R-HSA-9931269","AMPK-induced ERAD and lysosome mediated degradation of PD-L1(CD274)",44,0.388468846277978,1.43510991783638,0.0511363636363636,0.391085147247119,0.391085147247119,1511,"tags=55%, list=35%, signal=36%","5689/5719/5688/5684/5564/5707/5562/5683/5691/5704/5709/5701/10213/5685/5714/5687/11047/5690/5700/9861/5686/5702/5692/5694",0.276500599254472
"R-HSA-8963889","Assembly of active LPL and LIPC lipase complexes",2,0.941770626752863,1.43381708198883,0.0245755574395338,0.27916228256472,0.27916228256472,2,"tags=50%, list=0%, signal=50%","5045",0.352487857583619
"R-HSA-5668914","Diseases of metabolism",50,0.368942023260315,1.43305195187466,0.0454382885842982,0.374389417267097,0.374389417267097,841,"tags=28%, list=19%, signal=23%","353/2992/3073/8818/2937/1892/326625/8813/3251/1738/2730/2683/5236/100",0.321775918075361
"R-HSA-69541","Stabilization of p53",41,0.393526145703317,1.43242432142834,0.03576188243291,0.325453108844751,0.325453108844751,1511,"tags=56%, list=35%, signal=37%","5689/5719/5688/5684/5707/5683/5691/5704/5709/4193/5701/10213/5685/5714/5687/11047/5690/5700/9861/5686/5702/5692/5694",0.321775918075361
"R-HSA-9909505","Modulation of host responses by IFN-stimulated genes",7,-0.629775348365216,-1.42534116479177,0.10934393638171,0.533297222652111,0.533297222652111,579,"tags=43%, list=13%, signal=37%","8517/3551/2289",0.190023305279108
"R-HSA-379726","Mitochondrial tRNA aminoacylation",2,0.935200185142328,1.42381378484855,0.0297835531148559,0.299812344000524,0.299812344000524,282,"tags=100%, list=7%, signal=94%","27068/55699",0.352487857583619
"R-HSA-5619084","ABC transporter disorders",43,0.383777201673769,1.42039045174898,0.0361313683872756,0.326988883904844,0.326988883904844,1511,"tags=51%, list=35%, signal=34%","5689/5719/5688/5684/5707/5683/5691/5704/5709/5701/10213/5685/5714/5687/11047/5690/5700/9861/5686/5702/5692/5694",0.321775918075361
"R-HSA-175474","Assembly Of The HIV Virion",10,0.555578991632283,1.41995135245586,0.107632093933464,0.531311154598826,0.531311154598826,672,"tags=40%, list=16%, signal=34%","5045/79720/9397/7251",0.190023305279108
"R-HSA-2142691","Synthesis of Leukotrienes (LT) and Eoxins (EX)",3,0.826010059885383,1.4197819690194,0.0572519083969466,0.410663641520136,0.410663641520136,321,"tags=67%, list=7%, signal=62%","241/4048",0.261663521711573
"R-HSA-9640148","Infection with Enterobacteria",16,0.494168304477372,1.4190192522701,0.0770712909441233,0.458208514408675,0.458208514408675,313,"tags=25%, list=7%, signal=23%","3043/3039/2633/3040",0.224966093540314
"R-HSA-2980766","Nuclear Envelope Breakdown",31,-0.416603370036982,-1.4187437519859,0.0482234409721044,0.380635399121178,0.380635399121178,432,"tags=26%, list=10%, signal=23%","10762/5579/4001/57122/891/4928/9818/7112",0.321775918075361
"R-HSA-1234174","Cellular response to hypoxia",46,0.371860202340802,1.41827209996311,0.0532319391634981,0.398229393121873,0.398229393121873,1511,"tags=61%, list=35%, signal=40%","5689/5719/5688/25994/5684/5707/5683/5691/5704/3091/5709/2033/5701/10213/5685/9978/8453/5714/5687/11047/5690/5700/7323/9861/5686/5702/5692/5694",0.271288554688953
"R-HSA-9825892","Regulation of MITF-M-dependent genes involved in cell cycle and proliferation",10,-0.565283929191569,-1.41817923283043,0.0977596741344195,0.50395730748408,0.50395730748408,154,"tags=30%, list=4%, signal=29%","891/1029/994",0.204294756516886
"R-HSA-8986944","Transcriptional Regulation by MECP2",26,-0.429696537771532,-1.41658765951485,0.0601202404809619,0.410663641520136,0.410663641520136,135,"tags=12%, list=3%, signal=11%","9212/814/2289",0.261663521711573
"R-HSA-5358346","Hedgehog ligand biogenesis",41,0.38895690487492,1.41579241078016,0.03955951009026,0.346135353837564,0.346135353837564,1511,"tags=54%, list=35%, signal=35%","5689/5719/5688/5684/5707/5683/5691/5704/5709/5701/10213/5685/5714/5687/11047/5690/5700/9861/5686/5702/5692/5694",0.321775918075361
"R-HSA-9635486","Infection with Mycobacterium tuberculosis",18,0.47644457370643,1.41435589183922,0.096078431372549,0.500037586919752,0.500037586919752,483,"tags=33%, list=11%, signal=30%","51606/11151/2023/5868/3836/57674",0.20207170902116
"R-HSA-198933","Immunoregulatory interactions between a Lymphoid and a non-Lymphoid cell",41,0.388539281390044,1.41427227280848,0.03955951009026,0.346135353837564,0.346135353837564,181,"tags=20%, list=4%, signal=19%","7305/3689/57823/959/10870/10219/9976/3384",0.321775918075361
"R-HSA-9772573","Late SARS-CoV-2 Infection Events",39,0.394058806545307,1.41360342475737,0.0581395348837209,0.410663641520136,0.410663641520136,1090,"tags=41%, list=25%, signal=31%","5045/1650/51304/3703/1603/3276/58505/6184/821/6185/83666/100128731/11320/7341/2530/55741",0.261663521711573
"R-HSA-75205","Dissolution of Fibrin Clot",3,0.821658646941742,1.41230257144645,0.0610687022900763,0.410663641520136,0.410663641520136,240,"tags=67%, list=6%, signal=63%","5269/302",0.252961123069611
"R-HSA-1566948","Elastic fibre formation",3,0.821179393931726,1.41147881055628,0.0610687022900763,0.410663641520136,0.410663641520136,2,"tags=33%, list=0%, signal=33%","5045",0.252961123069611
"R-HSA-373076","Class A/1 (Rhodopsin-like receptors)",20,0.462889490979147,1.40953967111737,0.0914396887159533,0.49775,0.49775,160,"tags=30%, list=4%, signal=29%","2833/6375/8477/10316/301/1235",0.206587922696891
"R-HSA-2990846","SUMOylation",97,-0.320279134679854,-1.40941404944612,0.0305517796832946,0.299812344000524,0.299812344000524,610,"tags=23%, list=14%, signal=20%","8554/9994/8517/55143/115426/142/7428/10762/6670/57122/6790/9212/10274/332/1029/4928/9818/5885/1069/2908/7153/4792",0.352487857583619
"R-HSA-453274","Mitotic G2-G2/M phases",124,-0.306004202503496,-1.40678765059352,0.016992861685485,0.256753510523144,0.256753510523144,507,"tags=19%, list=12%, signal=17%","9088/84131/22995/1869/7514/5116/5108/6790/55320/9662/440145/10426/891/9702/1069/890/11064/51512/653784/80097/22974/994/1063",0.352487857583619
"R-HSA-429947","Deadenylation of mRNA",13,-0.513539294453522,-1.40330185920844,0.106918238993711,0.530868298185692,0.530868298185692,1135,"tags=69%, list=26%, signal=51%","25904/9775/246175/1981/29883/1977/1974/1975/23019",0.197822021315103
"R-HSA-9022699","MECP2 regulates neuronal receptors and channels",8,-0.586376651584325,-1.40041988960945,0.0934959349593496,0.498549606131573,0.498549606131573,2,"tags=12%, list=0%, signal=13%","2289",0.208955027549354
"R-HSA-3371568","Attenuation phase",9,0.577601455684524,1.40034356724669,0.0909090909090909,0.49775,0.49775,898,"tags=44%, list=21%, signal=35%","3326/2033/3320/3281",0.204294756516886
"R-HSA-9604323","Negative regulation of NOTCH4 signaling",42,0.383052186954942,1.40014538561941,0.0666666666666667,0.429249011857707,0.429249011857707,1511,"tags=57%, list=35%, signal=38%","5689/5719/5688/5684/5707/5683/5691/5704/5709/5701/10213/5685/9978/5714/5687/11047/207/5690/5700/9861/5686/5702/5692/5694",0.241339976815091
"R-HSA-168138","Toll Like Receptor 9 (TLR9) Cascade",43,-0.368673256046223,-1.40009770232501,0.0709691326606577,0.43816304734781,0.438163047347811,1069,"tags=44%, list=25%, signal=34%","7311/9252/1386/79155/5594/841/3146/7314/4793/6885/5515/5604/8517/3551/51135/92610/2353/3725/4792",0.287805130535564
"R-HSA-168181","Toll Like Receptor 7/8 (TLR7/8) Cascade",43,-0.368673256046223,-1.40009770232501,0.0709691326606577,0.43816304734781,0.438163047347811,1069,"tags=44%, list=25%, signal=34%","7311/9252/1386/79155/5594/841/3146/7314/4793/6885/5515/5604/8517/3551/51135/92610/2353/3725/4792",0.287805130535564
"R-HSA-975138","TRAF6 mediated induction of NFkB and MAP kinases upon TLR7/8 or 9 activation",43,-0.368673256046223,-1.40009770232501,0.0709691326606577,0.43816304734781,0.438163047347811,1069,"tags=44%, list=25%, signal=34%","7311/9252/1386/79155/5594/841/3146/7314/4793/6885/5515/5604/8517/3551/51135/92610/2353/3725/4792",0.287805130535564
"R-HSA-975155","MyD88 dependent cascade initiated on endosome",43,-0.368673256046223,-1.40009770232501,0.0709691326606577,0.43816304734781,0.438163047347811,1069,"tags=44%, list=25%, signal=34%","7311/9252/1386/79155/5594/841/3146/7314/4793/6885/5515/5604/8517/3551/51135/92610/2353/3725/4792",0.287805130535564
"R-HSA-168142","Toll Like Receptor 10 (TLR10) Cascade",43,-0.368673256046223,-1.40009770232501,0.0709691326606577,0.43816304734781,0.438163047347811,1069,"tags=44%, list=25%, signal=34%","7311/9252/1386/79155/5594/841/3146/7314/4793/6885/5515/5604/8517/3551/51135/92610/2353/3725/4792",0.287805130535564
"R-HSA-168176","Toll Like Receptor 5 (TLR5) Cascade",43,-0.368673256046223,-1.40009770232501,0.0709691326606577,0.43816304734781,0.438163047347811,1069,"tags=44%, list=25%, signal=34%","7311/9252/1386/79155/5594/841/3146/7314/4793/6885/5515/5604/8517/3551/51135/92610/2353/3725/4792",0.287805130535564
"R-HSA-975871","MyD88 cascade initiated on plasma membrane",43,-0.368673256046223,-1.40009770232501,0.0709691326606577,0.43816304734781,0.438163047347811,1069,"tags=44%, list=25%, signal=34%","7311/9252/1386/79155/5594/841/3146/7314/4793/6885/5515/5604/8517/3551/51135/92610/2353/3725/4792",0.287805130535564
"R-HSA-9645460","Alpha-protein kinase 1 signaling pathway",7,-0.61834307217939,-1.39946702745497,0.115308151093439,0.541531440162272,0.541531440162272,1069,"tags=57%, list=25%, signal=43%","7311/7314/6885/92610",0.184706471207739
"R-HSA-1912408","Pre-NOTCH Transcription and Translation",14,-0.496884907463577,-1.39896053275236,0.0815109343936382,0.470631375425028,0.470631375425028,542,"tags=29%, list=13%, signal=25%","7027/23112/1869/3725",0.222056046145248
"R-HSA-174084","Autodegradation of Cdh1 by Cdh1:APC/C",46,0.366720556269213,1.39866952732658,0.064638783269962,0.417843563280826,0.417843563280826,1511,"tags=59%, list=35%, signal=39%","246184/5689/5719/5688/5684/5707/10393/5683/5691/51433/5704/5709/5701/10213/5685/5714/29945/5687/11047/5690/5700/9861/5686/5702/119504/5692/5694",0.245041785430996
"R-HSA-9843745","Adipogenesis",35,0.392988506420211,1.39854052884694,0.0724070450097847,0.44244789433056,0.44244789433056,749,"tags=31%, list=17%, signal=26%","5970/54815/10001/400569/892/55588/2033/3066/29079/80205/5928",0.234392647294686
"R-HSA-9958825","Activation of STAT3 by cadherin engagement",50,0.359936439161876,1.39807228283074,0.06,0.410663641520136,0.410663641520136,1511,"tags=58%, list=35%, signal=38%","5689/5970/5719/60/5688/998/5684/79872/5707/5683/5691/5704/5709/1499/5701/10213/5685/5714/5687/11047/1520/5690/71/5700/9861/5686/5702/5692/5694",0.261663521711573
"R-HSA-9976102","Differentiation of naive CD4+ T cells to T helper 2 cells (Th2 cells)",33,-0.401467838740995,-1.39699285154925,0.0618556701030928,0.410663641520136,0.410663641520136,297,"tags=21%, list=7%, signal=20%","4773/4094/4297/51621/2353/2113/3725",0.261663521711573
"R-HSA-9006931","Signaling by Nuclear Receptors",85,-0.325430658902203,-1.39622303798377,0.0384789043015294,0.340663777756475,0.340663777756475,544,"tags=21%, list=13%, signal=19%","5295/7392/2962/23112/2963/7514/2771/208/10123/1027/2171/3838/10274/5885/2353/2354/3725/2289",0.321775918075361
"R-HSA-9645723","Diseases of programmed cell death",30,-0.412663696179635,-1.39524177270293,0.0643863179074447,0.417843563280826,0.417843563280826,425,"tags=23%, list=10%, signal=21%","8726/8717/4001/1029/3725/2146/994",0.252961123069611
"R-HSA-1433559","Regulation of KIT signaling",7,-0.616327081213381,-1.39490432915444,0.115308151093439,0.541531440162272,0.541531440162272,617,"tags=43%, list=14%, signal=37%","2885/867/8651",0.184706471207739
"R-HSA-2465910","MASTL Facilitates Mitotic Progression",7,-0.615839186008919,-1.39380009870016,0.115308151093439,0.541531440162272,0.541531440162272,1170,"tags=71%, list=27%, signal=52%","10776/983/5515/84930/891",0.184706471207739
"R-HSA-9694614","Attachment and Entry",2,0.915436017649009,1.39372344208545,0.0477932464524756,0.379920449208992,0.379920449208992,2,"tags=50%, list=0%, signal=50%","5045",0.321775918075361
"R-HSA-69275","G2/M Transition",122,-0.303197860779325,-1.39322094720056,0.0194987665055285,0.26918212404666,0.26918212404666,241,"tags=14%, list=6%, signal=14%","5108/6790/55320/9662/440145/10426/891/9702/1069/890/11064/51512/653784/80097/22974/994/1063",0.352487857583619
"R-HSA-110056","MAPK3 (ERK1) activation",4,-0.734660801111368,-1.39290263259592,0.108786610878661,0.53217233970372,0.532172339703721,1151,"tags=100%, list=27%, signal=73%","3716/5781/983/5604",0.195789002148949
"R-HSA-933543","NF-kB activation through FADD/RIP-1 pathway mediated by caspase-8 and -10",3,-0.812268518518519,-1.39265309861621,0.0941422594142259,0.498549606131573,0.498549606131573,815,"tags=100%, list=19%, signal=81%","841/8517/3551",0.211400189384923
"R-HSA-75892","Platelet Adhesion to exposed collagen",4,0.74167050140841,1.39206014068322,0.103053435114504,0.521347968327723,0.521347968327723,1044,"tags=75%, list=24%, signal=57%","2207/3672/3688",0.191892240384838
"R-HSA-8849471","PTK6 Regulates RHO GTPases, RAS GTPase and MAP kinases",4,-0.734024217221389,-1.39169568188495,0.110878661087866,0.535377673796791,0.535377673796791,548,"tags=50%, list=13%, signal=44%","9844/5879",0.193813302725311
"R-HSA-9759194","Nuclear events mediated by NFE2L2",54,0.353369714415812,1.39142491707169,0.050524740654383,0.391085147247119,0.391085147247119,1056,"tags=39%, list=24%, signal=30%","5689/5970/5719/5688/5684/7295/5707/5683/5691/5704/5709/5052/2730/2033/5701/10213/5685/9978/5714/5687/11047",0.321775918075361
"R-HSA-1474244","Extracellular matrix organization",40,0.378127727837681,1.39038620317593,0.0534351145038168,0.398229393121873,0.398229393121873,186,"tags=15%, list=4%, signal=14%","5045/3689/7076/8728/3384/60",0.271288554688953
"R-HSA-933542","TRAF6 mediated NF-kB activation",7,-0.613804569822081,-1.38919524680626,0.119284294234592,0.552028736670884,0.552028736670884,774,"tags=71%, list=18%, signal=59%","3146/4793/8517/3551/4792",0.181383128498408
"R-HSA-9918432","Maturation of DENV proteins",39,0.387012755928584,1.38832719411014,0.062015503875969,0.410663641520136,0.410663641520136,1016,"tags=41%, list=24%, signal=32%","1650/3703/1603/8818/58505/5611/3836/8813/9789/6184/821/6185/811/100128731/90701/7341",0.252961123069611
"R-HSA-111447","Activation of BAD and translocation to mitochondria",11,-0.528323409076142,-1.38736219420639,0.113590263691684,0.541048361268282,0.541048361268282,876,"tags=45%, list=20%, signal=36%","7534/5534/10971/208/7533",0.188204146308491
"R-HSA-70263","Gluconeogenesis",8,0.569890636358184,1.3868724673233,0.115686274509804,0.541531440162272,0.541531440162272,735,"tags=50%, list=17%, signal=42%","226/2023/7167/2597",0.183023938384487
"R-HSA-174403","Glutathione synthesis and recycling",4,0.738133827274832,1.38542206746527,0.104961832061069,0.527067406819984,0.527067406819984,1135,"tags=100%, list=26%, signal=74%","79017/2937/2730/55748",0.190023305279108
"R-HSA-430116","GP1b-IX-V activation signalling",4,-0.729948298495253,-1.38396781901913,0.119246861924686,0.552028736670884,0.552028736670884,876,"tags=75%, list=20%, signal=60%","7534/5894/5295",0.186432558434075
"R-HSA-380108","Chemokine receptors bind chemokines",9,0.570477291624017,1.3830716625173,0.100378787878788,0.514204545454545,0.514204545454545,674,"tags=56%, list=16%, signal=47%","2833/6375/1235/10663/6846",0.193813302725311
"R-HSA-75876","Synthesis of very long-chain fatty acyl-CoAs",9,0.569661213903555,1.38109315436955,0.102272727272727,0.519010195412065,0.519010195412065,554,"tags=33%, list=13%, signal=29%","201562/9524/51703",0.191892240384838
"R-HSA-5601884","PIWI-interacting RNA (piRNA) biogenesis",14,0.485088489775311,1.38061220412858,0.094188376753507,0.498549606131573,0.498549606131573,1728,"tags=71%, list=40%, signal=43%","3320/5432/5435/113802/5441/5430/5440/5434/5436/5438",0.206587922696891
"R-HSA-5260271","Diseases of Immune System",7,-0.609577484412403,-1.37962828160645,0.125248508946322,0.558985811160435,0.558985811160435,774,"tags=71%, list=18%, signal=59%","3146/8517/3551/51135/4792",0.176694268938498
"R-HSA-5602358","Diseases associated with the TLR signaling cascade",7,-0.609577484412403,-1.37962828160645,0.125248508946322,0.558985811160435,0.558985811160435,774,"tags=71%, list=18%, signal=59%","3146/8517/3551/51135/4792",0.176694268938498
"R-HSA-1236975","Antigen processing-Cross presentation",66,0.339434017675455,1.37655500304072,0.0564516129032258,0.410663641520136,0.410663641520136,1511,"tags=55%, list=35%, signal=36%","4689/5689/5699/5721/5719/6810/5688/5684/5707/5683/5691/5704/5709/23480/5720/5701/10213/811/8673/5685/653361/5714/5687/11047/1520/5698/5696/5690/5700/10952/9861/5686/567/5702/5692/5694",0.271288554688953
"R-HSA-9909396","Circadian clock",60,0.351005020497275,1.37251543285895,0.0596153846153846,0.410663641520136,0.410663641520136,1511,"tags=52%, list=35%, signal=34%","1390/5689/5719/5499/5688/5684/5707/5683/5691/5704/5709/2033/80205/5701/10213/5685/9978/1453/5714/5687/11047/1460/5690/5700/6097/10135/9861/5686/5702/5692/5694",0.257206466468838
"R-HSA-3371571","HSF1-dependent transactivation",10,0.536935933505294,1.37230333840199,0.123287671232877,0.558985811160435,0.558985811160435,1690,"tags=70%, list=39%, signal=43%","3326/2033/3320/3281/818/3337/3312",0.176694268938498
"R-HSA-8939236","RUNX1 regulates transcription of genes involved in differentiation of HSCs",41,0.37699230699217,1.37224160433316,0.0566489088828641,0.410663641520136,0.410663641520136,1511,"tags=56%, list=35%, signal=37%","5689/5719/5688/5684/83737/5707/5683/5691/5704/5709/5701/10213/5685/5714/5687/11047/5690/5700/9861/5686/5702/5692/5694",0.321775918075361
"R-HSA-110320","Translesion Synthesis by POLH",15,0.480290781675416,1.37146805549384,0.115151515151515,0.541531440162272,0.541531440162272,808,"tags=33%, list=19%, signal=27%","5982/5984/6118/5983/55666",0.186432558434075
"R-HSA-9701898","STAT3 nuclear events downstream of ALK signaling",10,0.535872338400665,1.36958499712194,0.125244618395303,0.558985811160435,0.558985811160435,669,"tags=50%, list=15%, signal=42%","3561/3091/1786/2033/3066",0.175204047558551
"R-HSA-111932","CaMK IV-mediated phosphorylation of CREB",6,-0.638346363171517,-1.36891717265313,0.133466135458167,0.578057306286743,0.578057306286743,134,"tags=33%, list=3%, signal=32%","3838/814",0.170932335370056
"R-HSA-442729","CREB1 phosphorylation through the activation of CaMKII/CaMKK/CaMKIV cascasde",6,-0.638346363171517,-1.36891717265313,0.133466135458167,0.578057306286743,0.578057306286743,134,"tags=33%, list=3%, signal=32%","3838/814",0.170932335370056
"R-HSA-2559586","DNA Damage/Telomere Stress Induced Senescence",20,-0.438201990857713,-1.36733305829949,0.0942622950819672,0.498549606131573,0.498549606131573,521,"tags=25%, list=12%, signal=22%","57634/4001/1027/890/54386",0.208955027549354
"R-HSA-9820952","Respiratory Syncytial Virus Infection Pathway",52,0.352498601580094,1.36727038568927,0.0535372848948375,0.398229393121873,0.398229393121873,982,"tags=35%, list=23%, signal=27%","5045/5499/10001/5868/400569/3326/9246/892/8678/9789/55588/2033/3320/29079/5878/9978/3661/90701",0.271288554688953
"R-HSA-9920951","Dengue virus modulates apoptosis",8,-0.57209646123476,-1.36631508250482,0.121951219512195,0.558195316961736,0.558195316961736,762,"tags=50%, list=18%, signal=41%","4793/253260/79109/4792",0.181383128498408
"R-HSA-9816359","Maternal to zygotic transition (MZT)",25,-0.425917553190444,-1.36600435315571,0.0916666666666667,0.49775,0.49775,1135,"tags=40%, list=26%, signal=30%","25904/9775/246175/1981/29883/1977/1974/1975/23019/678",0.213927855492356
"R-HSA-611105","Respiratory electron transport",109,0.30684223143554,1.36484295380739,0.0435232649274887,0.367304893462698,0.367304893462698,1406,"tags=41%, list=33%, signal=29%","55967/4714/2806/4715/4718/25994/4711/152100/6341/4724/4706/84300/4191/3313/4716/1340/90639/4709/4704/55863/4700/1349/4708/4694/4723/54205/1347/2109/4728/4713/10975/84987/126328/790955/1337/7381/4519/1327/116228/4722/2108/4190/6391/1353/4725",0.321775918075361
"R-HSA-1660662","Glycosphingolipid metabolism",13,0.496078423188185,1.36386879115828,0.131428571428571,0.575529953917051,0.575529953917051,605,"tags=38%, list=14%, signal=33%","3073/25870/4074/30815/427",0.16823816568964
"R-HSA-2197563","NOTCH2 intracellular domain regulates transcription",3,0.792574982177411,1.36231230518852,0.0935114503816794,0.498549606131573,0.498549606131573,655,"tags=67%, list=15%, signal=57%","3002/2033",0.20207170902116
"R-HSA-75893","TNF signaling",32,-0.387420609989233,-1.36173620447685,0.0949367088607595,0.500037586919752,0.500037586919752,1265,"tags=50%, list=29%, signal=36%","10616/331/329/7311/84888/10273/841/7314/6885/1540/7322/8517/3551/8717/7128/8837",0.211400189384923
"R-HSA-6799198","Complex I biogenesis",52,0.351065175865269,1.36171041886619,0.0535372848948375,0.398229393121873,0.398229393121873,957,"tags=35%, list=22%, signal=27%","55967/4714/4715/4718/4711/4724/4706/3313/4716/4709/4704/55863/4700/4708/4694/4723/4728/4713",0.271288554688953
"R-HSA-416572","Sema4D induced cell migration and growth-cone collapse",9,0.561659618003517,1.36169399386528,0.111742424242424,0.535377673796791,0.535377673796791,515,"tags=44%, list=12%, signal=39%","389/103910/4637/3984",0.183023938384487
"R-HSA-1912420","Pre-NOTCH Processing in Golgi",7,0.609592215013902,1.36139887832116,0.130260521042084,0.573498348047446,0.573498348047446,1692,"tags=100%, list=39%, signal=61%","5045/488/2683/10959/4242/5870/489",0.173747838999571
"R-HSA-9706019","RHOBTB3 ATPase cycle",4,-0.716461487839634,-1.35839708754807,0.140167364016736,0.578057306286743,0.578057306286743,468,"tags=50%, list=11%, signal=45%","7428/10226",0.170932335370056
"R-HSA-69002","DNA Replication Pre-Initiation",74,0.326620120169131,1.3578136148857,0.0495856818896045,0.387388587137462,0.387388587137462,1511,"tags=51%, list=35%, signal=34%","246184/5689/5719/5688/6118/5684/3836/5707/10393/5683/5691/51433/5704/5709/8318/54107/5701/10213/5685/23649/5714/29945/5687/11047/4176/5690/4172/5700/51053/56655/9861/1017/4171/5686/5702/119504/5692/5694",0.321775918075361
"R-HSA-6811434","COPI-dependent Golgi-to-ER retrograde traffic",44,-0.356040794653796,-1.35700762066467,0.0907172995780591,0.49775,0.49775,678,"tags=25%, list=16%, signal=21%","10383/11004/3799/56992/84364/3796/29127/11014/3832/9585/1062",0.216542836735348
"R-HSA-77387","Insulin receptor recycling",13,0.493477898048348,1.35671916538731,0.137142857142857,0.578057306286743,0.578057306286743,1364,"tags=46%, list=32%, signal=32%","51606/51382/9550/9114/1509/9296",0.16440575583821
"R-HSA-73933","Resolution of Abasic Sites (AP sites)",27,0.406953401384665,1.35610198913219,0.0973630831643002,0.50395730748408,0.50395730748408,759,"tags=30%, list=18%, signal=25%","328/5982/2237/5984/6118/4913/54107/5983",0.204294756516886
"R-HSA-901032","ER Quality Control Compartment (ERQC)",12,-0.507723463005687,-1.3559370648057,0.125,0.558985811160435,0.558985811160435,1069,"tags=42%, list=25%, signal=31%","7311/7314/56886/11236/10206",0.186432558434075
"R-HSA-1268020","Mitochondrial protein import",35,0.380901235628816,1.35552517901164,0.0958904109589041,0.500037586919752,0.500037586919752,1497,"tags=54%, list=35%, signal=36%","4714/26517/401505/79145/84269/3313/90639/25813/51287/56993/50/7416/10245/54927/400916/3329/23203/9512/131118",0.20207170902116
"R-HSA-2730905","Role of LAT2/NTAL/LAB on calcium mobilization",6,0.642047081559349,1.35529109658651,0.14,0.578057306286743,0.578057306286743,201,"tags=33%, list=5%, signal=32%","2207/7462",0.166933848713193
"R-HSA-8948751","Regulation of PTEN stability and activity",43,0.365738095621926,1.35362626179091,0.0875232774674116,0.487337573652788,0.487337573652788,1511,"tags=56%, list=35%, signal=37%","5689/5719/5688/5684/5707/5683/5691/5704/5709/5701/10213/5685/5714/5687/11047/1460/207/5690/5700/9861/5686/5702/5692/5694",0.206587922696891
"R-HSA-8875656","MET receptor recycling",3,-0.788152238333574,-1.35130518033431,0.135983263598326,0.578057306286743,0.578057306286743,617,"tags=67%, list=14%, signal=57%","2885/382",0.173747838999571
"R-HSA-379716","Cytosolic tRNA aminoacylation",5,0.662408172480077,1.35091194078156,0.133587786259542,0.578057306286743,0.578057306286743,826,"tags=60%, list=19%, signal=49%","5464/9521/2193",0.166933848713193
"R-HSA-2995383","Initiation of Nuclear Envelope (NE) Reformation",15,-0.468934053586861,-1.34964571526392,0.116370808678501,0.542851679868888,0.542851679868888,940,"tags=47%, list=22%, signal=37%","983/2010/3930/5515/4001/891/7112",0.183023938384487
"R-HSA-9674555","Signaling by CSF3 (G-CSF)",16,-0.469467109640921,-1.34927946911597,0.12008281573499,0.554149877711893,0.554149877711893,1151,"tags=56%, list=27%, signal=41%","3716/7311/5781/7314/6774/7322/8065/2885/8651",0.184706471207739
"R-HSA-186797","Signaling by PDGF",10,0.527700121809474,1.34869840821919,0.140900195694716,0.579470071336551,0.579470071336551,96,"tags=20%, list=2%, signal=20%","5045/6772",0.16440575583821
"R-HSA-174048","APC/C:Cdc20 mediated degradation of Cyclin B",18,-0.438854591953982,-1.3481830761513,0.101626016260163,0.518961694319138,0.518961694319138,343,"tags=28%, list=8%, signal=26%","7324/27338/891/11065/991",0.199915231309662
"R-HSA-3560782","Diseases associated with glycosaminoglycan metabolism",4,0.717937015965756,1.34751416100429,0.137404580152672,0.578057306286743,0.578057306286743,805,"tags=50%, list=19%, signal=41%","3073/2683",0.16440575583821
"R-HSA-8964539","Glutamate and glutamine metabolism",5,0.66062399937488,1.34727330700202,0.139312977099237,0.578057306286743,0.578057306286743,433,"tags=40%, list=10%, signal=36%","2806/2744",0.163180127180689
"R-HSA-156711","Polo-like kinase mediated events",9,-0.561388124543093,-1.34714375160489,0.147679324894515,0.583905407060895,0.583905407060895,507,"tags=33%, list=12%, signal=29%","9088/891/1063",0.166933848713193
"R-HSA-3108214","SUMOylation of DNA damage response and repair proteins",45,-0.35151315161507,-1.34676227871039,0.0806794055201698,0.469381255686988,0.469381255686988,610,"tags=22%, list=14%, signal=19%","8554/142/10762/57122/10274/1029/4928/9818/5885/1069",0.231126709673834
"R-HSA-2029482","Regulation of actin dynamics for phagocytic cup formation",36,0.368669959018705,1.34591865074282,0.0799256505576208,0.468341312080447,0.468341312080447,1430,"tags=50%, list=33%, signal=34%","4771/60/10095/998/1072/3326/3984/3320/55845/919/10094/10109/4627/71/10163/4690/5058/10096",0.216542836735348
"R-HSA-445355","Smooth Muscle Contraction",17,0.455965575549557,1.34517490529016,0.135238095238095,0.578057306286743,0.578057306286743,917,"tags=53%, list=21%, signal=42%","301/302/103910/4637/10627/7168/3672/7170/309",0.165656695205483
"R-HSA-1482788","Acyl chain remodelling of PC",2,0.87917225104701,1.33851296244831,0.0851063829787234,0.479717293675918,0.479717293675918,92,"tags=50%, list=2%, signal=49%","254531",0.213927855492356
"R-HSA-1482839","Acyl chain remodelling of PE",2,0.87917225104701,1.33851296244831,0.0851063829787234,0.479717293675918,0.479717293675918,92,"tags=50%, list=2%, signal=49%","254531",0.213927855492356
"R-HSA-373755","Semaphorin interactions",22,0.42232732208799,1.33797815147047,0.115686274509804,0.541531440162272,0.541531440162272,793,"tags=41%, list=18%, signal=34%","7305/389/103910/1072/4637/3326/3984/3320/3672",0.183023938384487
"R-HSA-389958","Cooperation of Prefoldin and TriC/CCT  in actin and tubulin folding",20,0.438195132177558,1.33434315215986,0.140077821011673,0.578057306286743,0.578057306286743,1848,"tags=75%, list=43%, signal=43%","22948/60/5202/10574/10576/7203/5204/5201/908/7846/6950/10471/10376/5203/10694",0.16440575583821
"R-HSA-6791312","TP53 Regulates Transcription of Cell Cycle Genes",26,-0.404640737450912,-1.33398578955905,0.112224448897796,0.536110343854865,0.536110343854865,940,"tags=42%, list=22%, signal=33%","983/246175/29883/7832/7027/1869/1027/23019/6790/891/890",0.188204146308491
"R-HSA-5654689","PI-3K cascade:FGFR1",3,-0.778009259259259,-1.33391480890541,0.150627615062762,0.583905407060895,0.583905407060895,963,"tags=100%, list=22%, signal=78%","5781/2885/5295",0.16440575583821
"R-HSA-5654695","PI-3K cascade:FGFR2",3,-0.778009259259259,-1.33391480890541,0.150627615062762,0.583905407060895,0.583905407060895,963,"tags=100%, list=22%, signal=78%","5781/2885/5295",0.16440575583821
"R-HSA-5654710","PI-3K cascade:FGFR3",3,-0.778009259259259,-1.33391480890541,0.150627615062762,0.583905407060895,0.583905407060895,963,"tags=100%, list=22%, signal=78%","5781/2885/5295",0.16440575583821
"R-HSA-5654720","PI-3K cascade:FGFR4",3,-0.778009259259259,-1.33391480890541,0.150627615062762,0.583905407060895,0.583905407060895,963,"tags=100%, list=22%, signal=78%","5781/2885/5295",0.16440575583821
"R-HSA-389957","Prefoldin mediated transfer of substrate  to CCT/TriC",19,0.434831212099624,1.33313297529376,0.116634799235182,0.542851679868888,0.542851679868888,1848,"tags=74%, list=43%, signal=42%","22948/60/5202/10574/10576/7203/5204/5201/908/7846/6950/10471/5203/10694",0.179782316298324
"R-HSA-4655427","SUMOylation of DNA methylation proteins",6,0.631470865035081,1.3329658614089,0.154,0.583905407060895,0.583905407060895,1016,"tags=67%, list=24%, signal=51%","1788/6015/1786/7341",0.158514105424824
"R-HSA-918233","TRAF3-dependent IRF activation pathway",7,0.596815652708657,1.33286505331034,0.162324649298597,0.598513265262528,0.598513265262528,1261,"tags=71%, list=29%, signal=51%","2033/9641/80143/3661/29110",0.154190966581424
"R-HSA-445989","TAK1-dependent IKK and NF-kappa-B activation",21,-0.416694638085282,-1.3282829462726,0.120967741935484,0.556656642974303,0.556656642974303,815,"tags=43%, list=19%, signal=35%","841/3146/7314/4793/6885/8517/3551/92610/4792",0.181383128498408
"R-HSA-8964616","G beta:gamma signalling through CDC42",9,0.547839467653193,1.32818826348494,0.140151515151515,0.578057306286743,0.578057306286743,500,"tags=33%, list=12%, signal=30%","998/2793/54331",0.161978948883402
"R-HSA-375165","NCAM signaling for neurite out-growth",9,-0.553335721159484,-1.32782067648202,0.149789029535865,0.583905407060895,0.583905407060895,1067,"tags=67%, list=25%, signal=50%","9252/5594/5786/6709/2885/7903",0.165656695205483
"R-HSA-15869","Metabolism of nucleotides",40,0.361100803221793,1.32777772639527,0.0954198473282443,0.500037586919752,0.500037586919752,580,"tags=30%, list=13%, signal=26%","353/10606/79077/7378/3615/7083/10591/1503/7295/4830/3704/3251",0.199915231309662
"R-HSA-9733458","Induction of Cell-Cell Fusion",1,0.99976862563628,1.32749127554559,0.000598374488944871,0.0406601608347581,0.0406601608347581,2,"tags=100%, list=0%, signal=100%","5045",0.477270815362862
"R-HSA-159782","Removal of aminoterminal propeptides from gamma-carboxylated proteins",1,0.99976862563628,1.32749127554559,0.000598374488944871,0.0406601608347581,0.0406601608347581,2,"tags=100%, list=0%, signal=100%","5045",0.477270815362862
"R-HSA-159854","Gamma-carboxylation, transport, and amino-terminal cleavage of proteins",1,0.99976862563628,1.32749127554559,0.000598374488944871,0.0406601608347581,0.0406601608347581,2,"tags=100%, list=0%, signal=100%","5045",0.477270815362862
"R-HSA-8940973","RUNX2 regulates osteoblast differentiation",5,-0.651275489016469,-1.32745986504496,0.173640167364017,0.612099198396794,0.612099198396794,897,"tags=40%, list=21%, signal=32%","5594/4094",0.152144922367565
"R-HSA-110312","Translesion synthesis by REV1",16,0.461540471638517,1.32532744213437,0.136801541425819,0.578057306286743,0.578057306286743,759,"tags=31%, list=18%, signal=26%","5982/5984/6118/10459/5983",0.165656695205483
"R-HSA-5655862","Translesion synthesis by POLK",16,0.461540471638517,1.32532744213437,0.136801541425819,0.578057306286743,0.578057306286743,759,"tags=31%, list=18%, signal=26%","5982/5984/6118/10459/5983",0.165656695205483
"R-HSA-5656121","Translesion synthesis by POLI",16,0.461540471638517,1.32532744213437,0.136801541425819,0.578057306286743,0.578057306286743,759,"tags=31%, list=18%, signal=26%","5982/5984/6118/10459/5983",0.165656695205483
"R-HSA-196299","Beta-catenin phosphorylation cascade",7,-0.584916156521907,-1.32381344872677,0.15506958250497,0.583905407060895,0.583905407060895,601,"tags=57%, list=14%, signal=49%","5515/1452/5525/5527",0.157402899305283
"R-HSA-4641262","Disassembly of the destruction complex and recruitment of AXIN to the membrane",7,-0.584916156521907,-1.32381344872677,0.15506958250497,0.583905407060895,0.583905407060895,601,"tags=57%, list=14%, signal=49%","5515/1452/5525/5527",0.157402899305283
"R-HSA-4839743","Signaling by CTNNB1 phospho-site mutants",7,-0.584916156521907,-1.32381344872677,0.15506958250497,0.583905407060895,0.583905407060895,601,"tags=57%, list=14%, signal=49%","5515/1452/5525/5527",0.157402899305283
"R-HSA-5339716","Signaling by GSK3beta mutants",7,-0.584916156521907,-1.32381344872677,0.15506958250497,0.583905407060895,0.583905407060895,601,"tags=57%, list=14%, signal=49%","5515/1452/5525/5527",0.157402899305283
"R-HSA-5358747","CTNNB1 S33 mutants aren't phosphorylated",7,-0.584916156521907,-1.32381344872677,0.15506958250497,0.583905407060895,0.583905407060895,601,"tags=57%, list=14%, signal=49%","5515/1452/5525/5527",0.157402899305283
"R-HSA-5358749","CTNNB1 S37 mutants aren't phosphorylated",7,-0.584916156521907,-1.32381344872677,0.15506958250497,0.583905407060895,0.583905407060895,601,"tags=57%, list=14%, signal=49%","5515/1452/5525/5527",0.157402899305283
"R-HSA-5358751","CTNNB1 S45 mutants aren't phosphorylated",7,-0.584916156521907,-1.32381344872677,0.15506958250497,0.583905407060895,0.583905407060895,601,"tags=57%, list=14%, signal=49%","5515/1452/5525/5527",0.157402899305283
"R-HSA-5358752","CTNNB1 T41 mutants aren't phosphorylated",7,-0.584916156521907,-1.32381344872677,0.15506958250497,0.583905407060895,0.583905407060895,601,"tags=57%, list=14%, signal=49%","5515/1452/5525/5527",0.157402899305283
"R-HSA-9013409","RHOJ GTPase cycle",22,-0.419986125577458,-1.32348596951315,0.123983739837398,0.558985811160435,0.558985811160435,544,"tags=27%, list=13%, signal=24%","5295/5062/81704/23048/9497/7112",0.179782316298324
"R-HSA-9909648","Regulation of PD-L1(CD274) expression",93,0.311104735966419,1.32296929688637,0.0630975143403442,0.414459076050083,0.414459076050083,1083,"tags=39%, list=25%, signal=30%","1650/5689/6772/5970/5719/3703/5688/1603/5684/5564/9070/58505/5707/5562/5683/5691/5704/10987/3091/5709/6184/2033/1499/3659/6185/5928/5701/10213/5685/9978/100128731/1019/5714/5687/11047/1460",0.248911114434702
"R-HSA-5357905","Regulation of TNFR1 signaling",29,-0.388990839499692,-1.32185616964179,0.125,0.558985811160435,0.558985811160435,1265,"tags=52%, list=29%, signal=37%","10616/331/329/7311/84888/10273/841/7314/1540/7322/8517/3551/8717/7128/8837",0.179782316298324
"R-HSA-5579029","Metabolic disorders of biological oxidation enzymes",5,0.648156035504507,1.32184620333773,0.148854961832061,0.583905407060895,0.583905407060895,1347,"tags=80%, list=31%, signal=55%","2937/2730/191/2230",0.157402899305283
"R-HSA-390450","Folding of actin by CCT/TriC",9,0.545009166628879,1.32132644935036,0.147727272727273,0.583905407060895,0.583905407060895,681,"tags=44%, list=16%, signal=38%","22948/60/10574/10576",0.157402899305283
"R-HSA-3371511","HSF1 activation",11,0.508802391326604,1.31927296460793,0.155206286836935,0.583905407060895,0.583905407060895,898,"tags=36%, list=21%, signal=29%","6118/3326/3320/3281",0.156312403073186
"R-HSA-199220","Vitamin B5 (pantothenate) metabolism",4,-0.695342201457154,-1.31835533010545,0.165271966527197,0.599490445859873,0.599490445859873,77,"tags=25%, list=2%, signal=25%","80025",0.156312403073186
"R-HSA-9842663","Signaling by LTK",2,-0.857903263133534,-1.31801538250345,0.107216494845361,0.530868298185692,0.530868298185692,617,"tags=100%, list=14%, signal=86%","2885/5295",0.195789002148949
"R-HSA-1963642","PI3K events in ERBB2 signaling",2,-0.857903263133534,-1.31801538250345,0.107216494845361,0.530868298185692,0.530868298185692,617,"tags=100%, list=14%, signal=86%","2885/5295",0.195789002148949
"R-HSA-193648","NRAGE signals death through JNK",14,-0.467727624804985,-1.31686931390272,0.135188866799205,0.578057306286743,0.578057306286743,555,"tags=29%, list=13%, signal=25%","9138/89846/5879/11214",0.169570644405628
"R-HSA-1428517","Aerobic respiration and respiratory electron transport",148,0.285629634524771,1.31666090958168,0.0455373406193078,0.374389417267097,0.374389417267097,1173,"tags=34%, list=27%, signal=25%","4200/55967/5160/4714/2806/4715/4718/25994/57001/4711/3939/152100/5315/6341/4724/4706/2739/84300/4191/54949/5162/3313/1738/4716/1340/90639/4709/4704/55863/4700/1349/4708/4694/4723/54205/1347/2109/4728/4713/50/10975/84987/7416/8801/126328/790955/1337/7381/1743/4519",0.287857117255149
"R-HSA-6781827","Transcription-Coupled Nucleotide Excision Repair (TC-NER)",54,0.334309141378431,1.31637220265975,0.0803738317757009,0.46927946940006,0.46927946940006,1660,"tags=50%, list=38%, signal=31%","5982/5984/8533/6118/51138/10987/54107/5432/5435/5983/27339/9978/5441/5425/5430/5440/10920/7507/1642/10450/56655/5434/2067/7874/5436/5111/10980",0.216542836735348
"R-HSA-176187","Activation of ATR in response to replication stress",24,0.410858351538071,1.31476232423912,0.148854961832061,0.583905407060895,0.583905407060895,1422,"tags=46%, list=33%, signal=31%","5982/5984/6118/5883/8318/5983/5810/4176/4172/1017/4171",0.157402899305283
"R-HSA-162658","Golgi Cisternae Pericentriolar Stack Reorganization",10,-0.523930869147469,-1.31443304805492,0.162932790224033,0.598513265262528,0.598513265262528,940,"tags=50%, list=22%, signal=39%","983/5594/5347/891/5862",0.155241966228839
"R-HSA-3214841","PKMTs methylate histone lysines",17,-0.446114363083628,-1.31424005368096,0.155136268343816,0.583905407060895,0.583905407060895,425,"tags=29%, list=10%, signal=27%","8726/55870/387893/4297/2146",0.161978948883402
"R-HSA-110313","Translesion synthesis by Y family DNA polymerases bypasses lesions on DNA template",28,0.390402683993192,1.31370785646875,0.105577689243028,0.527564588272676,0.527564588272676,808,"tags=29%, list=19%, signal=23%","5982/5984/6118/9246/10459/54107/5983/55666",0.193813302725311
"R-HSA-69239","Synthesis of DNA",89,0.308785988942703,1.31329345909234,0.0604288499025341,0.410663641520136,0.410663641520136,1511,"tags=49%, list=35%, signal=33%","246184/5689/5982/5719/2237/5984/5688/6118/5684/5707/10393/5683/5691/51659/51433/5704/5709/8318/54107/5983/5701/10213/5685/9978/23649/5714/5425/29945/5687/11047/4176/5690/4172/5700/51053/56655/9861/1017/4171/5686/5702/119504/5692/5694",0.257206466468838
"R-HSA-8866652","Synthesis of active ubiquitin: roles of E1 and E2 enzymes",22,-0.416701902432362,-1.31313652464207,0.132113821138211,0.576979663898516,0.576979663898516,778,"tags=41%, list=18%, signal=34%","55236/7314/7322/10477/7324/54926/7326/27338/11065",0.173747838999571
"R-HSA-9839373","Signaling by TGFBR3",13,0.477570478227495,1.31298488381529,0.161904761904762,0.598513265262528,0.598513265262528,655,"tags=31%, list=15%, signal=26%","7076/7046/5663/2033",0.150169802128406
"R-HSA-1236974","ER-Phagosome pathway",61,0.324166360493861,1.31247847311947,0.0848126232741617,0.479717293675918,0.479717293675918,1511,"tags=54%, list=35%, signal=36%","5689/5699/5721/5719/6810/5688/5684/5707/5683/5691/5704/5709/23480/5720/5701/10213/811/8673/5685/5714/5687/11047/5698/5696/5690/5700/10952/9861/5686/567/5702/5692/5694",0.216542836735348
"R-HSA-9020591","Interleukin-12 signaling",35,0.368660062310443,1.3119621314245,0.111545988258317,0.535377673796791,0.535377673796791,601,"tags=29%, list=14%, signal=25%","5721/302/654483/998/3594/1072/9446/3185/1265/3313",0.186432558434075
"R-HSA-109606","Intrinsic Pathway for Apoptosis",33,-0.376734805912643,-1.31092899605663,0.105154639175258,0.527067406819984,0.527067406819984,955,"tags=42%, list=22%, signal=33%","140735/22900/5594/7534/841/6774/5534/7027/836/1869/10971/208/1029/7533",0.197822021315103
"R-HSA-1227986","Signaling by ERBB2",20,-0.419769988746169,-1.3098192031743,0.149590163934426,0.583905407060895,0.583905407060895,1069,"tags=40%, list=25%, signal=30%","7311/10273/7314/8065/2885/5295/208/26469",0.163180127180689
"R-HSA-9020558","Interleukin-2 signaling",7,0.586444520191147,1.30970326116715,0.17434869739479,0.612099198396794,0.612099198396794,276,"tags=29%, list=6%, signal=27%","3560/3561",0.148261500475107
"R-HSA-5610787","Hedgehog 'off' state",52,0.337177265320095,1.30784203833248,0.0879541108986616,0.487337573652788,0.487337573652788,1535,"tags=50%, list=36%, signal=33%","5689/5719/5688/5684/83737/5707/5683/5691/5704/5709/5701/10213/5685/9978/5575/5714/5687/11047/5690/5700/9861/5686/5702/5692/5694/7846",0.208955027549354
"R-HSA-68949","Orc1 removal from chromatin",50,0.336100890952444,1.30548977194276,0.102,0.519010195412065,0.519010195412065,1511,"tags=54%, list=35%, signal=36%","5689/5719/5688/5684/5707/5683/5691/5704/5709/5701/10213/5685/9978/5714/5687/11047/4176/5690/4172/5700/9861/1017/4171/5686/5702/5692/5694",0.197822021315103
"R-HSA-174113","SCF-beta-TrCP mediated degradation of Emi1",39,0.363280104331402,1.30319127779737,0.0988372093023256,0.507904775878512,0.507904775878512,1511,"tags=56%, list=35%, signal=37%","5689/5719/5688/5684/5707/5683/5691/5704/5709/5701/10213/5685/5714/5687/11047/5690/5700/9861/5686/5702/5692/5694",0.197822021315103
"R-HSA-9913635","Strand-asynchronous mitochondrial DNA replication",5,-0.63870251869506,-1.30183305462825,0.194560669456067,0.637149193548387,0.637149193548387,351,"tags=40%, list=8%, signal=37%","92667/9941",0.142901149386948
"R-HSA-6806667","Metabolism of fat-soluble vitamins",4,-0.685745400382807,-1.30015998136664,0.188284518828452,0.635527635790379,0.635527635790379,1323,"tags=75%, list=31%, signal=52%","51109/26020/3949",0.14551614609036
"R-HSA-69186","Lagging Strand Synthesis",20,0.426873187770871,1.29986682442632,0.159533073929961,0.593331911944992,0.593331911944992,1034,"tags=35%, list=24%, signal=27%","5982/2237/5984/6118/5983/23649/5425",0.153158808683073
"R-HSA-1482925","Acyl chain remodelling of PG",1,0.978944932901434,1.29984160769113,0.0406325169066482,0.34862988553596,0.34862988553596,92,"tags=100%, list=2%, signal=98%","254531",0.321775918075361
"R-HSA-8951664","Neddylation",111,0.293044070426482,1.29925398941751,0.078544061302682,0.463580709645177,0.463580709645177,1528,"tags=50%, list=35%, signal=33%","1154/5689/26263/5719/25879/5688/8533/150684/5684/8816/55832/5707/51138/5683/5691/5704/4738/10987/3091/51665/5709/10072/55527/23412/5701/10213/55666/26190/26270/5685/90864/9978/8453/5714/5687/84259/9040/11047/54951/8883/10920/1026/5690/1642/5700/7323/9817/9861/5686/90135/79016/5702/26234/5692/5694/122769",0.222056046145248
"R-HSA-5334118","DNA methylation",3,0.755399073526818,1.29841273864892,0.141221374045802,0.579470071336551,0.579470071336551,631,"tags=67%, list=15%, signal=57%","1788/1786",0.161978948883402
"R-HSA-9940465","ChAHP complex assembly",4,-0.684333342469265,-1.29748274694474,0.192468619246862,0.635966289560118,0.635966289560118,166,"tags=25%, list=4%, signal=24%","10951",0.143758989039275
"R-HSA-189445","Metabolism of porphyrins",5,0.635676146315922,1.29639477923865,0.17175572519084,0.612099198396794,0.612099198396794,622,"tags=40%, list=14%, signal=34%","3163/2235",0.14551614609036
"R-HSA-2559584","Formation of Senescence-Associated Heterochromatin Foci (SAHF)",8,-0.542691640943318,-1.29608872701255,0.170731707317073,0.612099198396794,0.612099198396794,1313,"tags=62%, list=30%, signal=44%","23523/3159/29855/57634/4001",0.151148761385484
"R-HSA-141405","Inhibition of the proteolytic activity of APC/C required for the onset of anaphase by mitotic spindle checkpoint components",14,-0.460153442558501,-1.2955444922558,0.151093439363817,0.583905407060895,0.583905407060895,343,"tags=29%, list=8%, signal=26%","7324/27338/11065/991",0.159646701919906
"R-HSA-141430","Inactivation of APC/C via direct inhibition of the APC/C complex",14,-0.460153442558501,-1.2955444922558,0.151093439363817,0.583905407060895,0.583905407060895,343,"tags=29%, list=8%, signal=26%","7324/27338/11065/991",0.159646701919906
"R-HSA-9857492","Protein lipoylation",4,0.689048390831211,1.29329236912693,0.17175572519084,0.612099198396794,0.612099198396794,1347,"tags=100%, list=31%, signal=69%","4706/27247/1743/2230",0.14551614609036
"R-HSA-1181150","Signaling by NODAL",4,0.688811915226488,1.29284852207766,0.17175572519084,0.612099198396794,0.612099198396794,2,"tags=25%, list=0%, signal=25%","5045",0.14551614609036
"R-HSA-9614399","Regulation of localization of FOXO transcription factors",5,-0.634248606449334,-1.29275488440944,0.200836820083682,0.646041604310087,0.646041604310087,876,"tags=60%, list=20%, signal=48%","7534/10971/208",0.140406238523342
"R-HSA-1226099","Signaling by FGFR in disease",25,-0.402715965201783,-1.29159213427619,0.15,0.583905407060895,0.583905407060895,701,"tags=36%, list=16%, signal=30%","6774/2885/5295/2962/2963/11052/9208/26127/11064",0.16440575583821
"R-HSA-71336","Pentose phosphate pathway",8,-0.540419268933116,-1.29066171188314,0.170731707317073,0.612099198396794,0.612099198396794,879,"tags=38%, list=20%, signal=30%","5631/7086/25796",0.151148761385484
"R-HSA-9762292","Regulation of CDH11 function",2,0.847720435084471,1.29062853103198,0.127659574468085,0.566641544437359,0.566641544437359,660,"tags=100%, list=15%, signal=85%","8728/1499",0.172324344900946
"R-HSA-917937","Iron uptake and transport",26,0.385811011868648,1.28983640162136,0.127236580516899,0.566307075579311,0.566307075579311,1146,"tags=38%, list=27%, signal=28%","51606/3163/55832/2512/51382/4738/9550/7037/9114/10539",0.175204047558551
"R-HSA-5223345","Miscellaneous transport and binding events",4,-0.679810642622384,-1.28890779573783,0.205020920502092,0.646041604310087,0.646041604310087,1112,"tags=75%, list=26%, signal=56%","81614/120/118",0.13880510939114
"R-HSA-2162123","Synthesis of Prostaglandins (PG) and Thromboxanes (TX)",3,0.749486176956751,1.28824939519518,0.150763358778626,0.583905407060895,0.583905407060895,155,"tags=33%, list=4%, signal=32%","873",0.156312403073186
"R-HSA-193704","p75 NTR receptor-mediated signalling",37,-0.353779313323626,-1.28681760577917,0.136546184738956,0.578057306286743,0.578057306286743,772,"tags=27%, list=18%, signal=22%","7314/57142/9138/3551/89846/836/8878/5879/11214/4792",0.169570644405628
"R-HSA-390918","Peroxisomal lipid metabolism",4,0.685544215776712,1.28671529425328,0.173664122137405,0.612099198396794,0.612099198396794,840,"tags=50%, list=19%, signal=40%","91452/390916",0.144630528034484
"R-HSA-9696264","RND3 GTPase cycle",10,-0.512647527563774,-1.28612550226318,0.177189409368635,0.620734511530123,0.620734511530123,544,"tags=40%, list=13%, signal=35%","5295/6093/1362/27316",0.148261500475107
"R-HSA-73887","Death Receptor Signaling",65,-0.319390416048301,-1.2859616597282,0.0876826722338205,0.487337573652788,0.487337573652788,815,"tags=28%, list=19%, signal=23%","841/7314/6885/57142/1540/7322/8517/9138/3551/89846/8717/836/8878/5879/7128/8837/11214/4792",0.219250346703755
"R-HSA-5683826","Surfactant metabolism",3,0.747768354828582,1.28529672790697,0.152671755725191,0.583905407060895,0.583905407060895,41,"tags=33%, list=1%, signal=33%","1512",0.155241966228839
"R-HSA-157118","Signaling by NOTCH",85,0.304727213426938,1.28441858787806,0.0932038834951456,0.498549606131573,0.498549606131573,1511,"tags=49%, list=35%, signal=33%","5045/3002/5689/6772/5719/5688/488/5684/83737/5707/5683/892/5691/5704/5663/3091/5709/2033/3066/7090/5701/10213/2683/5685/9978/5714/5687/11047/207/51548/55851/22938/10959/5690/5700/9861/5686/5702/5692/4242/5870/5694",0.204294756516886
"R-HSA-111996","Ca-dependent events",13,-0.469651235278966,-1.28337297411262,0.174004192872117,0.612099198396794,0.612099198396794,897,"tags=46%, list=21%, signal=37%","5594/5576/808/5567/3838/814",0.152144922367565
"R-HSA-425381","Bicarbonate transporters",1,-0.969921332716335,-1.28285659266055,0.07,0.43816304734781,0.438163047347811,132,"tags=100%, list=3%, signal=97%","9497",0.241339976815091
"R-HSA-9648895","Response of EIF2AK1 (HRI) to heme deficiency",6,-0.59818136783997,-1.28278438484227,0.191235059760956,0.635707317073171,0.635707317073171,917,"tags=67%, list=21%, signal=53%","1968/468/23645/27102",0.140406238523342
"R-HSA-168274","Export of Viral Ribonucleoproteins from Nucleus",19,-0.414854460973545,-1.28207908806313,0.156576200417537,0.585006033211392,0.585006033211392,432,"tags=26%, list=10%, signal=24%","10762/7514/57122/4928/9818",0.160801401070022
"R-HSA-168333","NEP/NS2 Interacts with the Cellular Export Machinery",19,-0.414854460973545,-1.28207908806313,0.156576200417537,0.585006033211392,0.585006033211392,432,"tags=26%, list=10%, signal=24%","10762/7514/57122/4928/9818",0.160801401070022
"R-HSA-9020958","Interleukin-21 signaling",7,0.574052205234704,1.28202757360753,0.204408817635271,0.646041604310087,0.646041604310087,276,"tags=29%, list=6%, signal=27%","6772/3561",0.135740943810425
"R-HSA-9659379","Sensory processing of sound",15,0.448834865281552,1.28164583500487,0.187878787878788,0.635527635790379,0.635527635790379,901,"tags=47%, list=21%, signal=37%","60/490/11344/64787/11078/830/832",0.142901149386948
"R-HSA-9662360","Sensory processing of sound by inner hair cells of the cochlea",15,0.448834865281552,1.28164583500487,0.187878787878788,0.635527635790379,0.635527635790379,901,"tags=47%, list=21%, signal=37%","60/490/11344/64787/11078/830/832",0.142901149386948
"R-HSA-9707616","Heme signaling",15,0.448658711610661,1.28114282903078,0.187878787878788,0.635527635790379,0.635527635790379,737,"tags=33%, list=17%, signal=28%","3043/3039/3040/2033/80205",0.142901149386948
"R-HSA-163560","Triglyceride catabolism",6,-0.596878968606649,-1.27999142356136,0.191235059760956,0.635707317073171,0.635707317073171,649,"tags=67%, list=15%, signal=57%","5567/5501/2171/10226",0.140406238523342
"R-HSA-1461957","Beta defensins",1,0.96321147616844,1.27895074753443,0.0617529880478088,0.410663641520136,0.410663641520136,160,"tags=100%, list=4%, signal=96%","1235",0.257206466468838
"R-HSA-5083635","Defective B3GALTL causes PpS",1,-0.966913465987969,-1.27887826830354,0.074,0.443183823529412,0.443183823529412,145,"tags=100%, list=3%, signal=97%","10417",0.234392647294686
"R-HSA-5173214","O-glycosylation of TSR domain-containing proteins",1,-0.966913465987969,-1.27887826830354,0.074,0.443183823529412,0.443183823529412,145,"tags=100%, list=3%, signal=97%","10417",0.234392647294686
"R-HSA-8963693","Aspartate and asparagine metabolism",1,0.96298010180472,1.27864352900271,0.0617529880478088,0.410663641520136,0.410663641520136,161,"tags=100%, list=4%, signal=96%","2806",0.257206466468838
"R-HSA-9754560","SARS-CoV-2 modulates autophagy",3,-0.745659159199031,-1.27844981664941,0.202928870292887,0.646041604310087,0.646041604310087,421,"tags=67%, list=10%, signal=60%","64601/81631",0.139599673451922
"R-HSA-5627123","RHO GTPases activate PAKs",15,0.447363625557065,1.27744471692996,0.18989898989899,0.635707317073171,0.635707317073171,515,"tags=33%, list=12%, signal=29%","4771/998/103910/4637/3984",0.142056643575821
"R-HSA-9616222","Transcriptional regulation of granulopoiesis",11,-0.486442446749868,-1.27738398239469,0.190669371196755,0.635707317073171,0.635707317073171,701,"tags=45%, list=16%, signal=38%","6774/7027/1869/4297/7913",0.142056643575821
"R-HSA-9818027","NFE2L2 regulating anti-oxidant/detoxification enzymes",8,0.524485777045536,1.2763762681476,0.198039215686275,0.641363583206642,0.641363583206642,655,"tags=50%, list=15%, signal=43%","7295/5052/2730/2033",0.136490437780413
"R-HSA-9955298","SLC-mediated transport of organic anions",8,0.524375306749516,1.27610743022988,0.2,0.646041604310087,0.646041604310087,1884,"tags=75%, list=44%, signal=42%","9123/6566/9194/57153/6576/133418",0.135740943810425
"R-HSA-2022377","Metabolism of Angiotensinogen to Angiotensins",3,0.741892289672109,1.2751966918867,0.166030534351145,0.599697872412451,0.599697872412451,5,"tags=33%, list=0%, signal=33%","2999",0.148261500475107
"R-HSA-4086400","PCP/CE pathway",50,0.328298288164407,1.27518274685441,0.124,0.558985811160435,0.558985811160435,1056,"tags=36%, list=24%, signal=28%","5689/5719/5688/5684/5707/5683/5691/5704/5709/1175/5701/10213/5685/1173/5714/1213/5687/11047",0.178219874951973
"R-HSA-73893","DNA Damage Bypass",33,0.369636479133492,1.27470409961347,0.147001934235977,0.583905407060895,0.583905407060895,1420,"tags=42%, list=33%, signal=29%","5982/5984/6118/9246/10459/54107/5983/55666/9978/5425/7320/1642/56655/9636",0.159646701919906
"R-HSA-3301854","Nuclear Pore Complex (NPC) Disassembly",19,-0.412328677760255,-1.27427332931308,0.173277661795407,0.612099198396794,0.612099198396794,432,"tags=26%, list=10%, signal=24%","10762/57122/891/4928/9818",0.152144922367565
"R-HSA-446353","Cell-extracellular matrix interactions",9,0.525452762934973,1.27391368083719,0.1875,0.635527635790379,0.635527635790379,1299,"tags=56%, list=30%, signal=39%","6251/60/3611/3688/71",0.138022242496643
"R-HSA-75072","mRNA Editing",2,0.836182496413065,1.27306237098403,0.145067698259188,0.583905407060895,0.583905407060895,658,"tags=50%, list=15%, signal=42%","27350",0.160801401070022
"R-HSA-5218920","VEGFR2 mediated vascular permeability",14,-0.451289534149673,-1.27058849571894,0.163021868787276,0.598513265262528,0.598513265262528,760,"tags=43%, list=18%, signal=35%","808/253260/5062/79109/208/5879",0.153158808683073
"R-HSA-9020956","Interleukin-27 signaling",5,0.622772641385281,1.27007943529675,0.202290076335878,0.646041604310087,0.646041604310087,691,"tags=60%, list=16%, signal=50%","9466/6772/821",0.132846300606183
"R-HSA-9694635","Translation of Structural Proteins",38,0.344869800029574,1.26896005206566,0.136633663366337,0.578057306286743,0.578057306286743,1090,"tags=39%, list=25%, signal=30%","1650/51304/3703/1603/3276/58505/6184/821/6185/83666/100128731/11320/7341/2530/55741",0.16823816568964
"R-HSA-1474228","Degradation of the extracellular matrix",17,0.429636087434871,1.2674985003591,0.188571428571429,0.635527635790379,0.635527635790379,54,"tags=12%, list=1%, signal=12%","5045/7076",0.138022242496643
"R-HSA-1660661","Sphingolipid de novo biosynthesis",11,0.488452787524195,1.26650850713948,0.18467583497053,0.635527635790379,0.635527635790379,1727,"tags=73%, list=40%, signal=44%","9517/29095/94101/25865/8560/171546/29956/23683",0.142056643575821
"R-HSA-9764560","Regulation of CDH1 Gene Transcription",18,-0.411843143429804,-1.26520256636448,0.158536585365854,0.590975051626947,0.590975051626946,1106,"tags=50%, list=26%, signal=37%","23512/1487/5594/6597/9839/8726/8289/387893/2146",0.157402899305283
"R-HSA-166016","Toll Like Receptor 4 (TLR4) Cascade",59,-0.315609574655518,-1.26422925408612,0.128571428571429,0.569138198757764,0.569138198757764,1069,"tags=39%, list=25%, signal=30%","7311/9252/1386/79155/5781/5775/5594/841/3146/7314/4793/6885/7322/5515/5604/8517/3551/51135/92610/2353/3725/8651/4792",0.176694268938498
"R-HSA-8851680","Butyrophilin (BTN) family interactions",3,-0.736805555555556,-1.26327010911809,0.221757322175732,0.671454791494922,0.671454791494921,1141,"tags=100%, list=26%, signal=74%","11119/11120/11118",0.132846300606183
"R-HSA-72766","Translation",276,0.248981327709036,1.26240616728671,0.0376606951322098,0.337083914122911,0.337083914122911,1066,"tags=26%, list=25%, signal=21%","51081/27068/5464/1650/6183/5689/29093/6231/58477/55052/28998/5719/51121/10102/28957/57129/54534/5688/55699/79590/1973/5684/10573/9801/51649/6204/5707/9521/4706/8668/6748/5683/8890/84545/5691/64928/51023/5704/5709/9789/6184/64979/23480/65003/55168/8669/1965/6185/128308/63931/1978/8893/6166/5701/10213/55666/2193/5685/9978/29074/51253/9147/64965/90701/6142/8453/5714/51116/6207/5687/11047/2107",0.321775918075361
"R-HSA-1663150","The activation of arylsulfatases",1,0.950717260527534,1.26236094682176,0.0936254980079681,0.498549606131573,0.498549606131573,214,"tags=100%, list=5%, signal=95%","25870",0.206587922696891
"R-HSA-5603041","IRAK4 deficiency (TLR2/4)",2,-0.821569081231196,-1.26219439112146,0.152577319587629,0.583905407060895,0.583905407060895,774,"tags=100%, list=18%, signal=82%","3146/51135",0.161978948883402
"R-HSA-500792","GPCR ligand binding",29,0.376949244203121,1.26214171409102,0.142023346303502,0.581296560624132,0.581296560624132,500,"tags=31%, list=12%, signal=28%","2833/6375/8477/10316/301/1235/2793/10663/54331",0.163180127180689
"R-HSA-6804115","TP53 regulates transcription of additional cell cycle genes whose exact role in the p53 pathway remain uncertain",9,-0.525956410335923,-1.26211948707901,0.189873417721519,0.635707317073171,0.635707317073171,1135,"tags=56%, list=26%, signal=41%","25904/246175/29883/7832/23019",0.14551614609036
"R-HSA-8956321","Nucleotide salvage",10,0.493710571921483,1.26182775965305,0.183953033268102,0.635527635790379,0.635527635790379,897,"tags=60%, list=21%, signal=48%","353/7378/7083/3251/100/132",0.142056643575821
"R-HSA-1660516","Synthesis of PIPs at the early endosome membrane",1,0.950023137436372,1.26143929122661,0.0936254980079681,0.498549606131573,0.498549606131573,217,"tags=100%, list=5%, signal=95%","3631",0.206587922696891
"R-HSA-156581","Methylation",7,0.563793687266549,1.25911728290645,0.224448897795591,0.672313936830616,0.672313936830616,1521,"tags=71%, list=35%, signal=46%","9446/1312/191/4144/27430",0.128788713061714
"R-HSA-199418","Negative regulation of the PI3K/AKT network",23,-0.400230095017587,-1.25832802069379,0.165605095541401,0.599490445859873,0.599490445859873,1044,"tags=57%, list=24%, signal=43%","29851/5781/391/5594/2885/5515/50852/5295/5525/51135/208/5879/5527",0.157402899305283
"R-HSA-5362517","Signaling by Retinoic Acid",6,0.596098098406274,1.25829782373599,0.206,0.646041604310087,0.646041604310087,618,"tags=67%, list=14%, signal=57%","5160/10901/5162/1738",0.135002033828631
"R-HSA-8950505","Gene and protein expression by JAK-STAT signaling after Interleukin-12 stimulation",31,0.369361644687832,1.25810011402668,0.156488549618321,0.585006033211392,0.585006033211392,601,"tags=29%, list=14%, signal=25%","5721/302/654483/998/1072/9446/3185/1265/3313",0.153158808683073
"R-HSA-5635838","Activation of SMO",2,-0.818631500412198,-1.25768132202245,0.164948453608247,0.599490445859873,0.599490445859873,561,"tags=50%, list=13%, signal=44%","1452",0.155241966228839
"R-HSA-9033658","Blood group systems biosynthesis",1,0.946321147616844,1.25652379471915,0.111553784860558,0.535377673796791,0.535377673796791,233,"tags=100%, list=5%, signal=95%","30815",0.188204146308491
"R-HSA-9037629","Lewis blood group biosynthesis",1,0.946321147616844,1.25652379471915,0.111553784860558,0.535377673796791,0.535377673796791,233,"tags=100%, list=5%, signal=95%","30815",0.188204146308491
"R-HSA-9018519","Estrogen-dependent gene expression",49,-0.332726605980636,-1.25639133451586,0.138775510204082,0.578057306286743,0.578057306286743,512,"tags=20%, list=12%, signal=18%","7392/2962/23112/2963/3838/10274/5885/2353/2354/3725",0.169570644405628
"R-HSA-381771","Synthesis, secretion, and inactivation of Glucagon-like Peptide-1 (GLP-1)",8,0.515840135189682,1.25533643719188,0.217647058823529,0.667696909272183,0.667696909272184,982,"tags=50%, list=23%, signal=39%","1803/9789/1499/90701",0.129442887745046
"R-HSA-400508","Incretin synthesis, secretion, and inactivation",8,0.515840135189682,1.25533643719188,0.217647058823529,0.667696909272183,0.667696909272184,982,"tags=50%, list=23%, signal=39%","1803/9789/1499/90701",0.129442887745046
"R-HSA-2871837","FCERI mediated NF-kB activation",48,0.330574154838967,1.25527120732899,0.110663983903421,0.535377673796791,0.535377673796791,1056,"tags=38%, list=24%, signal=29%","2207/5689/5970/5719/5688/5684/5707/5683/5691/5704/5709/5701/10213/5685/7334/5714/5687/11047",0.190023305279108
"R-HSA-912446","Meiotic recombination",16,0.437016775154427,1.25490690497638,0.188824662813102,0.635527635790379,0.635527635790379,1448,"tags=50%, list=33%, signal=33%","6118/641/29893/1019/10111/1017/4292/675",0.13880510939114
"R-HSA-9909649","Regulation of PD-L1(CD274) transcription",24,-0.379980532240004,-1.25438084180811,0.169456066945607,0.610716666049543,0.610716666049543,159,"tags=21%, list=4%, signal=20%","4297/2353/2354/3725/2146",0.154190966581424
"R-HSA-392517","Rap1 signalling",8,-0.525135813937423,-1.25416084797581,0.195121951219512,0.637149193548387,0.637149193548387,936,"tags=50%, list=22%, signal=39%","5908/7534/5567/5894",0.140406238523342
"R-HSA-4791275","Signaling by WNT in cancer",8,-0.52463649638985,-1.25296834786012,0.195121951219512,0.637149193548387,0.637149193548387,965,"tags=62%, list=22%, signal=49%","1487/5515/1452/5525/5527",0.140406238523342
"R-HSA-389513","Co-inhibition by CTLA4",10,-0.499156258520971,-1.25227872793794,0.20162932790224,0.646041604310087,0.646041604310087,601,"tags=40%, list=14%, signal=35%","5515/5525/208/5527",0.138022242496643
"R-HSA-9705462","Inactivation of CSF3 (G-CSF) signaling",13,-0.458215973412049,-1.2521248799323,0.20125786163522,0.646041604310087,0.646041604310087,1151,"tags=54%, list=27%, signal=40%","3716/7311/7314/6774/7322/8065/8651",0.140406238523342
"R-HSA-381042","PERK regulates gene expression",11,-0.476819589180778,-1.25211463304874,0.208924949290061,0.650743293295429,0.650743293295429,1142,"tags=64%, list=26%, signal=47%","9709/4801/1968/4802/167227/468/8570",0.135002033828631
"R-HSA-68867","Assembly of the pre-replicative complex",60,0.320210543794051,1.2521015012801,0.130769230769231,0.574186191167323,0.574186191167323,1511,"tags=53%, list=35%, signal=35%","246184/5689/5719/5688/5684/3836/5707/10393/5683/5691/51433/5704/5709/5701/10213/5685/5714/29945/5687/11047/4176/5690/4172/5700/51053/9861/4171/5686/5702/119504/5692/5694",0.169570644405628
"R-HSA-8864260","Transcriptional regulation by the AP-2 (TFAP2) family of transcription factors",12,-0.468663680687836,-1.25162318048276,0.195175438596491,0.637149193548387,0.637149193548387,109,"tags=17%, list=3%, signal=16%","7913/10370",0.14641623786055
"R-HSA-2682334","EPH-Ephrin signaling",36,0.342731761746479,1.2512250023418,0.150557620817844,0.583905407060895,0.583905407060895,1430,"tags=53%, list=33%, signal=36%","60/10095/998/103910/1072/4637/3984/5663/10627/1175/1173/1213/10094/10109/55851/4627/71/5058/10096",0.154190966581424
"R-HSA-9703465","Signaling by FLT3 fusion proteins",8,-0.523557794615073,-1.25039212758212,0.197154471544715,0.640043376788703,0.640043376788703,617,"tags=38%, list=14%, signal=32%","2885/5295/2804",0.139599673451922
"R-HSA-8866907","Activation of the TFAP2 (AP-2) family of transcription factors",4,-0.659312084042055,-1.25004292617113,0.225941422594142,0.672313936830616,0.672313936830616,24,"tags=25%, list=1%, signal=25%","10370",0.131457611642763
"R-HSA-1474165","Reproduction",34,-0.355140491518867,-1.24918744102906,0.138775510204082,0.578057306286743,0.578057306286743,309,"tags=18%, list=7%, signal=17%","7852/4001/10274/25777/5885/54386",0.169570644405628
"R-HSA-606279","Deposition of new CENPA-containing nucleosomes at the centromere",17,-0.423941223359011,-1.24891862322863,0.186582809224319,0.635527635790379,0.635527635790379,854,"tags=29%, list=20%, signal=24%","64946/51773/55166/8467/55320",0.14641623786055
"R-HSA-774815","Nucleosome assembly",17,-0.423941223359011,-1.24891862322863,0.186582809224319,0.635527635790379,0.635527635790379,854,"tags=29%, list=20%, signal=24%","64946/51773/55166/8467/55320",0.14641623786055
"R-HSA-9013149","RAC1 GTPase cycle",65,-0.309763412524673,-1.24720045460931,0.108559498956159,0.53217233970372,0.532172339703721,966,"tags=31%, list=22%, signal=24%","55004/5586/393/2010/51291/3930/6510/116984/117289/752/5295/5062/81704/64333/5879/29127/50619/10928/7112/9901",0.195789002148949
"R-HSA-1483166","Synthesis of PA",5,0.610852430935869,1.2457694172418,0.223282442748092,0.672313936830616,0.672313936830616,731,"tags=40%, list=17%, signal=33%","254531/51205",0.12563992130984
"R-HSA-2132295","MHC class II antigen presentation",60,-0.305038036125199,-1.24545909601252,0.136929460580913,0.578057306286743,0.578057306286743,770,"tags=28%, list=18%, signal=24%","11258/10120/10383/11004/10671/8905/3799/56992/3796/1508/3115/29127/3113/3108/3832/3122/1062",0.172324344900946
"R-HSA-193692","Regulated proteolysis of p75NTR",5,0.610278323772503,1.24459858594095,0.225190839694656,0.672313936830616,0.672313936830616,1192,"tags=60%, list=28%, signal=44%","5970/5663/55851",0.125033367555272
"R-HSA-9837999","Mitochondrial protein degradation",63,0.309919738319107,1.2434252947336,0.140151515151515,0.578057306286743,0.578057306286743,1680,"tags=48%, list=39%, signal=30%","91689/4200/5160/7019/55699/4191/5162/27429/3313/1738/2235/6742/4723/50/51499/51116/8801/1327/4722/3329/23203/3419/292/4541/3028/51079/51142/38/4535/4712",0.161978948883402
"R-HSA-69231","Cyclin D associated events in G1",30,-0.367232960451857,-1.24163761309585,0.164989939637827,0.599490445859873,0.599490445859873,601,"tags=27%, list=14%, signal=23%","5515/7027/1869/1032/1031/1027/1163/1029",0.153158808683073
"R-HSA-69236","G1 Phase",30,-0.367232960451857,-1.24163761309585,0.164989939637827,0.599490445859873,0.599490445859873,601,"tags=27%, list=14%, signal=23%","5515/7027/1869/1032/1031/1027/1163/1029",0.153158808683073
"R-HSA-176407","Conversion from APC/C:Cdc20 to APC/C:Cdh1 in late anaphase",12,-0.464782096942479,-1.24125694048409,0.206140350877193,0.646041604310087,0.646041604310087,343,"tags=33%, list=8%, signal=31%","7324/27338/11065/991",0.142056643575821
"R-HSA-9839383","TGFBR3 PTM regulation",4,0.660304358758706,1.23934196762833,0.219465648854962,0.66926621634126,0.66926621634126,1192,"tags=75%, list=28%, signal=54%","7076/5663/55851",0.126875729929857
"R-HSA-180910","Vpr-mediated nuclear import of PICs",21,-0.388443163474536,-1.23822670723641,0.181451612903226,0.631591191066998,0.631591191066998,432,"tags=24%, list=10%, signal=22%","10762/57122/4928/9818/11168",0.14551614609036
"R-HSA-9013422","RHOBTB1 GTPase cycle",15,-0.430097217983334,-1.23786887081046,0.195266272189349,0.637149193548387,0.637149193548387,519,"tags=27%, list=12%, signal=24%","6093/5930/27316/7431",0.138022242496643
"R-HSA-3928664","Ephrin signaling",7,-0.546922898875541,-1.23782508121051,0.238568588469185,0.6904771516228,0.6904771516228,553,"tags=43%, list=13%, signal=37%","6386/5062/5879",0.12384217120105
"R-HSA-6790901","rRNA modification in the nucleus and cytosol",30,0.359116041239871,1.23733683228963,0.186138613861386,0.635527635790379,0.635527635790379,1062,"tags=33%, list=25%, signal=25%","9790/25879/4809/115939/55505/10528/55651/11056/54555/51602",0.142056643575821
"R-HSA-69017","CDK-mediated phosphorylation and removal of Cdc6",50,0.318275071426984,1.23625036885449,0.148,0.583905407060895,0.583905407060895,1511,"tags=56%, list=35%, signal=37%","246184/5689/5719/5688/5684/5707/10393/5683/5691/51433/5704/5709/5701/10213/5685/5714/29945/5687/11047/5690/5700/9861/1017/5686/5702/119504/5692/5694",0.161978948883402
"R-HSA-9754189","Germ layer formation at gastrulation",3,0.718823792335525,1.23554555667486,0.194656488549618,0.637149193548387,0.637149193548387,660,"tags=67%, list=15%, signal=57%","51592/1499",0.135740943810425
"R-HSA-9764725","Negative Regulation of CDH1 Gene Transcription",15,-0.428520276191366,-1.23333025239179,0.19723865877712,0.640043376788703,0.640043376788703,1106,"tags=53%, list=26%, signal=40%","23512/1487/5594/6597/9839/8726/387893/2146",0.137250779610133
"R-HSA-9609507","Protein localization",69,0.300683332580583,1.23074150822531,0.122093023255814,0.558195316961736,0.558195316961736,1029,"tags=32%, list=24%, signal=25%","847/10901/4714/26517/91452/373156/401505/79145/84269/54469/3313/1528/90639/23480/5621/25813/390916/51287/56993/50/7416/10245",0.176694268938498
"R-HSA-111933","Calmodulin induced events",12,-0.460733395123231,-1.23044439140754,0.206140350877193,0.646041604310087,0.646041604310087,840,"tags=42%, list=19%, signal=34%","5576/808/5567/3838/814",0.142056643575821
"R-HSA-111997","CaM pathway",12,-0.460733395123231,-1.23044439140754,0.206140350877193,0.646041604310087,0.646041604310087,840,"tags=42%, list=19%, signal=34%","5576/808/5567/3838/814",0.142056643575821
"R-HSA-112043","PLC beta mediated events",16,-0.427971625077419,-1.23001870679041,0.20703933747412,0.646470550035717,0.646470550035717,1328,"tags=56%, list=31%, signal=39%","3710/805/10768/5594/5576/808/5567/3838/814",0.137250779610133
"R-HSA-166166","MyD88-independent TLR4 cascade",52,-0.313551661943705,-1.2287339366976,0.148225469728601,0.583905407060895,0.583905407060895,1069,"tags=38%, list=25%, signal=29%","7311/9252/1386/79155/5781/5594/841/3146/7314/4793/6885/7322/5515/5604/8517/3551/92610/2353/3725/4792",0.165656695205483
"R-HSA-937061","TRIF (TICAM1)-mediated TLR4 signaling",52,-0.313551661943705,-1.2287339366976,0.148225469728601,0.583905407060895,0.583905407060895,1069,"tags=38%, list=25%, signal=29%","7311/9252/1386/79155/5781/5594/841/3146/7314/4793/6885/7322/5515/5604/8517/3551/92610/2353/3725/4792",0.165656695205483
"R-HSA-532668","N-glycan trimming in the ER and Calnexin/Calreticulin cycle",24,-0.372205964889466,-1.22871566290968,0.188284518828452,0.635527635790379,0.635527635790379,1121,"tags=38%, list=26%, signal=28%","2923/7311/51035/7314/56886/11236/10206/5589/5887",0.14551614609036
"R-HSA-9937080","Developmental Lineage of Multipotent Pancreatic Progenitor Cells",1,-0.928968070337807,-1.2286901764151,0.144,0.583905407060895,0.583905407060895,309,"tags=100%, list=7%, signal=93%","7852",0.16440575583821
"R-HSA-8984722","Interleukin-35 Signalling",6,0.582046901357056,1.22863728511796,0.232,0.681149503934314,0.681149503934314,691,"tags=50%, list=16%, signal=42%","9466/6772/821",0.126253987849115
"R-HSA-179409","APC-Cdc20 mediated degradation of Nek2A",18,-0.399871789104667,-1.2284259720308,0.182926829268293,0.635368453897759,0.635368453897759,343,"tags=22%, list=8%, signal=21%","7324/27338/11065/991",0.14551614609036
"R-HSA-165054","Rev-mediated nuclear export of HIV RNA",21,-0.385334907811297,-1.22831862920328,0.195564516129032,0.637149193548387,0.637149193548387,432,"tags=24%, list=10%, signal=22%","10762/7514/57122/4928/9818",0.139599673451922
"R-HSA-6782135","Dual incision in TC-NER",45,0.320161624105289,1.22738080063394,0.16195856873823,0.598513265262528,0.598513265262528,1623,"tags=49%, list=38%, signal=31%","5982/5984/6118/54107/5432/5435/5983/27339/9978/5441/5425/5430/5440/7507/1642/10450/56655/5434/2067/7874/5436/5111",0.149207542435322
"R-HSA-168898","Toll-like Receptor Cascades",64,-0.303788775810665,-1.22567062791756,0.150862068965517,0.583905407060895,0.583905407060895,1069,"tags=38%, list=25%, signal=29%","7311/9252/1386/79155/5781/5775/5594/841/3146/7314/4793/6885/7322/5515/5604/8517/3551/51135/92610/1508/2353/3725/8651/4792",0.166933848713193
"R-HSA-3928662","EPHB-mediated forward signaling",18,0.4128552260816,1.22558688609374,0.213725490196078,0.660642928898315,0.660642928898314,515,"tags=28%, list=12%, signal=25%","60/10095/998/1072/3984",0.130777137971974
"R-HSA-2980736","Peptide hormone metabolism",20,0.402431799755808,1.22544062401393,0.206225680933852,0.646041604310087,0.646041604310087,1077,"tags=40%, list=25%, signal=30%","2999/1803/23265/9789/1499/55763/90701/1509",0.132846300606183
"R-HSA-1810476","RIP-mediated NFkB activation via ZBP1",6,-0.571430439532881,-1.22541771487011,0.237051792828685,0.689566733067729,0.689566733067729,762,"tags=67%, list=18%, signal=55%","4793/8517/3551/4792",0.124434168630393
"R-HSA-1500620","Meiosis",30,-0.362013314078573,-1.22398966217077,0.181086519114688,0.631591191066998,0.631591191066998,277,"tags=17%, list=6%, signal=16%","4001/10274/25777/5885/54386",0.14551614609036
"R-HSA-438064","Post NMDA receptor activation events",28,-0.361830421613507,-1.22381742994478,0.192,0.635707317073171,0.635707317073171,897,"tags=32%, list=21%, signal=26%","5594/5576/808/10383/5567/5571/5879/3838/814",0.140406238523342
"R-HSA-442755","Activation of NMDA receptors and postsynaptic events",28,-0.361830421613507,-1.22381742994478,0.192,0.635707317073171,0.635707317073171,897,"tags=32%, list=21%, signal=26%","5594/5576/808/10383/5567/5571/5879/3838/814",0.140406238523342
"R-HSA-9735871","SARS-CoV-1 targets host intracellular signalling and regulatory pathways",9,-0.509931654104047,-1.22366543134647,0.213080168776371,0.659900370602108,0.659900370602108,304,"tags=22%, list=7%, signal=21%","10971/7533",0.136490437780413
"R-HSA-187577","SCF(Skp2)-mediated degradation of p27/p21",44,0.331155856800132,1.2233800959766,0.172348484848485,0.612099198396794,0.612099198396794,1511,"tags=57%, list=35%, signal=37%","5689/5719/5688/5684/5707/5683/5691/5704/5709/5701/10213/5685/1019/5714/5687/11047/1026/5690/5700/9861/1017/5686/5702/5692/5694",0.144630528034484
"R-HSA-381340","Transcriptional regulation of white adipocyte differentiation",27,0.366951139122785,1.22280135265011,0.190669371196755,0.635707317073171,0.635707317073171,923,"tags=33%, list=21%, signal=26%","5970/10001/400569/892/55588/2033/29079/80205/1019",0.142056643575821
"R-HSA-937041","IKK complex recruitment mediated by RIP1",10,-0.486965094894819,-1.22169364637836,0.236252545824847,0.688471193468115,0.688471193468115,1163,"tags=60%, list=27%, signal=44%","329/7311/7314/7322/8517/3551",0.126253987849115
"R-HSA-168927","TICAM1, RIP1-mediated IKK complex recruitment",10,-0.486965094894819,-1.22169364637836,0.236252545824847,0.688471193468115,0.688471193468115,1163,"tags=60%, list=27%, signal=44%","329/7311/7314/7322/8517/3551",0.126253987849115
"R-HSA-5620922","BBSome-mediated cargo-targeting to cilium",8,0.500835367374214,1.21882118666095,0.245098039215686,0.69630713832364,0.69630713832364,1095,"tags=50%, list=25%, signal=37%","22948/92482/10576/7203",0.120985142145252
"R-HSA-74749","Signal attenuation",2,-0.793103448275862,-1.21846202207697,0.222680412371134,0.672313936830616,0.672313936830616,897,"tags=100%, list=21%, signal=79%","5594/2885",0.131457611642763
"R-HSA-5654687","Downstream signaling of activated FGFR1",4,-0.641588651367965,-1.21643964150829,0.255230125523013,0.698794717887155,0.698794717887155,963,"tags=75%, list=22%, signal=58%","5781/2885/5295",0.122679189568808
"R-HSA-5654696","Downstream signaling of activated FGFR2",4,-0.641588651367965,-1.21643964150829,0.255230125523013,0.698794717887155,0.698794717887155,963,"tags=75%, list=22%, signal=58%","5781/2885/5295",0.122679189568808
"R-HSA-5654708","Downstream signaling of activated FGFR3",4,-0.641588651367965,-1.21643964150829,0.255230125523013,0.698794717887155,0.698794717887155,963,"tags=75%, list=22%, signal=58%","5781/2885/5295",0.122679189568808
"R-HSA-5654716","Downstream signaling of activated FGFR4",4,-0.641588651367965,-1.21643964150829,0.255230125523013,0.698794717887155,0.698794717887155,963,"tags=75%, list=22%, signal=58%","5781/2885/5295",0.122679189568808
"R-HSA-9709570","Impaired BRCA2 binding to RAD51",22,0.383818513770063,1.21597812572311,0.203921568627451,0.646041604310087,0.646041604310087,759,"tags=27%, list=18%, signal=23%","5982/5984/6118/5883/641/5983",0.134273452883202
"R-HSA-69306","DNA Replication",99,0.277277093123117,1.21519337637486,0.12992125984252,0.573498348047446,0.573498348047446,1056,"tags=32%, list=24%, signal=25%","246184/5689/5982/5719/2237/5984/5688/6118/5684/3836/5707/10393/5683/5691/51659/51433/5704/5709/8318/54107/6742/5983/5701/10213/5685/9978/23649/5714/5425/29945/5687/11047",0.172324344900946
"R-HSA-162710","Synthesis of glycosylphosphatidylinositol (GPI)",4,0.646767043291179,1.21393343750826,0.238549618320611,0.6904771516228,0.6904771516228,349,"tags=50%, list=8%, signal=46%","51227/8818",0.120985142145252
"R-HSA-69563","p53-Dependent G1 DNA Damage Response",46,0.318189163201033,1.21357114807636,0.163498098859316,0.598513265262528,0.598513265262528,1511,"tags=54%, list=35%, signal=36%","5689/5719/5688/5684/5707/5683/5691/5704/5709/4193/5701/10213/5685/5714/5687/11047/1026/5690/5700/9861/1017/5686/5702/5692/5694",0.149207542435322
"R-HSA-69580","p53-Dependent G1/S DNA damage checkpoint",46,0.318189163201033,1.21357114807636,0.163498098859316,0.598513265262528,0.598513265262528,1511,"tags=54%, list=35%, signal=36%","5689/5719/5688/5684/5707/5683/5691/5704/5709/4193/5701/10213/5685/5714/5687/11047/1026/5690/5700/9861/1017/5686/5702/5692/5694",0.149207542435322
"R-HSA-204998","Cell death signalling via NRAGE, NRIF and NADE",26,-0.368011167905534,-1.21322848380922,0.200400801603206,0.646041604310087,0.646041604310087,555,"tags=23%, list=13%, signal=20%","9138/89846/836/8878/5879/11214",0.137250779610133
"R-HSA-2029480","Fcgamma receptor (FCGR) dependent phagocytosis",43,0.327605855403414,1.21249575775379,0.17877094972067,0.624931066727408,0.624931066727408,1430,"tags=44%, list=33%, signal=30%","4771/60/10095/998/1072/3326/3984/3320/55845/919/23646/10094/10109/4627/71/10163/4690/5058/10096",0.140406238523342
"R-HSA-6807004","Negative regulation of MET activity",13,-0.443650869264473,-1.21232415202187,0.241090146750524,0.695107697445316,0.695107697445316,1069,"tags=46%, list=25%, signal=35%","7311/5770/7314/30011/2885/867",0.126875729929857
"R-HSA-74751","Insulin receptor signalling cascade",9,-0.505165417985047,-1.21222805865247,0.223628691983122,0.672313936830616,0.672313936830616,963,"tags=67%, list=22%, signal=52%","5781/5594/2885/5295/208/5140",0.132846300606183
"R-HSA-354194","GRB2:SOS provides linkage to MAPK signaling for Integrins",5,-0.594210238588772,-1.21114682868932,0.259414225941423,0.705485432485104,0.705485432485104,1000,"tags=80%, list=23%, signal=62%","54518/5908/2885/7094",0.121543282035469
"R-HSA-9031628","NGF-stimulated transcription",12,-0.453347515561028,-1.210719504566,0.214912280701754,0.663053229665072,0.663053229665072,286,"tags=25%, list=7%, signal=23%","3726/2353/2354",0.13880510939114
"R-HSA-975576","N-glycan antennae elongation in the medial/trans-Golgi",6,0.573291376740456,1.21015533122448,0.248,0.698794717887155,0.698794717887155,1554,"tags=67%, list=36%, signal=43%","2683/11320/2530/8703",0.121543282035469
"R-HSA-9734779","Developmental Cell Lineages of the Integumentary System",10,-0.48233906102296,-1.21008789424452,0.242362525458248,0.695262483994878,0.695262483994878,274,"tags=30%, list=6%, signal=28%","3858/2171/7431",0.124434168630393
"R-HSA-1433557","Signaling by SCF-KIT",16,-0.420675978201115,-1.2090505359815,0.229813664596273,0.680666290231508,0.680666290231508,701,"tags=38%, list=16%, signal=32%","6774/2885/867/5295/5879/8651",0.129442887745046
"R-HSA-389357","CD28 dependent PI3K/Akt signaling",10,-0.481923355498315,-1.2090449759665,0.242362525458248,0.695262483994878,0.695262483994878,544,"tags=40%, list=13%, signal=35%","5295/253260/79109/208",0.124434168630393
"R-HSA-174490","Membrane binding and targetting of GAG proteins",8,0.496741803593587,1.20885918599208,0.252941176470588,0.698794717887155,0.698794717887155,1009,"tags=50%, list=23%, signal=38%","79720/9397/7251/51160",0.118815039412263
"R-HSA-174495","Synthesis And Processing Of GAG, GAGPOL Polyproteins",8,0.496741803593587,1.20885918599208,0.252941176470588,0.698794717887155,0.698794717887155,1009,"tags=50%, list=23%, signal=38%","79720/9397/7251/51160",0.118815039412263
"R-HSA-6805567","Keratinization",5,0.59252560289113,1.20839377504585,0.25381679389313,0.698794717887155,0.698794717887155,2,"tags=20%, list=0%, signal=20%","5045",0.116739204791222
"R-HSA-6809371","Formation of the cornified envelope",5,0.59252560289113,1.20839377504585,0.25381679389313,0.698794717887155,0.698794717887155,2,"tags=20%, list=0%, signal=20%","5045",0.116739204791222
"R-HSA-912526","Interleukin receptor SHC signaling",9,0.498314315054706,1.20811891778702,0.238636363636364,0.6904771516228,0.6904771516228,362,"tags=33%, list=8%, signal=31%","3560/3561/5293",0.120433371642259
"R-HSA-196108","Pregnenolone biosynthesis",6,0.572153191630577,1.20775274706828,0.25,0.698794717887155,0.698794717887155,1347,"tags=50%, list=31%, signal=34%","231/10948/2230",0.120985142145252
"R-HSA-9933939","Formation of the polybromo-BAF (pBAF) complex",14,-0.428936002136687,-1.20765297768637,0.218687872763419,0.66926621634126,0.66926621634126,908,"tags=50%, list=21%, signal=40%","86/196528/6603/6597/55193/9274/29117",0.130105630751129
"R-HSA-9755511","KEAP1-NFE2L2 pathway",66,0.297406641008295,1.20611541065087,0.173387096774194,0.612099198396794,0.612099198396794,1511,"tags=52%, list=35%, signal=34%","5689/5970/5719/5688/5684/7295/5707/5683/5691/5704/5709/5052/2730/2033/10072/5701/10213/55666/5685/9978/5714/5687/11047/1460/207/1026/5690/5700/9817/9861/5686/5702/5692/5694",0.149207542435322
"R-HSA-416476","G alpha (q) signalling events",30,0.349974245556778,1.20583871131207,0.21980198019802,0.66926621634126,0.66926621634126,99,"tags=17%, list=2%, signal=16%","10287/6375/8477/10316/301",0.129442887745046
"R-HSA-9918485","Dengue Virus Attachment and Entry",13,0.437759947985367,1.2035337623419,0.243809523809524,0.69556167125344,0.69556167125344,988,"tags=38%, list=23%, signal=30%","5045/4061/1175/1173/7317",0.119348440591015
"R-HSA-389948","Co-inhibition by PD-1",107,0.27231744487479,1.20138845389997,0.122330097087379,0.558195316961736,0.558195316961736,1083,"tags=37%, list=25%, signal=29%","1650/5689/6772/5970/5719/3703/5688/1603/5684/5564/9070/58505/5707/5562/5683/5691/5704/10987/3119/3091/5709/915/6184/2033/1499/3659/6185/5928/5701/10213/919/5685/9978/100128731/1019/3932/5714/5687/11047/1460",0.176694268938498
"R-HSA-2022870","CS-GAG biosynthesis",3,-0.7005017071576,-1.20102632419914,0.280334728033473,0.713566500625982,0.713566500625982,76,"tags=33%, list=2%, signal=33%","50515",0.116234148779716
"R-HSA-9033241","Peroxisomal protein import",17,0.406021138228414,1.19783044038781,0.24952380952381,0.698794717887155,0.698794717887155,840,"tags=29%, list=19%, signal=24%","847/10901/373156/54469/390916",0.11776578836269
"R-HSA-9772755","Formation of WDR5-containing histone-modifying complexes",18,-0.389784720225008,-1.19743799605685,0.211382113821138,0.65588850174216,0.65588850174216,439,"tags=17%, list=10%, signal=15%","1810/4297/11168",0.134273452883202
"R-HSA-937072","TRAF6-mediated induction of TAK1 complex within TLR4 complex",6,-0.558239246885808,-1.19712954533682,0.264940239043825,0.709877567960158,0.709877567960158,1069,"tags=50%, list=25%, signal=38%","7311/7314/6885",0.116739204791222
"R-HSA-975163","IRAK2 mediated activation of TAK1 complex upon TLR7/8 or 9 stimulation",6,-0.558239246885808,-1.19712954533682,0.264940239043825,0.709877567960158,0.709877567960158,1069,"tags=50%, list=25%, signal=38%","7311/7314/6885",0.116739204791222
"R-HSA-9014325","TICAM1,TRAF6-dependent induction of TAK1 complex",6,-0.558239246885808,-1.19712954533682,0.264940239043825,0.709877567960158,0.709877567960158,1069,"tags=50%, list=25%, signal=38%","7311/7314/6885",0.116739204791222
"R-HSA-937042","IRAK2 mediated activation of TAK1 complex",6,-0.558239246885808,-1.19712954533682,0.264940239043825,0.709877567960158,0.709877567960158,1069,"tags=50%, list=25%, signal=38%","7311/7314/6885",0.116739204791222
"R-HSA-449147","Signaling by Interleukins",186,0.250818251162385,1.19686271309482,0.104046242774566,0.524740958141699,0.524740958141699,608,"tags=21%, list=14%, signal=19%","1154/3689/9235/7076/3560/9466/8807/5689/6772/301/5970/5721/5719/6813/6810/302/5688/4205/654483/3561/998/3588/3654/3594/1072/9446/5684/5293/3185/5707/5683/5691/1265/1846/5704/7867/3091/3313/5709",0.191892240384838
"R-HSA-2691230","Signaling by NOTCH1 HD Domain Mutants in Cancer",6,-0.558028746326809,-1.1966781323631,0.264940239043825,0.709877567960158,0.709877567960158,1069,"tags=50%, list=25%, signal=38%","7311/102/7314",0.116739204791222
"R-HSA-2691232","Constitutive Signaling by NOTCH1 HD Domain Mutants",6,-0.558028746326809,-1.1966781323631,0.264940239043825,0.709877567960158,0.709877567960158,1069,"tags=50%, list=25%, signal=38%","7311/102/7314",0.116739204791222
"R-HSA-114604","GPVI-mediated activation cascade",15,0.418683678612159,1.19554926407328,0.272727272727273,0.713566500625982,0.713566500625982,288,"tags=20%, list=7%, signal=19%","2207/27040/998",0.115734447701689
"R-HSA-211945","Phase I - Functionalization of compounds",10,0.467317449756717,1.19437209614194,0.234833659491194,0.686793593018231,0.686793593018231,2052,"tags=80%, list=47%, signal=42%","3326/128/9049/2230/8648/10728/4835/2232",0.12384217120105
"R-HSA-983231","Factors involved in megakaryocyte development and platelet production",49,-0.316285725151572,-1.19430979419369,0.185714285714286,0.635527635790379,0.635527635790379,678,"tags=27%, list=16%, signal=23%","10383/5567/11004/3799/56992/3796/81704/5879/29127/3832/50808/9585/1062",0.144630528034484
"R-HSA-202427","Phosphorylation of CD3 and TCR zeta chains",15,-0.414887582417132,-1.19409380411263,0.220907297830375,0.671376843592687,0.671376843592687,608,"tags=33%, list=14%, signal=29%","5788/920/3115/3113/3122",0.128788713061714
"R-HSA-5656169","Termination of translesion DNA synthesis",24,0.372879368953031,1.19322813799508,0.225190839694656,0.672313936830616,0.672313936830616,759,"tags=25%, list=18%, signal=21%","5982/5984/6118/9246/54107/5983",0.125033367555272
"R-HSA-432142","Platelet sensitization by LDL",8,-0.499288504688844,-1.19243075373212,0.26219512195122,0.709877567960158,0.709877567960158,963,"tags=50%, list=22%, signal=39%","5781/5515/5525/5527",0.118815039412263
"R-HSA-112040","G-protein mediated events",18,-0.388025092255846,-1.19203233164809,0.215447154471545,0.663446908571165,0.663446908571165,897,"tags=39%, list=21%, signal=31%","5594/5576/808/5567/2771/3838/814",0.132846300606183
"R-HSA-975634","Retinoid metabolism and transport",3,-0.694675925925926,-1.19103788798725,0.284518828451883,0.713566500625982,0.713566500625982,1323,"tags=100%, list=31%, signal=69%","51109/26020/3949",0.115240003147781
"R-HSA-110314","Recognition of DNA damage by PCNA-containing replication complex",25,0.368266927530295,1.18962463597729,0.231800766283525,0.681149503934314,0.681149503934314,1391,"tags=40%, list=32%, signal=27%","5982/5984/6118/54107/5983/9978/5425/7320/1642/56655",0.123257226381337
"R-HSA-3229121","Glycogen storage diseases",5,0.582928869219987,1.18882224400584,0.274809160305344,0.713566500625982,0.713566500625982,30,"tags=20%, list=1%, signal=20%","2992",0.11146266692298
"R-HSA-9012999","RHO GTPase cycle",174,-0.249365466284079,-1.18852651459757,0.108055009823183,0.531787344416812,0.531787344416812,819,"tags=24%, list=19%, signal=20%","2010/51291/3930/84681/93663/4698/6510/6793/116984/117289/9738/6709/2885/752/9138/5295/6093/5062/84364/55023/89846/51566/81704/64333/50618/4001/54438/5879/29127/5930/1362/50619/23048/9824/9497/10928/27316/7431/89839/11214/7112/9901",0.190023305279108
"R-HSA-8875555","MET activates RAP1 and RAC1",5,-0.582559013574985,-1.18739876224855,0.280334728033473,0.713566500625982,0.713566500625982,936,"tags=60%, list=22%, signal=47%","5908/2885/5879",0.116234148779716
"R-HSA-5685938","HDR through Single Strand Annealing (SSA)",23,0.369864959843064,1.18716783421643,0.207156308851224,0.646470550035717,0.646470550035717,759,"tags=26%, list=18%, signal=22%","5982/5984/6118/5883/641/5983",0.130105630751129
"R-HSA-8876198","RAB GEFs exchange GTP for GDP on RABs",37,0.328443318448733,1.18675200085442,0.202380952380952,0.646041604310087,0.646041604310087,1216,"tags=43%, list=28%, signal=31%","3257/5868/81876/163486/79090/79958/22930/6305/5878/51399/23011/11021/2665/7879/207/51693",0.135740943810425
"R-HSA-203927","MicroRNA (miRNA) biogenesis",16,0.41286615810278,1.18555767670741,0.248554913294798,0.698794717887155,0.698794717887155,1728,"tags=56%, list=40%, signal=34%","5432/5435/5441/5430/5440/5434/23405/5436/5438",0.118815039412263
"R-HSA-9861718","Regulation of pyruvate metabolism",13,0.431174532169774,1.18542847356525,0.255238095238095,0.698794717887155,0.698794717887155,618,"tags=38%, list=14%, signal=33%","5160/3939/5315/5162/1738",0.116234148779716
"R-HSA-5365859","RA biosynthesis pathway",2,0.778072341386263,1.18459143066417,0.253384912959381,0.698794717887155,0.698794717887155,149,"tags=50%, list=3%, signal=48%","10901",0.11776578836269
"R-HSA-174154","APC/C:Cdc20 mediated degradation of Securin",48,0.311802802232348,1.18399177394078,0.185110663983903,0.635527635790379,0.635527635790379,1056,"tags=40%, list=24%, signal=30%","246184/5689/5719/5688/5684/5707/10393/5683/5691/51433/5704/5709/5701/10213/5685/5714/29945/5687/11047",0.143758989039275
"R-HSA-1489509","DAG and IP3 signaling",15,-0.411145236226066,-1.18332290474379,0.22879684418146,0.678888996669577,0.678888996669577,1328,"tags=53%, list=31%, signal=37%","3710/805/10768/5576/808/5567/3838/814",0.126253987849115
"R-HSA-8852276","The role of GTSE1 in G2/M progression after G2 checkpoint",49,0.313327207548284,1.1819143793985,0.203125,0.646041604310087,0.646041604310087,1535,"tags=53%, list=36%, signal=35%","5689/5719/5688/5684/3326/5707/5683/5691/5704/5709/3320/5701/10213/5685/5714/5687/11047/1026/5690/5700/9861/5686/5702/5692/5694/7846",0.134273452883202
"R-HSA-6811558","PI5P, PP2A and IER3 Regulate PI3K/AKT Signaling",22,-0.374583952086365,-1.18041186315251,0.225609756097561,0.672313936830616,0.672313936830616,1044,"tags=55%, list=24%, signal=42%","29851/5781/391/5594/2885/5515/50852/5295/5525/51135/5879/5527",0.129442887745046
"R-HSA-168164","Toll Like Receptor 3 (TLR3) Cascade",51,-0.306240579013458,-1.17909571119687,0.210526315789474,0.6544797107272,0.6544797107272,1069,"tags=37%, list=25%, signal=28%","7311/9252/1386/79155/5594/841/3146/7314/4793/6885/7322/5515/5604/8517/3551/92610/2353/3725/4792",0.134273452883202
"R-HSA-9820448","Developmental Cell Lineages of the Exocrine Pancreas",4,0.628057911006712,1.17881779347157,0.270992366412214,0.713566500625982,0.713566500625982,240,"tags=50%, list=6%, signal=47%","301/302",0.112378519110475
"R-HSA-8949664","Processing of SMDT1",9,0.485636142917815,1.17738181243243,0.272727272727273,0.713566500625982,0.713566500625982,19,"tags=11%, list=0%, signal=11%","91689",0.11146266692298
"R-HSA-109704","PI3K Cascade",7,-0.520101686561859,-1.17712188268179,0.288270377733598,0.714752580407963,0.714752580407963,963,"tags=71%, list=22%, signal=56%","5781/2885/5295/208/5140",0.11101149245045
"R-HSA-381119","Unfolded Protein Response (UPR)",38,-0.333020256923238,-1.17635967607267,0.243460764587525,0.69556167125344,0.69556167125344,1143,"tags=45%, list=26%, signal=33%","56005/9709/4801/27230/1968/37/2081/4802/118/167227/468/7094/1200/8570/3068/1663/64061",0.123257226381337
"R-HSA-1614635","Sulfur amino acid metabolism",10,0.460108409585867,1.17594719798221,0.256360078277886,0.700688871668921,0.700688871668921,230,"tags=30%, list=5%, signal=28%","23474/2806/25828",0.11776578836269
"R-HSA-1989781","PPARA activates gene expression",32,0.335046109259571,1.17483193476005,0.242424242424242,0.695262483994878,0.695262483994878,737,"tags=28%, list=17%, signal=24%","11010/10001/400569/34/892/55588/2033/29079/80205",0.119348440591015
"R-HSA-2172127","DAP12 interactions",17,-0.398747122310862,-1.17469752780123,0.251572327044025,0.698794717887155,0.698794717887155,617,"tags=35%, list=14%, signal=30%","2885/5295/3106/5879/3824/3822",0.12384217120105
"R-HSA-5655291","Signaling by FGFR4 in disease",3,-0.685035958875757,-1.17450994226868,0.315899581589958,0.72471464916793,0.72471464916793,617,"tags=67%, list=14%, signal=57%","2885/5295",0.108394255853397
"R-HSA-5655332","Signaling by FGFR3 in disease",3,-0.685035958875757,-1.17450994226868,0.315899581589958,0.72471464916793,0.72471464916793,617,"tags=67%, list=14%, signal=57%","2885/5295",0.108394255853397
"R-HSA-9920588","Dengue virus activates/modulates innate and adaptive immune responses",11,0.452522101324255,1.17334388426929,0.269155206286837,0.713566500625982,0.713566500625982,914,"tags=45%, list=21%, signal=36%","3326/3320/9641/8241/55763",0.114750719227023
"R-HSA-8852135","Protein ubiquitination",40,-0.321658018019025,-1.17281364254982,0.225941422594142,0.672313936830616,0.672313936830616,1114,"tags=42%, list=26%, signal=32%","5591/7311/65264/3105/54623/55236/7314/23168/7322/51322/10477/7324/54926/7326/27338/118424/11065",0.131457611642763
"R-HSA-446193","Biosynthesis of the N-glycan precursor (dolichol lipid-linked oligosaccharide, LLO) and transfer to a nascent protein",17,0.397395255277596,1.17238263927382,0.27047619047619,0.713566500625982,0.713566500625982,1266,"tags=41%, list=29%, signal=29%","30815/8818/8813/29880/3098/5476/2720",0.112378519110475
"R-HSA-3781860","Diseases associated with N-glycosylation of proteins",6,0.555145172912498,1.17185068162597,0.288,0.714752580407963,0.714752580407963,1266,"tags=50%, list=29%, signal=35%","2683/5476/2720",0.11146266692298
"R-HSA-9820965","Respiratory syncytial virus (RSV) genome replication, transcription and translation",17,0.397123771924074,1.17158171785794,0.27047619047619,0.713566500625982,0.713566500625982,656,"tags=29%, list=15%, signal=25%","5045/5499/3326/9789/3320",0.112378519110475
"R-HSA-174824","Plasma lipoprotein assembly, remodeling, and clearance",22,0.369426172553477,1.17038164856152,0.254901960784314,0.698794717887155,0.698794717887155,1037,"tags=32%, list=24%, signal=24%","5045/51128/55911/1175/6646/1173/1213",0.118287526124085
"R-HSA-428540","Activation of RAC1",4,-0.617193938922621,-1.17018773976651,0.317991631799163,0.72471464916793,0.72471464916793,488,"tags=50%, list=11%, signal=44%","5062/5879",0.107972360317345
"R-HSA-73884","Base Excision Repair",31,0.34337116637759,1.1695727203571,0.230916030534351,0.681149503934314,0.681149503934314,1034,"tags=35%, list=24%, signal=27%","328/5982/2237/5984/6118/4913/54107/5983/65057/7013/5425",0.123257226381337
"R-HSA-69190","DNA strand elongation",30,0.339380642936681,1.16933837937693,0.243564356435644,0.69556167125344,0.69556167125344,1288,"tags=37%, list=30%, signal=26%","5982/2237/5984/6118/51659/8318/5983/23649/5425/4176/4172",0.122107920287081
"R-HSA-176033","Interactions of Vpr with host cellular proteins",23,-0.371791446507329,-1.16891658278193,0.239915074309979,0.692946198671907,0.692946198671907,432,"tags=22%, list=10%, signal=20%","10762/57122/4928/9818/11168",0.128142916898415
"R-HSA-9749641","Aspirin ADME",2,0.767143542888921,1.16795266796976,0.276595744680851,0.713566500625982,0.713566500625982,689,"tags=50%, list=16%, signal=42%","6566",0.111918316325105
"R-HSA-180292","GAB1 signalosome",5,-0.572977144115109,-1.16786855213839,0.299163179916318,0.716113906120256,0.716113906120256,963,"tags=60%, list=22%, signal=47%","5781/2885/5295",0.111918316325105
"R-HSA-9824585","Regulation of MITF-M-dependent genes involved in pigmentation",19,-0.376899285305568,-1.16478123644191,0.265135699373695,0.709877567960158,0.709877567960158,1271,"tags=63%, list=29%, signal=45%","9275/6598/4644/6760/5873/86/57492/6603/6597/8289/208/9274",0.119887845115423
"R-HSA-8875360","InlB-mediated entry of Listeria monocytogenes into host cell",10,-0.46319613960418,-1.162062305315,0.289205702647658,0.715981899107955,0.715981899107955,1069,"tags=50%, list=25%, signal=38%","7311/7314/30011/2885/867",0.112378519110475
"R-HSA-177243","Interactions of Rev with host cellular proteins",23,-0.368958095287788,-1.16000849396903,0.250530785562633,0.698794717887155,0.698794717887155,432,"tags=22%, list=10%, signal=20%","10762/7514/57122/4928/9818",0.125033367555272
"R-HSA-69052","Switching of origins to a post-replicative state",63,0.288971238234897,1.15937806678771,0.221590909090909,0.671454791494922,0.671454791494921,1511,"tags=52%, list=35%, signal=35%","246184/5689/5719/5688/5684/5707/10393/5683/5691/51433/5704/5709/5701/10213/5685/9978/5714/29945/5687/11047/4176/5690/4172/5700/51053/9861/1017/4171/5686/5702/119504/5692/5694",0.12563992130984
"R-HSA-75109","Triglyceride biosynthesis",2,0.761318280617717,1.15908388366682,0.284332688588008,0.713566500625982,0.713566500625982,456,"tags=50%, list=11%, signal=45%","23175",0.110122263835536
"R-HSA-8983432","Interleukin-15 signaling",7,0.518959410145946,1.15898914301389,0.306613226452906,0.71729887671904,0.71729887671904,276,"tags=29%, list=6%, signal=27%","3560/3561",0.107554375265169
"R-HSA-1855167","Synthesis of pyrophosphates in the cytosol",1,-0.876214715409533,-1.15891648769215,0.276,0.713566500625982,0.713566500625982,537,"tags=100%, list=12%, signal=88%","11163",0.114266502484433
"R-HSA-525793","Myogenesis",5,0.567578038151721,1.15751583527994,0.299618320610687,0.716113906120256,0.716113906120256,660,"tags=60%, list=15%, signal=51%","4205/998/1499",0.105920292736253
"R-HSA-112311","Neurotransmitter clearance",1,0.871355853771402,1.15698499044311,0.276892430278884,0.713566500625982,0.713566500625982,557,"tags=100%, list=13%, signal=87%","1312",0.11378726182188
"R-HSA-9694631","Maturation of nucleoprotein",10,-0.461124497355622,-1.15686498789088,0.29735234215886,0.716113906120256,0.716113906120256,711,"tags=50%, list=16%, signal=42%","6733/84875/1452/54625/79668",0.110564716336619
"R-HSA-418360","Platelet calcium homeostasis",13,0.420763994000948,1.15680677295514,0.276190476190476,0.713566500625982,0.713566500625982,325,"tags=23%, list=8%, signal=21%","490/488/80228",0.11101149245045
"R-HSA-1250342","PI3K events in ERBB4 signaling",1,-0.874595094863489,-1.15677431303838,0.278,0.713566500625982,0.713566500625982,544,"tags=100%, list=13%, signal=87%","5295",0.11378726182188
"R-HSA-622312","Inflammasomes",8,0.475315508103792,1.15671665653867,0.290196078431373,0.716113906120256,0.716113906120256,367,"tags=50%, list=8%, signal=46%","9051/5970/3326/7295",0.109684061970549
"R-HSA-2995410","Nuclear Envelope (NE) Reassembly",44,-0.303468894819364,-1.15663600657052,0.232067510548523,0.681149503934314,0.681149503934314,819,"tags=25%, list=19%, signal=20%","2010/25978/3930/10383/5515/4001/57122/891/4928/9818/7112",0.130105630751129
"R-HSA-8963888","Chylomicron assembly",2,0.759641860506863,1.15653158513122,0.284332688588008,0.713566500625982,0.713566500625982,399,"tags=50%, list=9%, signal=45%","51128",0.110122263835536
"R-HSA-5578749","Transcriptional regulation by small RNAs",13,0.420571969576797,1.15627884005785,0.276190476190476,0.713566500625982,0.713566500625982,1728,"tags=62%, list=40%, signal=37%","5432/5435/5441/5430/5440/5434/5436/5438",0.11101149245045
"R-HSA-400685","Sema4D in semaphorin signaling",10,0.452311037814465,1.1560186392009,0.279843444227006,0.713566500625982,0.713566500625982,515,"tags=40%, list=12%, signal=35%","389/103910/4637/3984",0.111918316325105
"R-HSA-201556","Signaling by ALK",13,0.420454564994047,1.15595605954802,0.276190476190476,0.713566500625982,0.713566500625982,1201,"tags=54%, list=28%, signal=39%","3561/3091/1786/2033/3066/5777/25942",0.11101149245045
"R-HSA-156584","Cytosolic sulfonation of small molecules",2,0.759083545475584,1.15568156750884,0.284332688588008,0.713566500625982,0.713566500625982,1043,"tags=100%, list=24%, signal=76%","8459/84836",0.110122263835536
"R-HSA-392170","ADP signalling through P2Y purinoceptor 12",8,0.474865195452067,1.15562078624616,0.294117647058824,0.716113906120256,0.716113906120256,500,"tags=38%, list=12%, signal=33%","2773/2793/54331",0.108820126769161
"R-HSA-977444","GABA B receptor activation",8,0.474865195452067,1.15562078624616,0.294117647058824,0.716113906120256,0.716113906120256,500,"tags=38%, list=12%, signal=33%","2773/2793/54331",0.108820126769161
"R-HSA-991365","Activation of GABAB receptors",8,0.474865195452067,1.15562078624616,0.294117647058824,0.716113906120256,0.716113906120256,500,"tags=38%, list=12%, signal=33%","2773/2793/54331",0.108820126769161
"R-HSA-3000157","Laminin interactions",2,0.758852117565378,1.15532922556753,0.284332688588008,0.713566500625982,0.713566500625982,1044,"tags=100%, list=24%, signal=76%","3672/3688",0.110122263835536
"R-HSA-1462054","Alpha-defensins",1,-0.873438223044887,-1.15524418828568,0.278,0.713566500625982,0.713566500625982,549,"tags=100%, list=13%, signal=87%","920",0.11378726182188
"R-HSA-912631","Regulation of signaling by CBL",10,-0.460219409031843,-1.15459431045185,0.29735234215886,0.716113906120256,0.716113906120256,1069,"tags=50%, list=25%, signal=38%","7311/7314/2885/867/5295",0.110564716336619
"R-HSA-901042","Calnexin/calreticulin cycle",17,-0.391791736065113,-1.15420716042144,0.278825995807128,0.713566500625982,0.713566500625982,1121,"tags=41%, list=26%, signal=31%","2923/7311/7314/56886/11236/10206/5589",0.116739204791222
"R-HSA-418597","G alpha (z) signalling events",13,0.419373963042338,1.15298515976946,0.276190476190476,0.713566500625982,0.713566500625982,500,"tags=31%, list=12%, signal=27%","10287/2773/2793/54331",0.11101149245045
"R-HSA-9609690","HCMV Early Events",40,-0.316199460357409,-1.15291091811716,0.244769874476987,0.69630713832364,0.69630713832364,432,"tags=18%, list=10%, signal=16%","10762/8726/57122/10951/4928/9818/2146",0.12563992130984
"R-HSA-1606322","ZBP1(DAI) mediated induction of type I IFNs",8,-0.482128509399397,-1.1514482237422,0.302845528455285,0.716113906120256,0.716113906120256,762,"tags=50%, list=18%, signal=41%","4793/8517/3551/4792",0.109250039480711
"R-HSA-9022692","Regulation of MECP2 expression and activity",20,-0.368947636123391,-1.1512368957191,0.282786885245902,0.713566500625982,0.713566500625982,782,"tags=25%, list=18%, signal=21%","3930/808/23112/9212/814",0.114266502484433
"R-HSA-451927","Interleukin-2 family signaling",17,0.390131515761455,1.15095338969966,0.283809523809524,0.713566500625982,0.713566500625982,362,"tags=24%, list=8%, signal=22%","3560/6772/3561/5293",0.109250039480711
"R-HSA-446219","Synthesis of substrates in N-glycan biosythesis",16,0.400439288641625,1.14987354470005,0.273603082851638,0.713566500625982,0.713566500625982,1266,"tags=44%, list=29%, signal=31%","30815/8818/8813/29880/3098/5476/2720",0.112378519110475
"R-HSA-2151201","Transcriptional activation of mitochondrial biogenesis",21,-0.360704945474923,-1.1498065583759,0.276209677419355,0.713566500625982,0.713566500625982,208,"tags=14%, list=5%, signal=14%","3418/814/2553",0.114750719227023
"R-HSA-70268","Pyruvate metabolism",20,0.377439459550743,1.14933672517927,0.278210116731518,0.713566500625982,0.713566500625982,618,"tags=35%, list=14%, signal=30%","4200/5160/3939/5315/2739/5162/1738",0.111918316325105
"R-HSA-9006936","Signaling by TGFB family members",54,0.291507846004204,1.1478382665665,0.226168224299065,0.672313936830616,0.672313936830616,1235,"tags=43%, list=29%, signal=31%","5045/7076/6498/6772/5499/51592/7046/892/4738/5663/2033/11171/1874/5933/2280/8812/10589/3688/9040/1025/55851/9958/22938",0.123257226381337
"R-HSA-9617629","Regulation of FOXO transcriptional activity by acetylation",4,-0.605258597987288,-1.14755856479949,0.334728033472803,0.737119407487543,0.737119407487543,10,"tags=25%, list=0%, signal=25%","10628",0.104732821580651
"R-HSA-9730414","MITF-M-regulated melanocyte development",63,-0.281126639625746,-1.14733905113467,0.219409282700422,0.66926621634126,0.66926621634126,956,"tags=29%, list=22%, signal=23%","5873/86/57492/5594/7534/5347/6603/6597/23112/8289/7514/208/9274/4140/891/1029/7533/994",0.134273452883202
"R-HSA-112399","IRS-mediated signalling",8,-0.480306259194055,-1.14709621650502,0.304878048780488,0.716113906120256,0.716113906120256,963,"tags=62%, list=22%, signal=49%","5781/2885/5295/208/5140",0.108820126769161
"R-HSA-2404192","Signaling by Type 1 Insulin-like Growth Factor 1 Receptor (IGF1R)",8,-0.480306259194055,-1.14709621650502,0.304878048780488,0.716113906120256,0.716113906120256,963,"tags=62%, list=22%, signal=49%","5781/2885/5295/208/5140",0.108820126769161
"R-HSA-2428924","IGF1R signaling cascade",8,-0.480306259194055,-1.14709621650502,0.304878048780488,0.716113906120256,0.716113906120256,963,"tags=62%, list=22%, signal=49%","5781/2885/5295/208/5140",0.108820126769161
"R-HSA-2428928","IRS-related events triggered by IGF1R",8,-0.480306259194055,-1.14709621650502,0.304878048780488,0.716113906120256,0.716113906120256,963,"tags=62%, list=22%, signal=49%","5781/2885/5295/208/5140",0.108820126769161
"R-HSA-9934037","Formation of neuronal progenitor and neuronal BAF (npBAF and nBAF)",15,-0.398146934098273,-1.14591230801212,0.276134122287968,0.713566500625982,0.713566500625982,1271,"tags=67%, list=29%, signal=47%","9275/6598/6760/86/57492/6603/64919/6597/8289/9274",0.11331290842208
"R-HSA-9607240","FLT3 Signaling",20,-0.367034283031831,-1.145266610351,0.28483606557377,0.713566500625982,0.713566500625982,1069,"tags=45%, list=25%, signal=34%","7311/5781/7314/2885/867/5295/208/1027/6503",0.11378726182188
"R-HSA-9683701","Translation of Structural Proteins",16,-0.398155761703779,-1.14432594689763,0.283643892339545,0.713566500625982,0.713566500625982,772,"tags=31%, list=18%, signal=26%","7314/84875/54625/5589/79668",0.114750719227023
"R-HSA-5693607","Processing of DNA double-strand break ends",41,0.314320515147105,1.1441180097854,0.270992366412214,0.713566500625982,0.713566500625982,498,"tags=17%, list=12%, signal=15%","51720/5982/5984/7336/6118/5883/641",0.112378519110475
"R-HSA-1442490","Collagen degradation",6,0.541521646484475,1.14309290886705,0.314,0.72471464916793,0.72471464916793,2,"tags=17%, list=0%, signal=17%","5045",0.105920292736253
"R-HSA-5607763","CLEC7A (Dectin-1) induces NFAT activation",10,-0.45550928854,-1.14277760256275,0.313645621181263,0.72471464916793,0.72471464916793,1328,"tags=60%, list=31%, signal=42%","3710/805/10768/808/5534/4773",0.107140237276725
"R-HSA-1483191","Synthesis of PC",10,0.446875589938507,1.14212669641885,0.293542074363992,0.716113906120256,0.716113906120256,1143,"tags=40%, list=26%, signal=29%","5130/23175/1460/10390",0.108820126769161
"R-HSA-9035034","RHOF GTPase cycle",16,-0.397289728817676,-1.14183691120417,0.285714285714286,0.71384750219106,0.71384750219106,544,"tags=25%, list=13%, signal=22%","5295/4001/9497/7112",0.114266502484433
"R-HSA-8979227","Triglyceride metabolism",8,-0.478050970710165,-1.14171000127781,0.306910569105691,0.71729887671904,0.71729887671904,649,"tags=50%, list=15%, signal=43%","5567/5501/2171/10226",0.108394255853397
"R-HSA-9671793","Diseases of hemostasis",1,0.859787135585377,1.1416240638573,0.298804780876494,0.716113906120256,0.716113906120256,607,"tags=100%, list=14%, signal=86%","8459",0.108820126769161
"R-HSA-9769726","Defects of Coagulation cascade",1,0.859787135585377,1.1416240638573,0.298804780876494,0.716113906120256,0.716113906120256,607,"tags=100%, list=14%, signal=86%","8459",0.108820126769161
"R-HSA-140534","Caspase activation via Death Receptors in the presence of ligand",6,-0.532065750681334,-1.14100116348991,0.346613545816733,0.737119407487543,0.737119407487543,815,"tags=50%, list=19%, signal=41%","841/8717/8837",0.0995791200495904
"R-HSA-3371378","Regulation by c-FLIP",6,-0.532065750681334,-1.14100116348991,0.346613545816733,0.737119407487543,0.737119407487543,815,"tags=50%, list=19%, signal=41%","841/8717/8837",0.0995791200495904
"R-HSA-5218900","CASP8 activity is inhibited",6,-0.532065750681334,-1.14100116348991,0.346613545816733,0.737119407487543,0.737119407487543,815,"tags=50%, list=19%, signal=41%","841/8717/8837",0.0995791200495904
"R-HSA-69416","Dimerization of procaspase-8",6,-0.532065750681334,-1.14100116348991,0.346613545816733,0.737119407487543,0.737119407487543,815,"tags=50%, list=19%, signal=41%","841/8717/8837",0.0995791200495904
"R-HSA-3928663","EPHA-mediated growth cone collapse",6,0.540331080275234,1.14057975394489,0.318,0.72471464916793,0.72471464916793,350,"tags=33%, list=8%, signal=31%","103910/4637",0.105125131597001
"R-HSA-163210","Formation of ATP by chemiosmotic coupling",2,-0.742189308030549,-1.14024152459902,0.336082474226804,0.737119407487543,0.737119407487543,1117,"tags=100%, list=26%, signal=74%","4508/4509",0.103576326612592
"R-HSA-6803205","TP53 regulates transcription of several additional cell death genes whose specific roles in p53-dependent apoptosis remain uncertain",4,-0.601149783351546,-1.13976833192697,0.343096234309623,0.737119407487543,0.737119407487543,124,"tags=25%, list=3%, signal=24%","332",0.103197466945307
"R-HSA-452723","Transcriptional regulation of pluripotent stem cells",3,-0.664583333333333,-1.13944344432235,0.378661087866109,0.759653832677206,0.759653832677206,1453,"tags=100%, list=34%, signal=66%","4087/27086/6774",0.0972150808846466
"R-HSA-210991","Basigin interactions",8,0.467962474394364,1.13882248640793,0.305882352941176,0.716953025814642,0.716953025814642,1061,"tags=50%, list=25%, signal=38%","9123/6566/3688/6520",0.106323255932708
"R-HSA-6814122","Cooperation of PDCL (PhLP1) and TRiC/CCT in G-protein beta folding",18,0.383366024067203,1.13804632226648,0.282352941176471,0.713566500625982,0.713566500625982,1095,"tags=39%, list=25%, signal=29%","22948/2793/10574/54331/10576/1460/7203",0.11146266692298
"R-HSA-3371497","HSP90 chaperone cycle for steroid hormone receptors (SHR) in the presence of ligand",28,-0.336234427601792,-1.1372442129427,0.276,0.713566500625982,0.713566500625982,99,"tags=7%, list=2%, signal=7%","2908/2289",0.114266502484433
"R-HSA-69615","G1/S DNA Damage Checkpoints",51,0.293378207289844,1.13663728235798,0.253937007874016,0.698794717887155,0.698794717887155,1511,"tags=51%, list=35%, signal=34%","5689/5719/5688/5684/5707/5683/5691/5704/5709/4193/5701/10213/5685/9978/5714/5687/11047/1026/5690/5700/9861/1017/5686/5702/5692/5694",0.118815039412263
"R-HSA-5674400","Constitutive Signaling by AKT1 E17K in Cancer",11,-0.432629009414776,-1.13607143175539,0.292089249492901,0.716113906120256,0.716113906120256,510,"tags=36%, list=12%, signal=32%","253260/79109/208/1027",0.11146266692298
"R-HSA-166663","Initial triggering of complement",1,0.855391022674688,1.13578691175469,0.300796812749004,0.716113906120256,0.716113906120256,626,"tags=100%, list=14%, signal=86%","3004",0.108394255853397
"R-HSA-5693571","Nonhomologous End-Joining (NHEJ)",16,0.39538031838553,1.13534655839797,0.285163776493256,0.713566500625982,0.713566500625982,1348,"tags=38%, list=31%, signal=26%","51720/7336/7334/2547/7520/10111",0.109684061970549
"R-HSA-8878166","Transcriptional regulation by RUNX2",57,0.287422892354133,1.13302989235648,0.26441351888668,0.709877567960158,0.709877567960158,1511,"tags=53%, list=35%, signal=35%","3958/5689/6772/5719/5688/5684/5707/5683/5691/5704/5709/5701/10213/5685/9978/1019/5714/5687/11047/2101/207/1026/581/5690/5700/9861/5686/5702/5692/5694",0.116739204791222
"R-HSA-448424","Interleukin-17 signaling",31,-0.332625026032888,-1.13275530487527,0.299163179916318,0.716113906120256,0.716113906120256,1069,"tags=42%, list=25%, signal=32%","7311/9252/1386/79155/5594/7314/6885/5515/5604/8517/3551/2353/3725",0.111918316325105
"R-HSA-450294","MAP kinase activation",31,-0.332625026032888,-1.13275530487527,0.299163179916318,0.716113906120256,0.716113906120256,1069,"tags=42%, list=25%, signal=32%","7311/9252/1386/79155/5594/7314/6885/5515/5604/8517/3551/2353/3725",0.111918316325105
"R-HSA-9820865","Z-decay: degradation of maternal mRNAs by zygotically expressed factors",8,-0.474285358301366,-1.13271673986538,0.317073170731707,0.72471464916793,0.72471464916793,1030,"tags=62%, list=24%, signal=48%","9775/1981/1977/1974/1975",0.106323255932708
"R-HSA-1236977","Endosomal/Vacuolar pathway",8,-0.474174705778022,-1.1324524728723,0.317073170731707,0.72471464916793,0.72471464916793,400,"tags=25%, list=9%, signal=23%","3106/3134",0.106323255932708
"R-HSA-193639","p75NTR signals via NF-kB",9,-0.471789093077377,-1.13213604105325,0.30168776371308,0.716113906120256,0.716113906120256,772,"tags=44%, list=18%, signal=37%","7314/3551/8878/4792",0.111918316325105
"R-HSA-209560","NF-kB is activated and signals survival",9,-0.471789093077377,-1.13213604105325,0.30168776371308,0.716113906120256,0.716113906120256,772,"tags=44%, list=18%, signal=37%","7314/3551/8878/4792",0.111918316325105
"R-HSA-174184","Cdc20:Phospho-APC/C mediated degradation of Cyclin A",51,0.292027138254193,1.13140282595051,0.257874015748031,0.70246951781529,0.70246951781529,1056,"tags=37%, list=24%, signal=28%","246184/5689/5719/5688/5684/5707/10393/5683/5691/51433/5704/5709/5701/10213/5685/5714/29945/5687/11047",0.11776578836269
"R-HSA-179419","APC:Cdc20 mediated degradation of cell cycle proteins prior to satisfation of the cell cycle checkpoint",51,0.292027138254193,1.13140282595051,0.257874015748031,0.70246951781529,0.70246951781529,1056,"tags=37%, list=24%, signal=28%","246184/5689/5719/5688/5684/5707/10393/5683/5691/51433/5704/5709/5701/10213/5685/5714/29945/5687/11047",0.11776578836269
"R-HSA-166208","mTORC1-mediated signalling",13,0.411328756046309,1.13086646597549,0.293333333333333,0.716113906120256,0.716113906120256,828,"tags=46%, list=19%, signal=37%","10670/6198/10542/1978/389541/2280",0.107140237276725
"R-HSA-3214842","HDMs demethylate histones",5,-0.554783338898907,-1.13078509571441,0.338912133891213,0.737119407487543,0.737119407487543,143,"tags=20%, list=3%, signal=19%","84159",0.103958471559957
"R-HSA-211000","Gene Silencing by RNA",23,0.352253792142987,1.13064068488767,0.265536723163842,0.709877567960158,0.709877567960158,1728,"tags=52%, list=40%, signal=31%","3320/5432/7257/5435/113802/5441/5430/5440/5434/23405/5436/5438",0.112843355675562
"R-HSA-176412","Phosphorylation of the APC/C",14,-0.400906292952266,-1.12873639900883,0.320079522862823,0.726197134740305,0.726197134740305,343,"tags=29%, list=8%, signal=26%","7324/27338/891/11065",0.104343952581949
"R-HSA-2586552","Signaling by Leptin",3,-0.657940380859715,-1.12805394917952,0.380753138075314,0.761974031848509,0.761974031848509,963,"tags=67%, list=22%, signal=52%","5781/6774",0.096887770327544
"R-HSA-9013106","RHOC GTPase cycle",32,-0.320847547315113,-1.12774000667835,0.265822784810127,0.709877567960158,0.709877567960158,945,"tags=34%, list=22%, signal=27%","5586/3998/3930/93663/6793/9138/5295/6093/29127/11214/7112",0.120433371642259
"R-HSA-5619115","Disorders of transmembrane transporters",64,0.280664248354368,1.12711130189937,0.245353159851301,0.69630713832364,0.69630713832364,1061,"tags=34%, list=25%, signal=26%","5689/5719/5688/6396/5684/5707/5683/5691/5704/5709/6566/5701/10213/3098/9972/5685/23511/23279/5714/5687/11047/6520",0.117249716749792
"R-HSA-74217","Purine salvage",6,0.533883698899452,1.12697003773269,0.328,0.732373186158998,0.732373186158998,897,"tags=67%, list=21%, signal=53%","353/3251/100/132",0.103197466945307
"R-HSA-9856532","Mechanical load activates signaling by PIEZO1 and integrins in osteocytes",2,0.739875028928489,1.12643718637981,0.328820116054159,0.732373186158998,0.732373186158998,1126,"tags=100%, list=26%, signal=74%","3688/207",0.100990587455923
"R-HSA-5620971","Pyroptosis",19,0.367129512391465,1.12556883120076,0.290630975143403,0.716113906120256,0.716113906120256,1287,"tags=47%, list=30%, signal=33%","3002/29082/3659/578/79643/54205/834/581/837",0.107972360317345
"R-HSA-9945266","Differentiation of T cells",41,-0.306071841658612,-1.12541025359207,0.267782426778243,0.713566500625982,0.713566500625982,297,"tags=17%, list=7%, signal=16%","4773/4094/4297/51621/2353/2113/3725",0.119348440591015
"R-HSA-9733709","Cardiogenesis",1,0.847524294308191,1.12534148167634,0.314741035856574,0.72471464916793,0.72471464916793,660,"tags=100%, list=15%, signal=85%","1499",0.105520936843198
"R-HSA-9834899","Specification of the neural plate border",1,0.847524294308191,1.12534148167634,0.314741035856574,0.72471464916793,0.72471464916793,660,"tags=100%, list=15%, signal=85%","1499",0.105520936843198
"R-HSA-397014","Muscle contraction",35,0.315955399976197,1.12440039582804,0.279843444227006,0.713566500625982,0.713566500625982,917,"tags=34%, list=21%, signal=27%","301/490/302/488/103910/80228/4637/10627/7168/3672/7170/309",0.111918316325105
"R-HSA-425397","Transport of vitamins, nucleosides, and related molecules",5,0.550949513663733,1.12360370493243,0.322519083969466,0.728687361700776,0.728687361700776,1944,"tags=100%, list=45%, signal=55%","51248/402/292/23568/293",0.101350743797099
"R-HSA-9753281","Paracetamol ADME",2,0.737792177736635,1.12326610890799,0.328820116054159,0.732373186158998,0.732373186158998,1135,"tags=100%, list=26%, signal=74%","2950/55748",0.100990587455923
"R-HSA-216083","Integrin cell surface interactions",13,0.408445442536801,1.12293936992187,0.302857142857143,0.716113906120256,0.716113906120256,1257,"tags=46%, list=29%, signal=33%","3689/3384/3672/3688/3683/3676",0.105125131597001
"R-HSA-418359","Reduction of cytosolic Ca++ levels",8,0.46122459905392,1.12242535123541,0.327450980392157,0.732373186158998,0.732373186158998,290,"tags=25%, list=7%, signal=23%","490/488",0.102080107662747
"R-HSA-8953750","Transcriptional Regulation by E2F6",22,-0.355937303344302,-1.12165140301914,0.298780487804878,0.716113906120256,0.716113906120256,1431,"tags=55%, list=33%, signal=37%","5931/10919/5932/80012/23468/23512/10138/7027/8726/6241/1869/2146",0.110122263835536
"R-HSA-879415","Advanced glycosylation endproduct receptor signaling",7,0.501765961924792,1.12059111143434,0.338677354709419,0.737119407487543,0.737119407487543,77,"tags=29%, list=2%, signal=28%","3958/1650",0.101350743797099
"R-HSA-9013026","RHOB GTPase cycle",22,-0.355547293006603,-1.12042237858602,0.298780487804878,0.716113906120256,0.716113906120256,731,"tags=27%, list=17%, signal=23%","6793/9138/5295/6093/29127/11214",0.110122263835536
"R-HSA-9678108","SARS-CoV-1 Infection",93,-0.258738529015334,-1.12037670032794,0.233820459290188,0.685060302488698,0.685060302488698,468,"tags=14%, list=11%, signal=13%","7428/54625/3178/5589/5094/10971/6205/79668/3838/81631/6187/7533/4792",0.128788713061714
"R-HSA-389661","Glyoxylate metabolism and glycine degradation",5,0.549275200110454,1.12018911817806,0.32442748091603,0.73091976516634,0.73091976516634,1158,"tags=60%, list=27%, signal=44%","2806/1738/1743",0.100990587455923
"R-HSA-9843743","Transcriptional regulation of brown and beige adipocyte differentiation",9,0.461762920080381,1.11950329827559,0.329545454545455,0.732373186158998,0.732373186158998,749,"tags=33%, list=17%, signal=28%","54815/3066/5928",0.0995791200495904
"R-HSA-9844594","Transcriptional regulation of brown and beige adipocyte differentiation by EBF2",9,0.461762920080381,1.11950329827559,0.329545454545455,0.732373186158998,0.732373186158998,749,"tags=33%, list=17%, signal=28%","54815/3066/5928",0.0995791200495904
"R-HSA-69205","G1/S-Specific Transcription",19,-0.361285730916066,-1.11652862388439,0.311064718162839,0.72471464916793,0.72471464916793,542,"tags=32%, list=13%, signal=28%","7027/26271/6241/1869/81620/7298",0.109250039480711
"R-HSA-3858494","Beta-catenin independent WNT signaling",70,0.274461013476464,1.11545590498446,0.254065040650407,0.698794717887155,0.698794717887155,1056,"tags=31%, list=24%, signal=24%","5689/5719/5688/5684/2793/5707/54331/5683/5691/5704/5709/1175/1499/5701/10213/5685/5530/1173/5714/1213/5687/11047",0.120985142145252
"R-HSA-73728","RNA Polymerase I Promoter Opening",2,-0.725757926405925,-1.11499763677659,0.371134020618557,0.754951672862453,0.754951672862453,1188,"tags=100%, list=27%, signal=73%","7343/8932",0.09754492162472
"R-HSA-9013507","NOTCH3 Activation and Transmission of Signal to the Nucleus",10,-0.444418087730484,-1.1149520978156,0.35030549898167,0.741100854339144,0.741100854339144,1069,"tags=50%, list=25%, signal=38%","7311/102/7314/4904/10460",0.10027910675413
"R-HSA-9832991","Formation of the posterior neural plate",1,-0.842896807033781,-1.1148488948145,0.322,0.728525,0.728525,681,"tags=100%, list=16%, signal=84%","9839",0.104343952581949
"R-HSA-9823739","Formation of the anterior neural plate",1,-0.842896807033781,-1.1148488948145,0.322,0.728525,0.728525,681,"tags=100%, list=16%, signal=84%","9839",0.104343952581949
"R-HSA-392518","Signal amplification",10,0.435884310720347,1.11403513423577,0.324853228962818,0.73091976516634,0.73091976516634,500,"tags=30%, list=12%, signal=27%","2773/2793/54331",0.102449405629826
"R-HSA-913531","Interferon Signaling",128,-0.243504759583545,-1.1138417045362,0.231751824817518,0.681149503934314,0.681149503934314,701,"tags=22%, list=16%, signal=19%","6774/5610/1974/10383/5894/8554/5515/8517/1982/10346/5525/3609/3551/10762/3106/199990/3115/7324/4904/57122/3113/3838/4928/9818/3134/3122/8651/2289",0.119887845115423
"R-HSA-9827857","Specification of primordial germ cells",2,-0.724832214765101,-1.11357544591336,0.371134020618557,0.754951672862453,0.754951672862453,1192,"tags=100%, list=28%, signal=72%","639/7852",0.09754492162472
"R-HSA-9675136","Diseases of DNA Double-Strand Break Repair",26,0.333022416133521,1.11335452247577,0.288270377733598,0.714752580407963,0.714752580407963,1104,"tags=31%, list=26%, signal=23%","5982/5984/6118/5883/641/5983/5810/7516",0.11101149245045
"R-HSA-9701190","Defective homologous recombination repair (HRR) due to BRCA2 loss of function",26,0.333022416133521,1.11335452247577,0.288270377733598,0.714752580407963,0.714752580407963,1104,"tags=31%, list=26%, signal=23%","5982/5984/6118/5883/641/5983/5810/7516",0.11101149245045
"R-HSA-5617833","Cilium Assembly",76,-0.26601820967786,-1.1115953965761,0.246376811594203,0.696784420289855,0.696784420289855,955,"tags=28%, list=22%, signal=22%","140735/54930/983/90410/5347/93323/11258/10383/9738/54820/54806/84131/22995/5116/50807/5108/9662/9702/1069/11064/132320",0.124434168630393
"R-HSA-9975921","Assembly of the 9+0 primary cilium",76,-0.26601820967786,-1.1115953965761,0.246376811594203,0.696784420289855,0.696784420289855,955,"tags=28%, list=22%, signal=22%","140735/54930/983/90410/5347/93323/11258/10383/9738/54820/54806/84131/22995/5116/50807/5108/9662/9702/1069/11064/132320",0.124434168630393
"R-HSA-5696397","Gap-filling DNA repair synthesis and ligation in GG-NER",22,0.350777756407961,1.11130147056387,0.307843137254902,0.718447665599191,0.718447665599191,759,"tags=23%, list=18%, signal=19%","5982/5984/6118/54107/5983",0.105920292736253
"R-HSA-72306","tRNA processing",40,0.302206533973325,1.11122185550619,0.303435114503817,0.716113906120256,0.716113906120256,985,"tags=35%, list=23%, signal=27%","51002/79897/6396/10248/23536/1653/81605/10556/339487/51367/9972/81890/23511/23279",0.105125131597001
"R-HSA-69091","Polymerase switching",14,0.390404585522236,1.11113198247482,0.332665330661323,0.735294197621838,0.735294197621838,1034,"tags=36%, list=24%, signal=27%","5982/5984/5983/23649/5425",0.102449405629826
"R-HSA-69109","Leading Strand Synthesis",14,0.390404585522236,1.11113198247482,0.332665330661323,0.735294197621838,0.735294197621838,1034,"tags=36%, list=24%, signal=27%","5982/5984/5983/23649/5425",0.102449405629826
"R-HSA-9675135","Diseases of DNA repair",31,0.325922744483229,1.11014082781874,0.295801526717557,0.716113906120256,0.716113906120256,1104,"tags=32%, list=26%, signal=24%","5982/5984/6118/5883/641/4913/5983/4436/5810/7516",0.106729884364606
"R-HSA-5357786","TNFR1-induced proapoptotic signaling",14,-0.394101821276321,-1.1095786681583,0.343936381709742,0.737119407487543,0.737119407487543,1426,"tags=57%, list=33%, signal=38%","7124/10616/331/329/841/1540/8717/7128",0.0999276973731092
"R-HSA-9748787","Azathioprine ADME",7,0.496641682294679,1.10914708644711,0.35871743486974,0.748967519293021,0.748967519293021,580,"tags=43%, list=13%, signal=37%","3615/4830/3251",0.0978773277424561
"R-HSA-8854691","Interleukin-20 family signaling",9,0.45735239645449,1.10881037441447,0.340909090909091,0.737119407487543,0.737119407487543,326,"tags=22%, list=8%, signal=21%","6772/3588",0.09754492162472
"R-HSA-2892247","POU5F1 (OCT4), SOX2, NANOG activate genes related to proliferation",1,-0.838269319759371,-1.10872839580372,0.324,0.73091976516634,0.73091976516634,701,"tags=100%, list=16%, signal=84%","6774",0.103958471559957
"R-HSA-195253","Degradation of beta-catenin by the destruction complex",49,0.293781512952682,1.10818526510091,0.28125,0.713566500625982,0.713566500625982,1511,"tags=53%, list=35%, signal=35%","5689/5719/5688/5684/5707/5683/5691/5704/5709/1499/7090/5701/10213/5685/9978/5714/5687/11047/5690/5518/5700/9861/5686/5702/5692/5694",0.11146266692298
"R-HSA-77588","SLBP Dependent Processing of Replication-Dependent Histone Pre-mRNAs",8,0.455257126905535,1.10790305117623,0.345098039215686,0.737119407487543,0.737119407487543,1408,"tags=75%, list=33%, signal=51%","84967/6635/6628/6637/22916/6636",0.0988903007520636
"R-HSA-8863795","Downregulation of ERBB2 signaling",13,-0.405408482520766,-1.1078226795978,0.327044025157233,0.732373186158998,0.732373186158998,1069,"tags=46%, list=25%, signal=35%","7311/10273/7314/8065/208/26469",0.106323255932708
"R-HSA-202430","Translocation of ZAP-70 to Immunological synapse",13,-0.405394238657226,-1.10778375669471,0.327044025157233,0.732373186158998,0.732373186158998,549,"tags=31%, list=13%, signal=27%","920/3115/3113/3122",0.106323255932708
"R-HSA-6803204","TP53 Regulates Transcription of Genes Involved in Cytochrome C Release",9,0.456460557616317,1.10664819014751,0.34469696969697,0.737119407487543,0.737119407487543,1754,"tags=67%, list=41%, signal=40%","5366/51499/581/637/7157/665",0.096887770327544
"R-HSA-6781823","Formation of TC-NER Pre-Incision Complex",35,0.310828306480078,1.10615444732734,0.301369863013699,0.716113906120256,0.716113906120256,1728,"tags=54%, list=40%, signal=33%","8533/51138/10987/5432/5435/27339/9978/5441/5430/5440/10920/7507/1642/10450/5434/7874/5436/10980/5438",0.107140237276725
"R-HSA-400206","Regulation of lipid metabolism by PPARalpha",33,0.320562631319758,1.10547124916912,0.303675048355899,0.716113906120256,0.716113906120256,737,"tags=27%, list=17%, signal=23%","11010/10001/400569/34/892/55588/2033/29079/80205",0.105920292736253
"R-HSA-9707564","Cytoprotection by HMOX1",32,0.31520744737738,1.10526809599883,0.301136363636364,0.716113906120256,0.716113906120256,1215,"tags=41%, list=28%, signal=29%","3043/3039/3163/3040/1340/80205/1349/54205/1347/1337/81502/25942/1327",0.105125131597001
"R-HSA-391160","Signal regulatory protein family interactions",8,0.453880766537616,1.10455357291215,0.349019607843137,0.741100854339144,0.741100854339144,4,"tags=12%, list=0%, signal=13%","7305",0.0982123351217438
"R-HSA-9662361","Sensory processing of sound by outer hair cells of the cochlea",10,0.431964727520932,1.10401744539423,0.330724070450098,0.733991159077942,0.733991159077942,1299,"tags=60%, list=30%, signal=42%","60/11344/64787/11078/4627/71",0.101350743797099
"R-HSA-6782210","Gap-filling DNA repair synthesis and ligation in TC-NER",45,0.287924895846361,1.10379715299711,0.305084745762712,0.716113906120256,0.716113906120256,1623,"tags=44%, list=38%, signal=28%","5982/5984/6118/54107/5432/5435/5983/27339/9978/5441/5425/5430/5440/1642/10450/56655/5434/7874/5436/5111",0.103958471559957
"R-HSA-9662851","Anti-inflammatory response favouring Leishmania parasite infection",28,0.327616172448161,1.10243079081617,0.340637450199203,0.737119407487543,0.737119407487543,950,"tags=29%, list=22%, signal=22%","5045/2773/2793/54331/5613/919/79651/5575",0.100633389423036
"R-HSA-9664433","Leishmania parasite growth and survival",28,0.327616172448161,1.10243079081617,0.340637450199203,0.737119407487543,0.737119407487543,950,"tags=29%, list=22%, signal=22%","5045/2773/2793/54331/5613/919/79651/5575",0.100633389423036
"R-HSA-113501","Inhibition of replication initiation of damaged DNA by RB1/E2F1",9,-0.459409933563232,-1.10243019823163,0.333333333333333,0.735772357723577,0.735772357723577,1196,"tags=56%, list=28%, signal=40%","5558/5557/5515/7027/1869",0.105520936843198
"R-HSA-354192","Integrin signaling",10,-0.439149420662861,-1.10173411330526,0.358452138492872,0.748967519293021,0.748967519293021,1000,"tags=50%, list=23%, signal=39%","54518/5908/5770/2885/7094",0.0988903007520636
"R-HSA-76009","Platelet Aggregation (Plug Formation)",10,-0.439149420662861,-1.10173411330526,0.358452138492872,0.748967519293021,0.748967519293021,1000,"tags=50%, list=23%, signal=39%","54518/5908/5770/2885/7094",0.0988903007520636
"R-HSA-975577","N-Glycan antennae elongation",3,0.640972222222222,1.10173089644899,0.391221374045802,0.769848771266541,0.769848771266541,1554,"tags=100%, list=36%, signal=64%","2683/11320/8703",0.0899860794997137
"R-HSA-3906995","Diseases associated with O-glycosylation of proteins",3,-0.64245929449077,-1.10151126974516,0.412133891213389,0.782477982268777,0.782477982268777,145,"tags=33%, list=3%, signal=32%","10417",0.0922597260527354
"R-HSA-9617324","Negative regulation of NMDA receptor-mediated neuronal transmission",7,-0.486600061136273,-1.1012992168209,0.343936381709742,0.737119407487543,0.737119407487543,760,"tags=29%, list=18%, signal=24%","808/814",0.0999276973731092
"R-HSA-170822","Regulation of Glucokinase by Glucokinase Regulatory Protein",17,-0.373398044550527,-1.10001987544718,0.339622641509434,0.737119407487543,0.737119407487543,432,"tags=24%, list=10%, signal=21%","10762/57122/4928/9818",0.103958471559957
"R-HSA-1855170","IPs transport between nucleus and cytosol",17,-0.373398044550527,-1.10001987544718,0.339622641509434,0.737119407487543,0.737119407487543,432,"tags=24%, list=10%, signal=21%","10762/57122/4928/9818",0.103958471559957
"R-HSA-1855196","IP3 and IP4 transport between cytosol and nucleus",17,-0.373398044550527,-1.10001987544718,0.339622641509434,0.737119407487543,0.737119407487543,432,"tags=24%, list=10%, signal=21%","10762/57122/4928/9818",0.103958471559957
"R-HSA-1855229","IP6 and IP7 transport between cytosol and nucleus",17,-0.373398044550527,-1.10001987544718,0.339622641509434,0.737119407487543,0.737119407487543,432,"tags=24%, list=10%, signal=21%","10762/57122/4928/9818",0.103958471559957
"R-HSA-5619107","Defective TPR may confer susceptibility towards thyroid papillary carcinoma (TPC)",17,-0.373398044550527,-1.10001987544718,0.339622641509434,0.737119407487543,0.737119407487543,432,"tags=24%, list=10%, signal=21%","10762/57122/4928/9818",0.103958471559957
"R-HSA-5693616","Presynaptic phase of homologous DNA pairing and strand exchange",26,0.328732592809647,1.09901286267488,0.318091451292247,0.72471464916793,0.72471464916793,1104,"tags=31%, list=26%, signal=23%","5982/5984/6118/5883/641/5983/5810/7516",0.104732821580651
"R-HSA-3238698","WNT ligand biogenesis and trafficking",5,-0.538929689351078,-1.09847145295624,0.370292887029289,0.754951672862453,0.754951672862453,1051,"tags=60%, list=24%, signal=45%","55737/8724/50999",0.0985499803531691
"R-HSA-5358351","Signaling by Hedgehog",63,0.273390271720094,1.09686585641357,0.304924242424242,0.716113906120256,0.716113906120256,1056,"tags=29%, list=24%, signal=22%","5689/5719/5688/5684/83737/5707/5683/5691/5704/5709/5701/10213/5685/9978/5575/5714/5687/11047",0.104343952581949
"R-HSA-4090294","SUMOylation of intracellular receptors",9,-0.456673607291442,-1.09586393029998,0.341772151898734,0.737119407487543,0.737119407487543,1564,"tags=67%, list=36%, signal=43%","6612/6613/6095/4929/8554/2908",0.103958471559957
"R-HSA-2022857","Keratan sulfate degradation",3,0.636978586443732,1.0948664618077,0.400763358778626,0.771629946300034,0.771629946300034,163,"tags=33%, list=4%, signal=32%","3073",0.0886261133285098
"R-HSA-977443","GABA receptor activation",9,0.451550624253735,1.09474449161588,0.361742424242424,0.751630623840445,0.751630623840445,500,"tags=33%, list=12%, signal=30%","2773/2793/54331",0.0940503465727813
"R-HSA-9768919","NPAS4 regulates expression of target genes",6,-0.51038617911834,-1.09450988615124,0.384462151394422,0.763766883684773,0.763766883684773,897,"tags=50%, list=21%, signal=40%","5594/7514/2353",0.0934449219410994
"R-HSA-69202","Cyclin E associated events during G1/S transition",57,0.277545979246433,1.09409479674328,0.31610337972167,0.72471464916793,0.72471464916793,1511,"tags=51%, list=35%, signal=34%","5689/5719/4149/5688/5684/5707/5683/5691/5704/5709/5928/1874/5701/10213/5685/1019/5714/5687/11047/207/1026/5690/5700/9861/1017/5686/5702/5692/5694",0.105125131597001
"R-HSA-5210891","Uptake and function of anthrax toxins",9,0.451165640863403,1.09381113348659,0.361742424242424,0.751630623840445,0.751630623840445,2,"tags=11%, list=0%, signal=11%","5045",0.0940503465727813
"R-HSA-9818564","Epigenetic regulation of gene expression by MLL3 and MLL4 complexes",24,0.341510263179181,1.09284580850821,0.312977099236641,0.72471464916793,0.72471464916793,680,"tags=25%, list=16%, signal=21%","10001/9070/23175/892/2033/29079",0.103197466945307
"R-HSA-9841922","MLL4 and MLL3 complexes regulate expression of PPARG target genes in adipogenesis and hepatic steatosis",24,0.341510263179181,1.09284580850821,0.312977099236641,0.72471464916793,0.72471464916793,680,"tags=25%, list=16%, signal=21%","10001/9070/23175/892/2033/29079",0.103197466945307
"R-HSA-9851695","Epigenetic regulation of adipogenesis genes by MLL3 and MLL4 complexes",24,0.341510263179181,1.09284580850821,0.312977099236641,0.72471464916793,0.72471464916793,680,"tags=25%, list=16%, signal=21%","10001/9070/23175/892/2033/29079",0.103197466945307
"R-HSA-9013420","RHOU GTPase cycle",18,-0.355552279199208,-1.092274239103,0.327235772357724,0.732373186158998,0.732373186158998,621,"tags=28%, list=14%, signal=24%","6709/2885/5295/5062/50618",0.104343952581949
"R-HSA-1980145","Signaling by NOTCH2",11,0.420817129649032,1.09113611031264,0.369351669941061,0.754951672862453,0.754951672862453,655,"tags=27%, list=15%, signal=23%","3002/5663/2033",0.0949751525905595
"R-HSA-3000170","Syndecan interactions",4,0.580752327112243,1.09002874544258,0.375954198473282,0.75608566581849,0.75608566581849,1044,"tags=50%, list=24%, signal=38%","51399/3688",0.0922597260527354
"R-HSA-1296065","Inwardly rectifying K+ channels",6,0.516125665482314,1.08948477337376,0.374,0.754951672862453,0.754951672862453,500,"tags=33%, list=12%, signal=30%","2793/54331",0.0952879846194844
"R-HSA-1296041","Activation of G protein gated Potassium channels",6,0.516125665482314,1.08948477337376,0.374,0.754951672862453,0.754951672862453,500,"tags=33%, list=12%, signal=30%","2793/54331",0.0952879846194844
"R-HSA-1296059","G protein gated Potassium channels",6,0.516125665482314,1.08948477337376,0.374,0.754951672862453,0.754951672862453,500,"tags=33%, list=12%, signal=30%","2793/54331",0.0952879846194844
"R-HSA-202040","G-protein activation",6,0.516125665482314,1.08948477337376,0.374,0.754951672862453,0.754951672862453,500,"tags=33%, list=12%, signal=30%","2793/54331",0.0952879846194844
"R-HSA-418217","G beta:gamma signalling through PLC beta",6,0.516125665482314,1.08948477337376,0.374,0.754951672862453,0.754951672862453,500,"tags=33%, list=12%, signal=30%","2793/54331",0.0952879846194844
"R-HSA-418592","ADP signalling through P2Y purinoceptor 1",6,0.516125665482314,1.08948477337376,0.374,0.754951672862453,0.754951672862453,500,"tags=33%, list=12%, signal=30%","2793/54331",0.0952879846194844
"R-HSA-500657","Presynaptic function of Kainate receptors",6,0.516125665482314,1.08948477337376,0.374,0.754951672862453,0.754951672862453,500,"tags=33%, list=12%, signal=30%","2793/54331",0.0952879846194844
"R-HSA-8964315","G beta:gamma signalling through BTK",6,0.516125665482314,1.08948477337376,0.374,0.754951672862453,0.754951672862453,500,"tags=33%, list=12%, signal=30%","2793/54331",0.0952879846194844
"R-HSA-997272","Inhibition  of voltage gated Ca2+ channels via Gbeta/gamma subunits",6,0.516125665482314,1.08948477337376,0.374,0.754951672862453,0.754951672862453,500,"tags=33%, list=12%, signal=30%","2793/54331",0.0952879846194844
"R-HSA-9656223","Signaling by RAF1 mutants",21,-0.341764643767378,-1.08943122004424,0.340725806451613,0.737119407487543,0.737119407487543,1320,"tags=52%, list=31%, signal=37%","369/805/8826/54518/5908/5594/808/5894/5604/7094/4140",0.101350743797099
"R-HSA-9682385","FLT3 signaling in disease",15,-0.378452134143747,-1.08922842641238,0.341222879684418,0.737119407487543,0.737119407487543,1069,"tags=47%, list=25%, signal=35%","7311/5781/7314/2885/867/5295/2804",0.0999276973731092
"R-HSA-9927432","Developmental Lineage of Mammary Gland Myoepithelial Cells",3,-0.634720937114665,-1.08824367764682,0.422594142259414,0.796766039051604,0.796766039051604,85,"tags=33%, list=2%, signal=33%","7431",0.0908241419007155
"R-HSA-399954","Sema3A PAK dependent Axon repulsion",8,0.447103559406633,1.08806072081798,0.366666666666667,0.754951672862453,0.754951672862453,656,"tags=50%, list=15%, signal=42%","1072/3326/3984/3320",0.0952879846194844
"R-HSA-1169091","Activation of NF-kappaB in B cells",45,0.283741640636,1.08776010563487,0.331450094161959,0.734601637265076,0.734601637265076,1056,"tags=38%, list=24%, signal=29%","5689/5970/5719/5688/5684/5707/5683/5691/5704/5709/5966/5701/10213/5685/5714/5687/11047",0.0988903007520636
"R-HSA-427389","ERCC6 (CSB) and EHMT2 (G9a) positively regulate rRNA expression",10,0.425589998983591,1.08772488476025,0.342465753424658,0.737119407487543,0.737119407487543,749,"tags=30%, list=17%, signal=25%","54815/3066/5928",0.0992333343771191
"R-HSA-5602498","MyD88 deficiency (TLR2/4)",1,-0.821378991207774,-1.08638857441435,0.366,0.754951672862453,0.754951672862453,774,"tags=100%, list=18%, signal=82%","3146",0.0965629554309422
"R-HSA-9603798","Class I peroxisomal membrane protein import",4,0.578393998002383,1.08560233783136,0.381679389312977,0.762890460356859,0.762890460356859,266,"tags=25%, list=6%, signal=23%","91452",0.0913924325943768
"R-HSA-428930","Thromboxane signalling through TP receptor",8,0.445460510768393,1.0840622362431,0.366666666666667,0.754951672862453,0.754951672862453,500,"tags=25%, list=12%, signal=22%","2793/54331",0.0952879846194844
"R-HSA-196849","Metabolism of water-soluble vitamins and cofactors",30,-0.320338304860886,-1.08308384884963,0.35010060362173,0.741100854339144,0.741100854339144,706,"tags=23%, list=16%, signal=20%","84875/54981/54625/6470/79668/93100/80025",0.0995791200495904
"R-HSA-162906","HIV Infection",150,0.229824833891209,1.08186272460982,0.287090558766859,0.714752580407963,0.714752580407963,1542,"tags=47%, list=36%, signal=31%","5045/51606/5689/79720/5719/2237/5688/6396/5684/3836/5707/6873/5683/29082/5691/5704/9397/5709/6883/1175/5432/7251/5435/83860/79643/5701/10213/9972/919/5685/6880/9978/51497/5441/1173/23511/3932/23279/8812/51160/5714/2547/5687/11047/1104/1025/5430/5440/4836/7520/2958/375/5690/22916/5700/1174/8480/9861/23636/5686/567/5434/8815/5702/292/5692/5694/11198/60489/9525",0.109250039480711
"R-HSA-2534343","Interaction With Cumulus Cells And The Zona Pellucida",1,0.813975011568718,1.0807947945775,0.374501992031873,0.755029387400891,0.755029387400892,805,"tags=100%, list=19%, signal=81%","2683",0.0949751525905595
"R-HSA-2424491","DAP12 signaling",15,-0.375340098702703,-1.08027163330549,0.358974358974359,0.748967519293021,0.748967519293021,617,"tags=33%, list=14%, signal=29%","2885/5295/5879/3824/3822",0.096887770327544
"R-HSA-9933946","Formation of the embryonic stem cell BAF (esBAF) complex",13,-0.395299626318779,-1.08019913285866,0.339622641509434,0.737119407487543,0.737119407487543,1271,"tags=69%, list=29%, signal=49%","9275/6598/6760/86/6603/64919/6597/8289/9274",0.103958471559957
"R-HSA-418594","G alpha (i) signalling events",51,0.278701603209052,1.07977561042011,0.318897637795276,0.72553666476048,0.72553666476048,578,"tags=25%, list=13%, signal=22%","2833/10287/10316/301/1235/2773/5142/5499/2793/5144/10663/54331/5613",0.103958471559957
"R-HSA-71384","Ethanol oxidation",1,0.813049514113836,1.07956592045063,0.376494023904382,0.756237687965769,0.75623768796577,809,"tags=100%, list=19%, signal=81%","128",0.0946646223153342
"R-HSA-9770562","mRNA Polyadenylation",114,-0.242576628582832,-1.07873886276572,0.27789046653144,0.713566500625982,0.713566500625982,1153,"tags=34%, list=27%, signal=26%","5725/1660/5437/5511/7311/3181/55660/10285/9584/11051/23524/10236/8683/5093/7314/6430/6429/10291/9295/3184/6625/220988/11325/84991/22826/51585/2962/6631/11338/2963/3178/11052/5094/4904/3191/51362/5930/10929/27316",0.114750719227023
"R-HSA-9009391","Extra-nuclear estrogen signaling",25,-0.335811698585716,-1.07701652273436,0.364583333333333,0.754645806861499,0.754645806861499,921,"tags=40%, list=21%, signal=32%","127933/5594/10681/808/5295/7514/2771/208/1027/2353",0.0992333343771191
"R-HSA-9634600","Regulation of glycolysis by fructose 2,6-bisphosphate metabolism",3,-0.628148991279612,-1.07697592502257,0.433054393305439,0.80300956705043,0.80300956705043,649,"tags=67%, list=15%, signal=57%","5567/5515",0.0894366833718621
"R-HSA-9954709","Ribosome Quality Control (RQC) complex extracts and degrades nascent peptide",86,0.249694258830366,1.07663457239321,0.294,0.716113906120256,0.716113906120256,1511,"tags=42%, list=35%, signal=28%","5689/5719/51121/5688/5684/5707/5683/5691/5704/5709/6166/5701/10213/55666/5685/9978/9147/6142/8453/5714/5687/11047/6144/6139/5690/5700/200916/116832/22980/9861/6175/5686/5702/5692/6129/5694",0.110122263835536
"R-HSA-4839726","Chromatin organization",146,-0.233095240704243,-1.07548144454592,0.304439746300211,0.716113906120256,0.716113906120256,927,"tags=28%, list=21%, signal=23%","8473/86/57492/1106/4780/196528/54623/6603/64919/5978/10291/23168/10943/6881/6597/11325/84991/8932/79960/7994/6941/10664/8464/57634/22806/10320/1810/8726/55870/11143/8289/55193/387893/9274/10951/4297/64426/84159/29117/6187/2146",0.11146266692298
"R-HSA-1266695","Interleukin-7 signaling",11,-0.409427164053543,-1.07514404800329,0.352941176470588,0.743779012251731,0.743779012251731,701,"tags=45%, list=16%, signal=38%","6774/6597/5295/3575/8651",0.0995791200495904
"R-HSA-5625970","RHO GTPases activate KTN1",7,-0.474648659471109,-1.07425016700569,0.375745526838966,0.75608566581849,0.75608566581849,918,"tags=43%, list=21%, signal=34%","391/3799/5879",0.0946646223153342
"R-HSA-5696398","Nucleotide Excision Repair",75,0.256762782097299,1.07418324236472,0.314453125,0.72471464916793,0.72471464916793,1289,"tags=35%, list=30%, signal=25%","5982/60/5984/7336/8533/6118/51138/29844/10987/54107/5432/5435/5983/27339/7334/9978/5441/7341/5425/7528/5430/5440/10920/7507/9557/1642",0.104343952581949
"R-HSA-2562578","TRIF-mediated programmed cell death",1,-0.811892642295234,-1.07384155144224,0.398,0.770481386638129,0.770481386638129,815,"tags=100%, list=19%, signal=81%","841",0.0916795246008379
"R-HSA-5693579","Homologous DNA Pairing and Strand Exchange",27,0.32222985536408,1.07377539131062,0.359026369168357,0.748967519293021,0.748967519293021,498,"tags=19%, list=12%, signal=16%","5982/5984/6118/5883/641",0.0985499803531691
"R-HSA-2219528","PI3K/AKT Signaling in Cancer",23,-0.341418157865306,-1.07342261405078,0.360934182590234,0.751630623840445,0.751630623840445,617,"tags=35%, list=14%, signal=30%","2885/50852/5295/253260/79109/208/1027/5879",0.100990587455923
"R-HSA-174417","Telomere C-strand (Lagging Strand) Synthesis",27,0.321991573089009,1.07298135674524,0.359026369168357,0.748967519293021,0.748967519293021,1034,"tags=37%, list=24%, signal=28%","5982/2237/5984/6118/641/5983/65057/23649/7013/5425",0.0985499803531691
"R-HSA-69481","G2/M Checkpoints",87,0.254058331413298,1.07296156317688,0.320079522862823,0.726197134740305,0.726197134740305,1056,"tags=30%, list=24%, signal=23%","51720/5689/5982/5719/5984/5688/7336/6118/5684/5883/5707/641/5683/5691/5704/5709/8318/5983/5701/10213/5685/7334/5810/5714/5687/11047",0.104343952581949
"R-HSA-429914","Deadenylation-dependent mRNA decay",23,-0.341087232266097,-1.07238218016179,0.363057324840764,0.752922802971699,0.752922802971699,1135,"tags=52%, list=26%, signal=39%","25904/9775/246175/1981/29883/1977/167227/1974/25804/1656/1975/23019",0.100633389423036
"R-HSA-9683610","Maturation of nucleoprotein",6,-0.499896380232762,-1.07201478527716,0.400398406374502,0.771629946300034,0.771629946300034,706,"tags=50%, list=16%, signal=42%","84875/54625/79668",0.0911073131586733
"R-HSA-5621481","C-type lectin receptors (CLRs)",72,0.255561440045345,1.06974774641389,0.346153846153846,0.737119407487543,0.737119407487543,1056,"tags=32%, list=24%, signal=25%","2207/5689/5970/5719/3384/5688/5684/5707/5683/5691/5704/5709/2033/5701/10213/5685/5530/7334/5714/29108/5687/9040/11047",0.100633389423036
"R-HSA-5218921","VEGFR2 mediated cell proliferation",10,-0.426193667275416,-1.06923083583543,0.395112016293279,0.770481386638129,0.770481386638129,1328,"tags=50%, list=31%, signal=35%","3710/805/10768/808/5579",0.0931454575337804
"R-HSA-499943","Interconversion of nucleotide di- and triphosphates",17,-0.362944735443741,-1.06922472815202,0.383647798742138,0.763417080844467,0.763417080844467,573,"tags=29%, list=13%, signal=26%","51727/1854/6241/7298/2745",0.0965629554309422
"R-HSA-9864848","Complex IV assembly",30,0.310194402975551,1.0687769854184,0.352475247524752,0.743759298209614,0.743759298209614,1241,"tags=37%, list=29%, signal=26%","25994/152100/6341/1340/90639/1349/1347/84987/1337/1327/116228",0.0982123351217438
"R-HSA-110330","Recognition and association of DNA glycosylase with site containing an affected purine",5,-0.523736429255643,-1.06750384656537,0.403765690376569,0.771988626318581,0.771988626318581,87,"tags=20%, list=2%, signal=20%","54386",0.0934449219410994
"R-HSA-110331","Cleavage of the damaged purine",5,-0.523736429255643,-1.06750384656537,0.403765690376569,0.771988626318581,0.771988626318581,87,"tags=20%, list=2%, signal=20%","54386",0.0934449219410994
"R-HSA-73927","Depurination",5,-0.523736429255643,-1.06750384656537,0.403765690376569,0.771988626318581,0.771988626318581,87,"tags=20%, list=2%, signal=20%","54386",0.0934449219410994
"R-HSA-5628897","TP53 Regulates Metabolic Genes",45,0.278301200885189,1.06690347949858,0.35593220338983,0.748967519293021,0.748967519293021,863,"tags=31%, list=20%, signal=25%","10670/7001/7295/5564/2744/5562/5052/1340/10542/25824/1349/389541/54205/1347",0.0946646223153342
"R-HSA-9614657","FOXO-mediated transcription of cell death genes",6,-0.49733589164149,-1.0665238840906,0.402390438247012,0.771988626318581,0.771988626318581,988,"tags=50%, list=23%, signal=39%","4801/4802/10370",0.0908241419007155
"R-HSA-9931521","The CRY:PER:kinase complex represses transactivation by the BMAL:CLOCK (ARNTL:CLOCK) complex",3,-0.621875507000485,-1.06621989161581,0.441422594142259,0.810684786761827,0.810684786761827,159,"tags=33%, list=4%, signal=32%","4297",0.0883594442500905
"R-HSA-416700","Other semaphorin interactions",5,0.522636960381063,1.06586322422493,0.391221374045802,0.769848771266541,0.769848771266541,1044,"tags=60%, list=24%, signal=46%","7305/3672/3688",0.0899860794997137
"R-HSA-9865118","Diseases of branched-chain amino acid catabolism",5,0.522359228352885,1.06529681890448,0.393129770992366,0.770481386638129,0.770481386638129,618,"tags=40%, list=14%, signal=34%","1892/1738",0.0897104652742981
"R-HSA-9734767","Developmental Cell Lineages",14,-0.378138932457993,-1.06463576264815,0.395626242544732,0.770481386638129,0.770481386638129,309,"tags=29%, list=7%, signal=27%","7852/3858/2171/7431",0.0916795246008379
"R-HSA-844456","The NLRP3 inflammasome",7,0.476677671952235,1.0645615740052,0.392785571142285,0.770481386638129,0.770481386638129,367,"tags=57%, list=8%, signal=52%","9051/5970/3326/7295",0.0925528864684773
"R-HSA-109581","Apoptosis",97,-0.241887329963246,-1.06444461820464,0.341269841269841,0.737119407487543,0.737119407487543,904,"tags=30%, list=21%, signal=24%","22900/5594/7534/841/3146/7314/118/10059/6774/4976/5534/6709/7027/6093/5062/8717/836/1869/10971/208/4001/26060/22985/23604/1029/7431/3148/8837/7533",0.10027910675413
"R-HSA-9615933","Postmitotic nuclear pore complex (NPC) reformation",16,-0.369381097483312,-1.061625662115,0.387163561076605,0.765719398711525,0.765719398711525,268,"tags=19%, list=6%, signal=18%","57122/4928/9818",0.0952879846194844
"R-HSA-877300","Interferon gamma signaling",41,-0.288462904598937,-1.06066310725406,0.382845188284519,0.763347382760687,0.763347382760687,611,"tags=24%, list=14%, signal=21%","5894/8554/10346/3106/3115/4904/3113/3134/3122/8651",0.0965629554309422
"R-HSA-204005","COPII-mediated vesicle transport",34,0.300658857738335,1.05883136455396,0.3671875,0.754951672862453,0.754951672862453,1344,"tags=47%, list=31%, signal=33%","22870/6396/81876/51128/10960/79090/11196/10972/51399/1453/22872/1075/51693/10959/2801/10282",0.0949751525905595
"R-HSA-3247509","Chromatin modifying enzymes",90,-0.246867231827611,-1.05860852465392,0.351297405189621,0.742235373610755,0.742235373610755,1266,"tags=40%, list=29%, signal=29%","6598/64324/2874/9219/9611/23210/23522/55578/25855/23512/1386/8473/86/57492/196528/6603/5978/10943/6881/6597/79960/7994/8464/57634/1810/8726/55870/11143/8289/55193/387893/4297/64426/84159/6187/2146",0.0988903007520636
"R-HSA-180746","Nuclear import of Rev protein",21,-0.332041175750927,-1.05843606060512,0.387096774193548,0.765719398711525,0.765719398711525,432,"tags=19%, list=10%, signal=17%","10762/57122/4928/9818",0.0937465422491719
"R-HSA-977606","Regulation of Complement cascade",4,-0.558136397363508,-1.0582157861957,0.433054393305439,0.80300956705043,0.80300956705043,21,"tags=25%, list=0%, signal=25%","1604",0.0894366833718621
"R-HSA-5609975","Diseases associated with glycosylation precursor biosynthesis",7,0.473731409790716,1.05798170322742,0.398797595190381,0.770481386638129,0.770481386638129,830,"tags=43%, list=19%, signal=35%","8818/8813/5236",0.0916795246008379
"R-HSA-3781865","Diseases of glycosylation",19,0.344510609051515,1.05622236970396,0.382409177820268,0.763347382760687,0.763347382760687,1404,"tags=47%, list=32%, signal=32%","3073/8818/8813/2683/5236/5476/2720/56913/2584",0.0913924325943768
"R-HSA-9692914","SARS-CoV-1-host interactions",68,-0.255887117133013,-1.05611553943755,0.349397590361446,0.741100854339144,0.741100854339144,381,"tags=12%, list=9%, signal=11%","3178/5094/10971/6205/3838/6187/7533/4792",0.0995791200495904
"R-HSA-156588","Glucuronidation",2,-0.68696859326391,-1.05540474331738,0.468041237113402,0.824410466243136,0.824410466243136,1081,"tags=50%, list=25%, signal=38%","7360",0.0843144320642653
"R-HSA-72165","mRNA Splicing - Minor Pathway",45,0.275132806467712,1.05475703162959,0.369114877589454,0.754951672862453,0.754951672862453,1631,"tags=51%, list=38%, signal=32%","79622/10262/6632/5432/5435/9410/6635/6628/11066/5441/5430/83443/5440/6637/22916/55954/6636/5434/23450/10992/6432/5436/10594",0.0925528864684773
"R-HSA-8955332","Carboxyterminal post-translational modifications of tubulin",7,-0.465619835985446,-1.05381565203593,0.393638170974155,0.770481386638129,0.770481386638129,1109,"tags=43%, list=26%, signal=32%","25941/374969/10383",0.0919686140000427
"R-HSA-1538133","G0 and Early G1",16,-0.366252373824308,-1.05263350374876,0.391304347826087,0.769848771266541,0.769848771266541,542,"tags=25%, list=13%, signal=22%","7027/1869/890/7153",0.0946646223153342
"R-HSA-9735869","SARS-CoV-1 modulates host translation machinery",35,-0.288371989918633,-1.05082016663954,0.395112016293279,0.770481386638129,0.770481386638129,1546,"tags=51%, list=36%, signal=33%","6188/6217/51065/2197/6235/6234/6201/6227/6202/6210/6230/6218/6224/6191/1915/3178/6205/6187",0.0931454575337804
"R-HSA-9913351","Formation of the dystrophin-glycoprotein complex (DGC)",4,-0.552834988733791,-1.04816441823701,0.441422594142259,0.810684786761827,0.810684786761827,236,"tags=50%, list=5%, signal=47%","6645/7402",0.0883594442500905
"R-HSA-5620920","Cargo trafficking to the periciliary membrane",24,0.327546412055319,1.04816095473754,0.379770992366412,0.760943353708346,0.760943353708346,1848,"tags=67%, list=43%, signal=38%","22948/92482/8766/23265/10576/403/55763/7203/5147/10640/7846/6950/378/10376/4218/10694",0.0916795246008379
"R-HSA-9943411","CHD1 and CHD2 subfamily",35,0.294439487567219,1.0478310432198,0.385518590998043,0.764932746328638,0.764932746328638,1617,"tags=54%, list=37%, signal=34%","10262/22827/6632/84844/23350/6635/6628/10946/83443/6637/1665/9879/6636/23450/6627/10992/11198/6629/6749",0.0922597260527354
"R-HSA-8856688","Golgi-to-ER retrograde transport",65,-0.259860681681532,-1.04627708510436,0.359081419624217,0.748967519293021,0.748967519293021,795,"tags=22%, list=18%, signal=18%","5049/11258/10383/11004/10671/3799/56992/84364/3796/29127/11014/3832/9585/1062",0.10027910675413
"R-HSA-8853884","Transcriptional Regulation by VENTX",20,-0.334864028389163,-1.04488492887864,0.407786885245902,0.77785109609552,0.77785109609552,489,"tags=25%, list=11%, signal=22%","23112/7324/27338/1029/11065",0.0916795246008379
"R-HSA-9696270","RND2 GTPase cycle",11,-0.397886838324662,-1.0448394819931,0.387423935091278,0.765719398711525,0.765719398711525,544,"tags=27%, list=13%, signal=24%","5295/23048/27316",0.0940503465727813
"R-HSA-9612973","Autophagy",79,0.249503091639551,1.04418482162049,0.363288718929254,0.752922802971699,0.752922802971699,1089,"tags=33%, list=25%, signal=25%","3920/3043/83734/7332/79720/10670/1778/3326/5564/401505/5562/29082/8678/10542/3320/9140/7251/389541/79643/11315/7334/56993/7416/51160/1460/64422",0.0943563635421779
"R-HSA-209543","p75NTR recruits signalling complexes",7,-0.461011513995567,-1.04338585187014,0.407554671968191,0.77785109609552,0.77785109609552,1069,"tags=57%, list=25%, signal=43%","7311/7314/3551/8878",0.0899860794997137
"R-HSA-163841","Gamma carboxylation, hypusinylation, hydroxylation, and arylsulfatase activation",21,0.337505746999204,1.04324829755566,0.367588932806324,0.754951672862453,0.754951672862453,607,"tags=19%, list=14%, signal=16%","5045/25870/51389/8459",0.0956031492204301
"R-HSA-3295583","TRP channels",1,0.785515964831097,1.04300691517641,0.432270916334661,0.80300956705043,0.80300956705043,928,"tags=100%, list=21%, signal=79%","26133",0.086794975677172
"R-HSA-177929","Signaling by EGFR",21,-0.327088743632551,-1.04264936568714,0.399193548387097,0.770481386638129,0.770481386638129,1069,"tags=38%, list=25%, signal=29%","7311/102/5781/7314/30011/2885/867/5295",0.0919686140000427
"R-HSA-6802948","Signaling by high-kinase activity BRAF mutants",18,-0.339116703449038,-1.04178333510101,0.392276422764228,0.770481386638129,0.770481386638129,1133,"tags=44%, list=26%, signal=33%","8826/54518/5908/5594/5894/5604/7094/4140",0.0934449219410994
"R-HSA-381038","XBP1(S) activates chaperone genes",21,-0.32620423789939,-1.0398298576497,0.401209677419355,0.771629946300034,0.771629946300034,941,"tags=38%, list=22%, signal=30%","27230/37/118/7094/1200/3068/1663/64061",0.0916795246008379
"R-HSA-203615","eNOS activation",9,0.428796293644215,1.03957863255778,0.428030303030303,0.801449843260188,0.801449843260188,1447,"tags=67%, list=33%, signal=44%","9397/3320/207/4836/801/10434",0.0845557442441281
"R-HSA-6811442","Intra-Golgi and retrograde Golgi-to-ER traffic",89,-0.241270314577275,-1.03916223227068,0.370143149284254,0.754951672862453,0.754951672862453,955,"tags=26%, list=22%, signal=21%","140735/7110/377/9267/5049/11258/10383/11004/10671/3799/56992/84364/3796/9266/9648/8675/29127/11014/10226/10905/3832/9585/1062",0.0972150808846466
"R-HSA-1852241","Organelle biogenesis and maintenance",105,-0.233808023475011,-1.03915132287672,0.383817427385892,0.763417080844467,0.763417080844467,1077,"tags=29%, list=25%, signal=22%","10575/4509/55755/1386/140735/54930/983/90410/5347/93323/11258/808/10383/9738/54820/54806/84131/22995/5571/5116/50807/5108/9662/3418/9702/1069/11064/132320/814/2553",0.0959206777921745
"R-HSA-2173793","Transcriptional activity of SMAD2/SMAD3:SMAD4 heterotrimer",26,0.310665949913062,1.03861278868466,0.395626242544732,0.770481386638129,0.770481386638129,814,"tags=31%, list=19%, signal=25%","5045/6498/6772/51592/892/2033/1874/5933",0.0916795246008379
"R-HSA-5696399","Global Genome Nucleotide Excision Repair (GG-NER)",57,0.263210649791778,1.03758448660107,0.409542743538767,0.780286700847546,0.780286700847546,1289,"tags=35%, list=30%, signal=25%","5982/60/5984/7336/8533/6118/51138/29844/10987/54107/5983/7334/9978/7341/5425/7528/10920/7507/9557/1642",0.0897104652742981
"R-HSA-9833110","RSV-host interactions",31,0.304329682533143,1.03659168135945,0.396946564885496,0.770481386638129,0.770481386638129,977,"tags=32%, list=23%, signal=25%","10001/400569/9246/892/8678/55588/2033/29079/9978/3661",0.0891647117820678
"R-HSA-9005891","Loss of function of MECP2 in Rett syndrome",11,-0.394550396121051,-1.03607807998644,0.397565922920892,0.770481386638129,0.770481386638129,1303,"tags=45%, list=30%, signal=32%","805/2874/9611/808/814",0.0925528864684773
"R-HSA-9005895","Pervasive developmental disorders",11,-0.394550396121051,-1.03607807998644,0.397565922920892,0.770481386638129,0.770481386638129,1303,"tags=45%, list=30%, signal=32%","805/2874/9611/808/814",0.0925528864684773
"R-HSA-9697154","Disorders of Nervous System Development",11,-0.394550396121051,-1.03607807998644,0.397565922920892,0.770481386638129,0.770481386638129,1303,"tags=45%, list=30%, signal=32%","805/2874/9611/808/814",0.0925528864684773
"R-HSA-1187000","Fertilization",2,0.680166628095348,1.03553296552088,0.46615087040619,0.824410466243136,0.824410466243136,1384,"tags=100%, list=32%, signal=68%","2683/928",0.0810802057550866
"R-HSA-5625900","RHO GTPases activate CIT",10,-0.41263243668371,-1.0352085426061,0.433808553971487,0.80300956705043,0.80300956705043,264,"tags=30%, list=6%, signal=28%","1027/5879/9055",0.0878312634480124
"R-HSA-6811438","Intra-Golgi traffic",14,-0.367492162800918,-1.03466018816837,0.429423459244533,0.80300956705043,0.80300956705043,391,"tags=21%, list=9%, signal=20%","9266/8675/10905",0.0870515867946735
"R-HSA-83936","Transport of nucleosides and free purine and pyrimidine bases across the plasma membrane",4,0.550821949525353,1.03385166201377,0.444656488549618,0.813871258255425,0.813871258255425,1944,"tags=100%, list=45%, signal=55%","402/292/23568/293",0.0828962134571565
"R-HSA-9013418","RHOBTB2 GTPase cycle",17,0.349807848008804,1.03199180825846,0.401904761904762,0.771988626318581,0.771988626318581,723,"tags=35%, list=17%, signal=30%","7919/3326/10574/3320/10576/3183",0.0883594442500905
"R-HSA-381070","IRE1alpha activates chaperones",23,-0.328153276638889,-1.03171767495158,0.418259023354565,0.790994868399272,0.790994868399272,941,"tags=39%, list=22%, signal=31%","27230/37/2081/118/7094/1200/3068/1663/64061",0.0922597260527354
"R-HSA-1296071","Potassium Channels",7,0.461887992710659,1.03153186621972,0.432865731462926,0.80300956705043,0.80300956705043,500,"tags=29%, list=12%, signal=25%","2793/54331",0.0870515867946735
"R-HSA-982772","Growth hormone receptor signaling",9,0.424962592306544,1.0302841632414,0.433712121212121,0.80300956705043,0.80300956705043,96,"tags=22%, list=2%, signal=22%","1154/6772",0.0838361057159929
"R-HSA-450282","MAPK targets/ Nuclear events mediated by MAP kinases",14,-0.365882491824669,-1.03012822084019,0.433399602385686,0.80300956705043,0.80300956705043,1067,"tags=43%, list=25%, signal=32%","9252/1386/5594/5515/2353/3725",0.0865399737444125
"R-HSA-9764562","Regulation of CDH1 mRNA translation by microRNAs",4,-0.542835797596729,-1.02920614574231,0.46234309623431,0.824410466243136,0.824410466243136,489,"tags=25%, list=11%, signal=22%","23112",0.0857844408075645
"R-HSA-170834","Signaling by TGF-beta Receptor Complex",43,0.277693998378608,1.02776793953555,0.398510242085661,0.770481386638129,0.770481386638129,1235,"tags=44%, list=29%, signal=32%","5045/6498/6772/5499/51592/7046/892/4738/2033/11171/1874/5933/2280/8812/3688/9040/1025/9958/22938",0.0875697115548511
"R-HSA-3232142","SUMOylation of ubiquitinylation proteins",23,-0.326838616422529,-1.02758436811501,0.424628450106157,0.79835735199057,0.79835735199057,610,"tags=26%, list=14%, signal=23%","8554/7428/10762/57122/4928/9818",0.0913924325943768
"R-HSA-171306","Packaging Of Telomere Ends",4,-0.541775565444326,-1.02719596614104,0.46234309623431,0.824410466243136,0.824410466243136,87,"tags=25%, list=2%, signal=25%","54386",0.0857844408075645
"R-HSA-5687128","MAPK6/MAPK4 signaling",51,0.264978285387357,1.02660726223951,0.387795275590551,0.765719398711525,0.765719398711525,1511,"tags=51%, list=35%, signal=34%","5689/5719/5688/998/5684/5707/10602/5683/5691/5704/5709/5701/10213/5685/5714/5687/11047/5690/5700/9861/3315/5686/5058/5702/5692/5694",0.0922597260527354
"R-HSA-400511","Synthesis, secretion, and inactivation of Glucose-dependent Insulinotropic Polypeptide (GIP)",6,0.486240389199383,1.02640022703969,0.454,0.823570155902004,0.823570155902004,982,"tags=50%, list=23%, signal=39%","1803/9789/90701",0.0843144320642653
"R-HSA-1483257","Phospholipid metabolism",45,0.267055688996314,1.02379236203009,0.416195856873823,0.789270140683886,0.789270140683886,456,"tags=18%, list=11%, signal=16%","254531/5130/3631/55750/5868/5293/8760/23175",0.0857844408075645
"R-HSA-432047","Passive transport by Aquaporins",1,0.770476631189264,1.02303771061486,0.468127490039841,0.824410466243136,0.824410466243136,993,"tags=100%, list=23%, signal=77%","360",0.0824344091527096
"R-HSA-5686938","Regulation of TLR by endogenous ligand",2,-0.665330685717755,-1.02216195684417,0.511340206185567,0.855948260370194,0.855948260370194,774,"tags=50%, list=18%, signal=41%","3146",0.0795564677235957
"R-HSA-372708","p130Cas linkage to MAPK signaling for integrins",4,-0.539098396906056,-1.02212010650729,0.46652719665272,0.824410466243136,0.824410466243136,1000,"tags=75%, list=23%, signal=58%","54518/5908/7094",0.0852884689790502
"R-HSA-1483249","Inositol phosphate metabolism",26,-0.309730093539607,-1.02109230519766,0.448897795591182,0.815747613997879,0.815747613997879,537,"tags=23%, list=12%, signal=20%","11163/51477/10762/57122/4928/9818",0.0850427463764322
"R-HSA-171007","p38MAPK events",6,0.483676330841711,1.02098778056483,0.462,0.824410466243136,0.824410466243136,1938,"tags=83%, list=45%, signal=46%","7867/5899/3845/9261/5900",0.0833634065110386
"R-HSA-190236","Signaling by FGFR",33,-0.292892207994736,-1.01918081938089,0.455670103092783,0.823908969092931,0.823908969092931,1153,"tags=39%, list=27%, signal=29%","5725/5437/7311/5781/5594/7314/2885/867/5515/5295/2962/2963/3178",0.0857844408075645
"R-HSA-5654738","Signaling by FGFR2",33,-0.292892207994736,-1.01918081938089,0.455670103092783,0.823908969092931,0.823908969092931,1153,"tags=39%, list=27%, signal=29%","5725/5437/7311/5781/5594/7314/2885/867/5515/5295/2962/2963/3178",0.0857844408075645
"R-HSA-9660826","Purinergic signaling in leishmaniasis infection",10,0.398687674643795,1.01896779997871,0.418786692759295,0.790994868399272,0.790994868399272,367,"tags=40%, list=8%, signal=37%","9051/5970/3326/7295",0.0875697115548511
"R-HSA-9664424","Cell recruitment (pro-inflammatory response)",10,0.398687674643795,1.01896779997871,0.418786692759295,0.790994868399272,0.790994868399272,367,"tags=40%, list=8%, signal=37%","9051/5970/3326/7295",0.0875697115548511
"R-HSA-397795","G-protein beta:gamma signalling",13,0.370122111727847,1.01757700699616,0.419047619047619,0.790994868399272,0.790994868399272,500,"tags=23%, list=12%, signal=20%","998/2793/54331",0.0860347242455604
"R-HSA-9924644","Developmental Lineages of the Mammary Gland",4,-0.536649221006025,-1.01747651649448,0.46652719665272,0.824410466243136,0.824410466243136,799,"tags=50%, list=18%, signal=41%","2625/7431",0.0852884689790502
"R-HSA-8949215","Mitochondrial calcium ion transport",12,0.378342324741857,1.0172726834837,0.424908424908425,0.79835735199057,0.79835735199057,19,"tags=8%, list=0%, signal=8%","91689",0.083129129135339
"R-HSA-5625740","RHO GTPases activate PKNs",17,-0.345158161181948,-1.01682599310337,0.438155136268344,0.80741483821395,0.80741483821395,304,"tags=18%, list=7%, signal=16%","10971/5879/7533",0.088894528862045
"R-HSA-9764790","Positive Regulation of CDH1 Gene Transcription",4,-0.535485157520542,-1.01526947469916,0.46652719665272,0.824410466243136,0.824410466243136,681,"tags=50%, list=16%, signal=42%","9839/8289",0.0852884689790502
"R-HSA-9658195","Leishmania infection",67,0.249477755126925,1.01474292264284,0.411428571428571,0.782050341723621,0.78205034172362,387,"tags=15%, list=9%, signal=14%","5045/9051/5970/60/2773/10095/998/3326/7295/2793",0.0870515867946735
"R-HSA-9824443","Parasitic Infection Pathways",67,0.249477755126925,1.01474292264284,0.411428571428571,0.782050341723621,0.78205034172362,387,"tags=15%, list=9%, signal=14%","5045/9051/5970/60/2773/10095/998/3326/7295/2793",0.0870515867946735
"R-HSA-2871796","FCERI mediated MAPK activation",14,-0.360385600369766,-1.01465193230189,0.459244532803181,0.823908969092931,0.823908969092931,617,"tags=36%, list=14%, signal=31%","2885/5062/5879/2353/3725",0.0833634065110386
"R-HSA-6802946","Signaling by moderate kinase activity BRAF mutants",22,-0.321407743479483,-1.01283974179648,0.449186991869919,0.815747613997879,0.815747613997879,1320,"tags=50%, list=31%, signal=35%","369/805/8826/54518/5908/5594/808/5894/5604/7094/4140",0.0857844408075645
"R-HSA-6802949","Signaling by RAS mutants",22,-0.321407743479483,-1.01283974179648,0.449186991869919,0.815747613997879,0.815747613997879,1320,"tags=50%, list=31%, signal=35%","369/805/8826/54518/5908/5594/808/5894/5604/7094/4140",0.0857844408075645
"R-HSA-6802955","Paradoxical activation of RAF signaling by kinase inactive BRAF",22,-0.321407743479483,-1.01283974179648,0.449186991869919,0.815747613997879,0.815747613997879,1320,"tags=50%, list=31%, signal=35%","369/805/8826/54518/5908/5594/808/5894/5604/7094/4140",0.0857844408075645
"R-HSA-9649948","Signaling downstream of RAS mutants",22,-0.321407743479483,-1.01283974179648,0.449186991869919,0.815747613997879,0.815747613997879,1320,"tags=50%, list=31%, signal=35%","369/805/8826/54518/5908/5594/808/5894/5604/7094/4140",0.0857844408075645
"R-HSA-8939243","RUNX1 interacts with co-factors whose precise effect on RUNX1 targets is not known",24,-0.30665005070672,-1.01230435801126,0.437238493723849,0.80741483821395,0.80741483821395,1266,"tags=50%, list=29%, signal=36%","6598/80012/1459/86/57492/196528/10138/6603/6597/84333/8289/55193",0.088894528862045
"R-HSA-2142845","Hyaluronan metabolism",5,0.49626650545562,1.01208344927251,0.461832061068702,0.824410466243136,0.824410466243136,1328,"tags=60%, list=31%, signal=42%","3073/11261/2990",0.0808589150280032
"R-HSA-2160916","Hyaluronan degradation",5,0.49626650545562,1.01208344927251,0.461832061068702,0.824410466243136,0.824410466243136,1328,"tags=60%, list=31%, signal=42%","3073/11261/2990",0.0808589150280032
"R-HSA-3214858","RMTs methylate histone arginines",17,-0.343527151685268,-1.01202108614262,0.438155136268344,0.80741483821395,0.80741483821395,908,"tags=47%, list=21%, signal=37%","86/57492/196528/6603/6597/8289/55193/6187",0.088894528862045
"R-HSA-389960","Formation of tubulin folding intermediates by CCT/TriC",13,0.36782824160347,1.01127046809551,0.434285714285714,0.80300956705043,0.80300956705043,1848,"tags=69%, list=43%, signal=40%","22948/10574/10576/7203/908/7846/6950/10376/10694",0.0840745577910724
"R-HSA-168638","NOD1/2 Signaling Pathway",19,-0.327222328767985,-1.011258029807,0.423799582463466,0.798115051830041,0.798115051830041,815,"tags=37%, list=19%, signal=30%","841/7314/6885/1540/8517/3551/7128",0.0905428948469474
"R-HSA-1236382","Constitutive Signaling by Ligand-Responsive EGFR Cancer Variants",10,-0.403038159913889,-1.01113850741432,0.464358452138493,0.824410466243136,0.824410466243136,1069,"tags=50%, list=25%, signal=38%","7311/7314/2885/867/5295",0.0840745577910724
"R-HSA-1643713","Signaling by EGFR in Cancer",10,-0.403038159913889,-1.01113850741432,0.464358452138493,0.824410466243136,0.824410466243136,1069,"tags=50%, list=25%, signal=38%","7311/7314/2885/867/5295",0.0840745577910724
"R-HSA-5637815","Signaling by Ligand-Responsive EGFR Variants in Cancer",10,-0.403038159913889,-1.01113850741432,0.464358452138493,0.824410466243136,0.824410466243136,1069,"tags=50%, list=25%, signal=38%","7311/7314/2885/867/5295",0.0840745577910724
"R-HSA-5689901","Metalloprotease DUBs",11,0.389651234075265,1.01032610597861,0.444007858546169,0.813871258255425,0.813871258255425,801,"tags=27%, list=19%, signal=22%","51720/2033/10213",0.0845557442441281
"R-HSA-4085377","SUMOylation of SUMOylation proteins",21,-0.316103154497768,-1.00763098683412,0.445564516129032,0.814617953730857,0.814617953730857,432,"tags=19%, list=10%, signal=17%","10762/57122/4928/9818",0.0857844408075645
"R-HSA-8874081","MET activates PTK2 signaling",1,0.758676538639519,1.00736956549733,0.48605577689243,0.837976701862539,0.837976701862539,1044,"tags=100%, list=24%, signal=76%","3688",0.080419996876154
"R-HSA-9830674","Formation of the ureteric bud",1,0.758676538639519,1.00736956549733,0.48605577689243,0.837976701862539,0.837976701862539,1044,"tags=100%, list=24%, signal=76%","3688",0.080419996876154
"R-HSA-1566977","Fibronectin matrix formation",1,0.758676538639519,1.00736956549733,0.48605577689243,0.837976701862539,0.837976701862539,1044,"tags=100%, list=24%, signal=76%","3688",0.080419996876154
"R-HSA-9687136","Aberrant regulation of mitotic exit in cancer due to RB1 defects",12,-0.37717201696222,-1.00728359997196,0.456140350877193,0.823908969092931,0.823908969092931,343,"tags=25%, list=8%, signal=23%","7324/27338/11065",0.0891647117820678
"R-HSA-5674135","MAP2K and MAPK activation",19,-0.325678294555986,-1.00648629860803,0.425887265135699,0.79927460242633,0.79927460242633,1133,"tags=42%, list=26%, signal=31%","8826/54518/5908/5594/5894/5604/7094/4140",0.0902635484340068
"R-HSA-8849932","Synaptic adhesion-like molecules",5,0.49349010278638,1.00642126744246,0.467557251908397,0.824410466243136,0.824410466243136,643,"tags=40%, list=15%, signal=34%","2319/10211",0.0802023444698144
"R-HSA-9954716","ZNF598 and the Ribosome-associated Quality Trigger (RQT) complex dissociate a ribosome stalled on a no-go mRNA",83,-0.236039315063576,-1.00641116924331,0.432323232323232,0.80300956705043,0.80300956705043,1549,"tags=47%, list=36%, signal=31%","6170/6188/6217/51065/2197/6141/6173/6235/6234/6147/84164/6154/6201/6155/23521/6181/6158/6227/6202/6169/6210/6230/6218/7311/6125/6224/6191/9045/6146/6152/7314/7322/6168/6130/6167/10973/6205/6137/6187",0.0875697115548511
"R-HSA-5696400","Dual Incision in GG-NER",28,0.29906452171058,1.0063542794934,0.444223107569721,0.813871258255425,0.813871258255425,1391,"tags=39%, list=32%, signal=27%","5982/5984/6118/54107/5983/9978/5425/7507/9557/1642/56655",0.0852884689790502
"R-HSA-180786","Extension of Telomeres",38,-0.28426439343561,-1.00413462193078,0.426559356136821,0.799614719386515,0.799614719386515,106,"tags=11%, list=2%, signal=10%","890/54386/23243/80119",0.0880945010398517
"R-HSA-181429","Serotonin Neurotransmitter Release Cycle",1,-0.758445164275798,-1.00314978786767,0.49,0.837976701862539,0.837976701862539,1046,"tags=100%, list=24%, signal=76%","6844",0.0802023444698144
"R-HSA-181430","Norepinephrine Neurotransmitter Release Cycle",1,-0.758445164275798,-1.00314978786767,0.49,0.837976701862539,0.837976701862539,1046,"tags=100%, list=24%, signal=76%","6844",0.0802023444698144
"R-HSA-212676","Dopamine Neurotransmitter Release Cycle",1,-0.758445164275798,-1.00314978786767,0.49,0.837976701862539,0.837976701862539,1046,"tags=100%, list=24%, signal=76%","6844",0.0802023444698144
"R-HSA-264642","Acetylcholine Neurotransmitter Release Cycle",1,-0.758445164275798,-1.00314978786767,0.49,0.837976701862539,0.837976701862539,1046,"tags=100%, list=24%, signal=76%","6844",0.0802023444698144
"R-HSA-168799","Neurotoxicity of clostridium toxins",1,-0.758445164275798,-1.00314978786767,0.49,0.837976701862539,0.837976701862539,1046,"tags=100%, list=24%, signal=76%","6844",0.0802023444698144
"R-HSA-388841","Regulation of T cell activation by CD28 family",129,0.217297300970428,1.00225033777597,0.44106463878327,0.810684786761827,0.810684786761827,923,"tags=29%, list=21%, signal=24%","1650/5689/6772/5970/5719/3703/5688/998/1603/5684/5293/5564/9070/58505/5707/5562/5683/5691/5704/10987/3119/3091/9402/5709/915/6184/2033/1499/3659/6185/5928/5701/10213/919/5685/9978/100128731/1019",0.083129129135339
"R-HSA-71240","Tryptophan catabolism",1,0.75474317445627,1.00214685045816,0.49800796812749,0.848593075397156,0.848593075397156,1061,"tags=100%, list=25%, signal=75%","6520",0.0791316651768349
"R-HSA-9034015","Signaling by NTRK3 (TRKC)",4,-0.528293955253237,-1.00163509464988,0.47489539748954,0.83272831271309,0.83272831271309,617,"tags=50%, list=14%, signal=43%","2885/5295",0.0843144320642653
"R-HSA-9619665","EGR2 and SOX10-mediated initiation of Schwann cell myelination",4,-0.528206456228117,-1.00146919819501,0.47489539748954,0.83272831271309,0.83272831271309,689,"tags=50%, list=16%, signal=42%","6597/7402",0.0843144320642653
"R-HSA-174178","APC/C:Cdh1 mediated degradation of Cdc20 and other APC/C:Cdh1 targeted proteins in late mitosis/early G1",52,0.257938360021275,1.00049043998892,0.447418738049713,0.815747613997879,0.815747613997879,1056,"tags=37%, list=24%, signal=28%","246184/5689/5719/5688/5684/5707/10393/5683/5691/51433/5704/5709/5701/10213/5685/5714/29945/5687/11047",0.0826646449123753
"R-HSA-9687139","Aberrant regulation of mitotic cell cycle due to RB1 defects",23,-0.317821029917483,-0.999232972456388,0.456475583864119,0.823908969092931,0.823908969092931,542,"tags=26%, list=13%, signal=23%","7027/1869/7324/1027/27338/11065",0.0873098257637931
"R-HSA-168271","Transport of Ribonucleoproteins into the Host Nucleus",19,-0.323150145556522,-0.998673228559045,0.434237995824635,0.80300956705043,0.80300956705043,432,"tags=21%, list=10%, signal=19%","10762/57122/4928/9818",0.0891647117820678
"R-HSA-5339562","Uptake and actions of bacterial toxins",15,0.349380148084886,0.997653360430206,0.458585858585859,0.823908969092931,0.823908969092931,656,"tags=20%, list=15%, signal=17%","5045/3326/3320",0.0843144320642653
"R-HSA-8875878","MET promotes cell motility",6,-0.464208683743046,-0.995483448379606,0.48207171314741,0.837976701862539,0.837976701862539,936,"tags=50%, list=22%, signal=39%","5908/2885/5879",0.0808589150280032
"R-HSA-1358803","Downregulation of ERBB2:ERBB3 signaling",7,-0.43973458194953,-0.995230764211634,0.459244532803181,0.823908969092931,0.823908969092931,1069,"tags=43%, list=25%, signal=32%","7311/7314/208",0.0833634065110386
"R-HSA-9671555","Signaling by PDGFR in disease",8,0.408578137897268,0.994306159899419,0.466666666666667,0.824410466243136,0.824410466243136,932,"tags=50%, list=22%, signal=39%","6772/2803/51411/81608",0.0817515582532145
"R-HSA-9703648","Signaling by FLT3 ITD and TKD mutants",6,-0.463510464737727,-0.993986135883134,0.48406374501992,0.837976701862539,0.837976701862539,963,"tags=50%, list=22%, signal=39%","5781/2885/5295",0.0806388495950661
"R-HSA-9705683","SARS-CoV-2-host interactions",107,-0.223759246988153,-0.993614514378396,0.48870636550308,0.837976701862539,0.837976701862539,477,"tags=14%, list=11%, signal=13%","3551/10762/64601/3106/10971/208/57122/6205/3838/4928/81631/9818/3134/6187/7533",0.0817515582532145
"R-HSA-9828806","Maturation of hRSV A proteins",14,0.348221973949729,0.991075890511079,0.480961923847695,0.837976701862539,0.837976701862539,259,"tags=14%, list=6%, signal=13%","5045/5499",0.0813027345384499
"R-HSA-8941856","RUNX3 regulates NOTCH signaling",5,0.485891997361736,0.990925728933267,0.482824427480916,0.837976701862539,0.837976701862539,1235,"tags=40%, list=29%, signal=29%","2033/22938",0.0785029047348687
"R-HSA-9020702","Interleukin-1 signaling",59,0.246356931622097,0.988978741425132,0.458984375,0.823908969092931,0.823908969092931,1056,"tags=36%, list=24%, signal=27%","5689/5970/5719/5688/3654/5684/5707/5683/5691/5704/5709/121457/5701/10213/84166/5685/7334/9978/5714/5687/11047",0.0824344091527096
"R-HSA-9937008","Mitochondrial mRNA modification",4,0.526428699476082,0.988067353441662,0.5,0.850208768267223,0.850208768267223,1177,"tags=50%, list=27%, signal=36%","285367/81892",0.0766746872490091
"R-HSA-167287","HIV elongation arrest and recovery",22,0.311862474297504,0.988013692343228,0.458823529411765,0.823908969092931,0.823908969092931,1728,"tags=64%, list=40%, signal=38%","5432/5435/51497/5441/8812/1025/5430/5440/5434/11198/6827/6749/5436/5438",0.0826646449123753
"R-HSA-167290","Pausing and recovery of HIV elongation",22,0.311862474297504,0.988013692343228,0.458823529411765,0.823908969092931,0.823908969092931,1728,"tags=64%, list=40%, signal=38%","5432/5435/51497/5441/8812/1025/5430/5440/5434/11198/6827/6749/5436/5438",0.0826646449123753
"R-HSA-176409","APC/C:Cdc20 mediated degradation of mitotic proteins",53,0.253613435756165,0.987751104864347,0.490234375,0.837976701862539,0.837976701862539,1056,"tags=36%, list=24%, signal=27%","246184/5689/5719/5688/5684/5707/10393/5683/5691/51433/5704/5709/5701/10213/5685/5714/29945/5687/11047",0.0789209638180035
"R-HSA-1482801","Acyl chain remodelling of PS",3,0.574403633946864,0.987309915487155,0.534351145038168,0.860987156545179,0.860987156545179,92,"tags=33%, list=2%, signal=33%","254531",0.0732558655828455
"R-HSA-1483206","Glycerophospholipid biosynthesis",29,0.294822848750821,0.987157346507498,0.488326848249027,0.837976701862539,0.837976701862539,1143,"tags=31%, list=26%, signal=23%","254531/5130/55750/8760/23175/51205/23646/1460/10390",0.0789209638180035
"R-HSA-977225","Amyloid fiber formation",14,0.346424220802006,0.985959298408664,0.48496993987976,0.837976701862539,0.837976701862539,538,"tags=21%, list=12%, signal=19%","5045/9246/26088",0.0808589150280032
"R-HSA-390522","Striated Muscle Contraction",5,-0.483518100920084,-0.985528987070383,0.506276150627615,0.854207013255617,0.854207013255617,85,"tags=20%, list=2%, signal=20%","7431",0.0808589150280032
"R-HSA-9856651","MITF-M-dependent gene expression",48,-0.256420487084875,-0.984548360399257,0.471287128712871,0.829078545003528,0.829078545003528,1287,"tags=40%, list=30%, signal=28%","3978/9275/6598/4644/6760/3094/5873/86/57492/5347/6603/6597/23112/8289/208/9274/891/1029/994",0.0817515582532145
"R-HSA-8853659","RET signaling",9,0.406017489303813,0.984353439106956,0.484848484848485,0.837976701862539,0.837976701862539,362,"tags=33%, list=8%, signal=31%","9260/9046/5293",0.0778840111977068
"R-HSA-159230","Transport of the SLBP Dependant Mature mRNA",22,-0.312203099337498,-0.983833504127252,0.489837398373984,0.837976701862539,0.837976701862539,432,"tags=23%, list=10%, signal=21%","10762/7884/57122/4928/9818",0.0810802057550866
"R-HSA-4755510","SUMOylation of immune response proteins",9,-0.409906678506868,-0.983638941669938,0.487341772151899,0.837976701862539,0.837976701862539,688,"tags=33%, list=16%, signal=28%","5610/8517/4792",0.0833634065110386
"R-HSA-9007101","Rab regulation of trafficking",49,0.260268673547449,0.98177011240015,0.486328125,0.837976701862539,0.837976701862539,1126,"tags=37%, list=26%, signal=27%","3257/5868/81876/163486/79090/8766/79958/26088/22930/6305/5878/51399/23011/11021/374403/2665/7879/207",0.0793434960134973
"R-HSA-112314","Neurotransmitter receptors and postsynaptic signal transmission",44,-0.257547507272506,-0.981612038002046,0.472573839662447,0.83044529105731,0.83044529105731,948,"tags=30%, list=22%, signal=23%","163/5594/5576/10681/808/10383/5567/5571/5579/2771/5879/3838/814",0.0850427463764322
"R-HSA-983168","Antigen processing: Ubiquitination & Proteasome degradation",130,-0.214257077266093,-0.980731394867075,0.494117647058824,0.842845703726517,0.842845703726517,639,"tags=19%, list=15%, signal=17%","7322/8065/140691/84231/25897/54461/7428/899/10477/7324/26268/55658/54926/7326/26091/9520/5930/26118/27338/868/118424/11065/81559/991/8651",0.0787113806986485
"R-HSA-9772572","Early SARS-CoV-2 Infection Events",16,0.341302754911369,0.980061197134572,0.481695568400771,0.837976701862539,0.837976701862539,789,"tags=25%, list=18%, signal=21%","5045/29082/8678/79643",0.0791316651768349
"R-HSA-418555","G alpha (s) signalling events",22,-0.310926512554504,-0.97981064576774,0.491869918699187,0.839891087590121,0.839891087590121,1057,"tags=36%, list=24%, signal=28%","5150/2778/5576/10681/5567/2771/5140/5734",0.0808589150280032
"R-HSA-5654693","FRS-mediated FGFR1 signaling",3,-0.571194101021296,-0.979325452806493,0.52928870292887,0.859590535324719,0.859590535324719,963,"tags=67%, list=22%, signal=52%","5781/2885",0.0785029047348687
"R-HSA-5654700","FRS-mediated FGFR2 signaling",3,-0.571194101021296,-0.979325452806493,0.52928870292887,0.859590535324719,0.859590535324719,963,"tags=67%, list=22%, signal=52%","5781/2885",0.0785029047348687
"R-HSA-5654706","FRS-mediated FGFR3 signaling",3,-0.571194101021296,-0.979325452806493,0.52928870292887,0.859590535324719,0.859590535324719,963,"tags=67%, list=22%, signal=52%","5781/2885",0.0785029047348687
"R-HSA-5654712","FRS-mediated FGFR4 signaling",3,-0.571194101021296,-0.979325452806493,0.52928870292887,0.859590535324719,0.859590535324719,963,"tags=67%, list=22%, signal=52%","5781/2885",0.0785029047348687
"R-HSA-9028731","Activated NTRK2 signals through FRS2 and FRS3",3,-0.571194101021296,-0.979325452806493,0.52928870292887,0.859590535324719,0.859590535324719,963,"tags=67%, list=22%, signal=52%","5781/2885",0.0785029047348687
"R-HSA-210744","Regulation of gene expression in late stage (branching morphogenesis) pancreatic bud precursor cells",4,0.52172902956201,0.979246424000186,0.513358778625954,0.855948260370194,0.855948260370194,1235,"tags=50%, list=29%, signal=36%","2033/22938",0.0753093764172773
"R-HSA-9013695","NOTCH4 Intracellular Domain Regulates Transcription",4,0.52172902956201,0.979246424000186,0.513358778625954,0.855948260370194,0.855948260370194,1235,"tags=50%, list=29%, signal=36%","2033/22938",0.0753093764172773
"R-HSA-9758274","Regulation of NF-kappa B signaling",12,-0.36605645661154,-0.977598148394943,0.506578947368421,0.854207013255617,0.854207013255617,1069,"tags=42%, list=25%, signal=31%","7311/841/7314/8517/3551",0.0833634065110386
"R-HSA-170968","Frs2-mediated activation",6,-0.455838399281944,-0.977533591060976,0.50199203187251,0.850246059106818,0.850246059106819,897,"tags=33%, list=21%, signal=26%","5594/5604",0.0787113806986485
"R-HSA-9725554","Differentiation of Keratinocytes in Interfollicular Epidermis in Mammalian Skin",7,-0.431863947701187,-0.977417524909232,0.481113320079523,0.837976701862539,0.837976701862539,274,"tags=29%, list=6%, signal=27%","3858/2171",0.0808589150280032
"R-HSA-917729","Endosomal Sorting Complex Required For Transport (ESCRT)",21,0.316088368936201,0.977046037591222,0.482213438735178,0.837976701862539,0.837976701862539,1009,"tags=29%, list=23%, signal=22%","79720/84313/29082/7251/79643/51160",0.080419996876154
"R-HSA-419408","Lysosphingolipid and LPA receptors",1,-0.738546968995835,-0.976831642121298,0.532,0.859590535324719,0.859590535324719,1132,"tags=100%, list=26%, signal=74%","8698",0.0758886900606117
"R-HSA-168928","DDX58/IFIH1-mediated induction of interferon-alpha/beta",38,-0.276470268499064,-0.976602680269534,0.462776659959759,0.824410466243136,0.824410466243136,815,"tags=32%, list=19%, signal=26%","841/3146/7314/4793/1540/55593/7322/8517/3551/5094/7128/4792",0.0835990603684159
"R-HSA-74259","Purine catabolism",5,0.478374605659516,0.975594797589169,0.50763358778626,0.854271812503943,0.854271812503943,534,"tags=40%, list=12%, signal=35%","10591/3704",0.0758886900606117
"R-HSA-9856649","Transcriptional and post-translational regulation of MITF-M expression and activity",18,-0.316628847273091,-0.972699525403705,0.510162601626016,0.855948260370194,0.855948260370194,379,"tags=17%, list=9%, signal=15%","7514/4140/7533",0.0789209638180035
"R-HSA-6788467","IL-6-type cytokine receptor ligand interactions",1,-0.734150856085146,-0.971017168061052,0.54,0.864988072317353,0.864988072317353,1151,"tags=100%, list=27%, signal=73%","3716",0.0751181635276302
"R-HSA-8877330","RUNX1 and FOXP3 control the development of regulatory T lymphocytes (Tregs)",3,-0.566115042565656,-0.970617290006831,0.53765690376569,0.863750588002278,0.863750588002278,297,"tags=33%, list=7%, signal=31%","4773",0.0776798560117236
"R-HSA-8949613","Cristae formation",6,0.459737980663517,0.970456544156618,0.53,0.859590535324719,0.859590535324719,1249,"tags=67%, list=29%, signal=47%","3313/10989/25813/54927",0.0760837160951725
"R-HSA-69473","G2/M DNA damage checkpoint",36,0.26572138134607,0.970080024981571,0.50185873605948,0.850246059106818,0.850246059106819,498,"tags=19%, list=12%, signal=17%","51720/5982/5984/7336/6118/5883/641",0.0751181635276302
"R-HSA-1638074","Keratan sulfate/keratin metabolism",7,0.434139150917048,0.969560533315358,0.519038076152305,0.859590535324719,0.859590535324719,1554,"tags=57%, list=36%, signal=37%","3073/2683/2720/8703",0.077274697304471
"R-HSA-425407","SLC-mediated transmembrane transport",30,0.281298775580667,0.96921689908986,0.512871287128713,0.855948260370194,0.855948260370194,1658,"tags=53%, list=38%, signal=33%","9123/6509/6574/27173/6566/6515/6520/51248/9194/801/402/292/7922/23568/57153/55974",0.077274697304471
"R-HSA-445144","Signal transduction by L1",9,-0.403777792546266,-0.968931665072588,0.50210970464135,0.850246059106818,0.850246059106819,1066,"tags=44%, list=25%, signal=34%","1459/5594/5604/5879",0.0817515582532145
"R-HSA-389359","CD28 dependent Vav1 pathway",7,-0.427793203003989,-0.968204398350158,0.489065606361829,0.837976701862539,0.837976701862539,617,"tags=43%, list=14%, signal=37%","2885/5062/5879",0.0799858801499946
"R-HSA-5578775","Ion homeostasis",16,0.336668945279501,0.966755072441023,0.500963391136802,0.850246059106818,0.850246059106819,325,"tags=19%, list=8%, signal=17%","490/488/80228",0.0770736734944102
"R-HSA-8956319","Nucleotide catabolism",9,0.398615400681838,0.966407730895942,0.5,0.850208768267223,0.850208768267223,534,"tags=33%, list=12%, signal=29%","7378/10591/3704",0.0762797180809272
"R-HSA-196741","Cobalamin (Cbl, vitamin B12) transport and metabolism",6,0.457633329903669,0.96601385682391,0.532,0.859590535324719,0.859590535324719,474,"tags=17%, list=11%, signal=15%","326625",0.0758886900606117
"R-HSA-3296469","Defects in cobalamin (B12) metabolism",6,0.457633329903669,0.96601385682391,0.532,0.859590535324719,0.859590535324719,474,"tags=17%, list=11%, signal=15%","326625",0.0758886900606117
"R-HSA-3296482","Defects in vitamin and cofactor metabolism",6,0.457633329903669,0.96601385682391,0.532,0.859590535324719,0.859590535324719,474,"tags=17%, list=11%, signal=15%","326625",0.0758886900606117
"R-HSA-2219530","Constitutive Signaling by Aberrant PI3K in Cancer",12,-0.361492932253972,-0.965410703312261,0.521929824561403,0.859590535324719,0.859590535324719,1044,"tags=58%, list=24%, signal=44%","29851/5781/391/2885/50852/5295/5879",0.0817515582532145
"R-HSA-176814","Activation of APC/C and APC/C:Cdc20 mediated degradation of mitotic proteins",54,0.245112058424079,0.9651506952989,0.528971962616822,0.859590535324719,0.859590535324719,1056,"tags=35%, list=24%, signal=27%","246184/5689/5719/5688/5684/5707/10393/5683/5691/51433/5704/5709/5701/10213/5685/5714/29945/5687/11047",0.0727141077934447
"R-HSA-5607764","CLEC7A (Dectin-1) signaling",60,0.246748383083346,0.964846495172888,0.544230769230769,0.867467635104621,0.867467635104621,1056,"tags=33%, list=24%, signal=26%","5689/5970/5719/5688/5684/5707/5683/5691/5704/5709/5701/10213/5685/5530/7334/5714/29108/5687/9040/11047",0.0727141077934447
"R-HSA-70221","Glycogen breakdown (glycogenolysis)",8,0.395875025988226,0.963392165122175,0.503921568627451,0.852428074033352,0.852428074033352,1317,"tags=50%, list=30%, signal=35%","2992/5236/5257/801",0.0776798560117236
"R-HSA-3000171","Non-integrin membrane-ECM interactions",8,-0.403379707874818,-0.963375612665414,0.510162601626016,0.855948260370194,0.855948260370194,236,"tags=25%, list=5%, signal=24%","6645/7402",0.0789209638180035
"R-HSA-1362300","Transcription of E2F targets under negative control by p107 (RBL1) and p130 (RBL2) in complex with HDAC1",10,-0.383925300040073,-0.963188336618193,0.517311608961303,0.859022029559596,0.859022029559596,542,"tags=30%, list=13%, signal=26%","7027/1869/890",0.0782955249944794
"R-HSA-3322077","Glycogen synthesis",7,0.431173538314401,0.962937447305825,0.529058116232465,0.859590535324719,0.859590535324719,30,"tags=14%, list=1%, signal=14%","2992",0.0762797180809272
"R-HSA-9706574","RHOBTB GTPase Cycle",24,-0.291490059491926,-0.962258629537453,0.514644351464435,0.856338762549096,0.856338762549096,519,"tags=21%, list=12%, signal=18%","6093/55023/5930/27316/7431",0.0799858801499946
"R-HSA-167172","Transcription of the HIV genome",37,0.266254966471113,0.962049146529802,0.529761904761905,0.859590535324719,0.859590535324719,1620,"tags=51%, list=37%, signal=32%","6873/6883/5432/5435/83860/6880/51497/5441/8812/1025/5430/5440/2958/22916/5434/11198/6827/6749/5436",0.0756946307932749
"R-HSA-5637810","Constitutive Signaling by EGFRvIII",6,-0.448499800695696,-0.96179615726718,0.51195219123506,0.855948260370194,0.855948260370194,617,"tags=50%, list=14%, signal=43%","2885/867/5295",0.0776798560117236
"R-HSA-5637812","Signaling by EGFRvIII in Cancer",6,-0.448499800695696,-0.96179615726718,0.51195219123506,0.855948260370194,0.855948260370194,617,"tags=50%, list=14%, signal=43%","2885/867/5295",0.0776798560117236
"R-HSA-168325","Viral Messenger RNA Synthesis",30,-0.284454064990411,-0.961756988957447,0.52112676056338,0.859590535324719,0.859590535324719,505,"tags=20%, list=12%, signal=18%","2962/10762/2963/57122/4928/9818",0.077274697304471
"R-HSA-196854","Metabolism of vitamins and cofactors",42,-0.262233224795146,-0.961543044629749,0.526205450733753,0.859590535324719,0.859590535324719,760,"tags=21%, list=18%, signal=18%","808/84875/54981/2644/54625/6470/79668/93100/80025",0.0789209638180035
"R-HSA-373752","Netrin-1 signaling",8,-0.402549995904943,-0.961394044773648,0.514227642276423,0.856338762549096,0.856338762549096,465,"tags=38%, list=11%, signal=34%","7430/3983/5879",0.0785029047348687
"R-HSA-9918487","Dengue Virus Genome Translation and Replication",62,0.236885392509433,0.960784327500375,0.530651340996169,0.859590535324719,0.859590535324719,812,"tags=27%, list=19%, signal=23%","1650/317649/3703/1603/8818/1973/58505/5611/3836/8813/9789/6184/821/6185/55666/10294/811",0.0738052724171275
"R-HSA-166658","Complement cascade",5,-0.470729096681713,-0.959461846318678,0.52928870292887,0.859590535324719,0.859590535324719,21,"tags=20%, list=0%, signal=20%","1604",0.0785029047348687
"R-HSA-201722","Formation of the beta-catenin:TCF transactivating complex",13,0.3474807588107,0.95532911797321,0.51047619047619,0.855948260370194,0.855948260370194,733,"tags=31%, list=17%, signal=26%","9070/2033/1499/7090",0.0755015292281669
"R-HSA-2025928","Calcineurin activates NFAT",9,-0.398037263732793,-0.955156315748496,0.516877637130802,0.859022029559596,0.859022029559596,852,"tags=44%, list=20%, signal=36%","5478/808/5534/4773",0.0802023444698144
"R-HSA-5619102","SLC transporter disorders",21,-0.299596262685395,-0.955012544247263,0.520161290322581,0.859590535324719,0.859590535324719,432,"tags=19%, list=10%, signal=17%","10762/57122/4928/9818",0.0774767547848578
"R-HSA-8876725","Protein methylation",10,-0.380305768815269,-0.954107689264679,0.521384928716904,0.859590535324719,0.859590535324719,1511,"tags=60%, list=35%, signal=39%","22944/7415/805/1915/808/6187",0.0778840111977068
"R-HSA-164378","PKA activation in glucagon signalling",5,-0.468030516664071,-0.953961475544028,0.539748953974895,0.864988072317353,0.864988072317353,960,"tags=60%, list=22%, signal=47%","2778/5576/5567",0.0774767547848578
"R-HSA-174143","APC/C-mediated degradation of cell cycle proteins",61,-0.236275459107543,-0.953124703350941,0.507070707070707,0.854207013255617,0.854207013255617,343,"tags=15%, list=8%, signal=14%","7324/9232/6790/27338/891/9212/11065/890/991",0.0789209638180035
"R-HSA-453276","Regulation of mitotic cell cycle",61,-0.236275459107543,-0.953124703350941,0.507070707070707,0.854207013255617,0.854207013255617,343,"tags=15%, list=8%, signal=14%","7324/9232/6790/27338/891/9212/11065/890/991",0.0789209638180035
"R-HSA-196780","Biotin transport and metabolism",1,0.71772327626099,0.952991885383571,0.561752988047809,0.884150355101334,0.884150355101334,1221,"tags=100%, list=28%, signal=72%","51248",0.0728938564822936
"R-HSA-5683057","MAPK family signaling cascades",114,-0.213790500839162,-0.950726882027717,0.588235294117647,0.906632914119516,0.906632914119516,649,"tags=19%, list=15%, signal=17%","5567/5786/6709/2885/81926/5894/5515/5604/5295/5525/7094/23112/5062/7514/5501/5879/4140/23463/5527/3725/1843/1844",0.0714786287425507
"R-HSA-5663213","RHO GTPases Activate WASPs and WAVEs",23,0.296150083310605,0.950562749053178,0.532956685499058,0.859590535324719,0.859590535324719,1430,"tags=43%, list=33%, signal=29%","60/10095/998/55845/10094/10109/71/10163/4690/10096",0.0727141077934447
"R-HSA-74182","Ketone body metabolism",2,-0.618554979411835,-0.9502994251486,0.612371134020619,0.9168314921125,0.9168314921125,531,"tags=50%, list=12%, signal=44%","5019",0.0702812841717392
"R-HSA-5620924","Intraflagellar transport",12,-0.355833913245187,-0.950297606944749,0.532894736842105,0.859590535324719,0.859590535324719,2790,"tags=100%, list=65%, signal=36%","7846/9321/8655/10376/3842/84790/7277/83658/11020/140735/90410/10383",0.0806388495950661
"R-HSA-380972","Energy dependent regulation of mTOR by LKB1-AMPK",11,0.366329623038496,0.949855535367317,0.522593320235756,0.859590535324719,0.859590535324719,786,"tags=45%, list=18%, signal=37%","10670/5564/5562/10542/389541",0.0758886900606117
"R-HSA-392851","Prostacyclin signalling through prostacyclin receptor",7,0.425289235955536,0.949796067816786,0.541082164328657,0.864988072317353,0.864988072317353,500,"tags=29%, list=12%, signal=25%","2793/54331",0.0751181635276302
"R-HSA-420092","Glucagon-type ligand receptors",7,0.425289235955536,0.949796067816786,0.541082164328657,0.864988072317353,0.864988072317353,500,"tags=29%, list=12%, signal=25%","2793/54331",0.0751181635276302
"R-HSA-210745","Regulation of gene expression in beta cells",2,-0.617954688549479,-0.949377185282451,0.612371134020619,0.9168314921125,0.9168314921125,296,"tags=50%, list=7%, signal=47%","208",0.0702812841717392
"R-HSA-212165","Epigenetic regulation of gene expression",108,-0.213490665268824,-0.94912411133785,0.578034682080925,0.897634410972189,0.897634410972189,1523,"tags=46%, list=35%, signal=31%","11176/80335/10474/79101/51082/51105/29128/6613/5931/259282/10919/10445/58508/9275/6598/5469/51535/84246/2874/404672/9219/7343/9611/23468/6760/5437/23512/60481/123/902/9031/8473/86/57492/6603/6597/8932/90390/26147/9440/1810/8726/8289/8467/9274/4297/64426/7913/11168/2146",0.0697792517076235
"R-HSA-202131","Metabolism of nitric oxide: NOS3 activation and regulation",11,0.366035366840387,0.94909255890838,0.522593320235756,0.859590535324719,0.859590535324719,1447,"tags=55%, list=33%, signal=36%","9397/3320/207/4836/801/10434",0.0758886900606117
"R-HSA-168276","NS1 Mediated Effects on Host Pathways",26,-0.287821809422311,-0.948866903795408,0.537074148296593,0.86366612791229,0.863666127912291,432,"tags=19%, list=10%, signal=17%","10762/57122/3838/4928/9818",0.0755015292281669
"R-HSA-69656","Cyclin A:Cdk2-associated events at S phase entry",58,0.238401243597485,0.948359179221544,0.572815533980582,0.894646696888177,0.894646696888177,1511,"tags=50%, list=35%, signal=33%","5689/5719/4149/5688/5684/5707/5683/5691/5704/5709/5928/1874/5701/10213/5685/1019/5714/5687/11047/207/1026/5690/5700/9861/1017/5686/5702/5692/5694",0.0706196247122591
"R-HSA-418885","DCC mediated attractive signaling",5,-0.465172694635407,-0.94813653032734,0.54602510460251,0.869476926097253,0.869476926097253,454,"tags=40%, list=11%, signal=36%","3983/5879",0.0768736734126542
"R-HSA-70895","Branched-chain amino acid catabolism",6,0.448830047244874,0.947431090932003,0.558,0.881920586680761,0.881920586680761,618,"tags=33%, list=14%, signal=29%","1892/1738",0.0734381410838857
"R-HSA-8873719","RAB geranylgeranylation",23,0.295155986175376,0.947371962492775,0.540489642184557,0.864988072317353,0.864988072317353,1124,"tags=35%, list=26%, signal=26%","326624/5868/81876/8766/5878/23011/11021/7879",0.072003313661988
"R-HSA-9933937","Formation of the canonical BAF (cBAF) complex",12,-0.35455404967058,-0.946879576096952,0.535087719298246,0.861322030372374,0.861322030372374,1271,"tags=67%, list=29%, signal=47%","9275/6598/6760/86/57492/6597/8289/9274",0.080419996876154
"R-HSA-5694530","Cargo concentration in the ER",11,0.364602258326369,0.94537665397137,0.526522593320236,0.859590535324719,0.859590535324719,1236,"tags=45%, list=29%, signal=33%","51128/10960/10972/1075/10959",0.0755015292281669
"R-HSA-72706","GTP hydrolysis and joining of the 60S ribosomal subunit",101,-0.214232664020723,-0.944372855115204,0.591355599214145,0.906632914119516,0.906632914119516,1549,"tags=47%, list=36%, signal=31%","6170/6188/8667/6217/51065/2197/6141/6173/6235/6234/6147/6154/6201/6155/23521/6181/6158/6227/6202/6169/6210/6230/6218/1983/7311/7458/6125/6224/6191/9045/1968/6146/3646/1981/8664/1964/6152/1977/1974/6168/6130/6167/1975/6205/6137/8665/6187",0.0696133438850965
"R-HSA-1834941","STING mediated induction of host immune responses",7,0.422759171401549,0.944145688824003,0.549098196392786,0.872664353096437,0.872664353096437,1261,"tags=71%, list=29%, signal=51%","197358/3661/2547/7520/29110",0.0743625384422526
"R-HSA-3270619","IRF3-mediated induction of type I IFN",7,0.422759171401549,0.944145688824003,0.549098196392786,0.872664353096437,0.872664353096437,1261,"tags=71%, list=29%, signal=51%","197358/3661/2547/7520/29110",0.0743625384422526
"R-HSA-373080","Class B/2 (Secretin family receptors)",9,-0.393139973839721,-0.943404457825566,0.527426160337553,0.859590535324719,0.859590535324719,21,"tags=11%, list=0%, signal=11%","1604",0.0791316651768349
"R-HSA-174414","Processive synthesis on the C-strand of the telomere",16,0.327752363421231,0.941150837594942,0.529865125240848,0.859590535324719,0.859590535324719,1034,"tags=38%, list=24%, signal=29%","2237/6118/641/65057/7013/5425",0.0741758965588009
"R-HSA-1168372","Downstream signaling events of B Cell Receptor (BCR)",56,0.238380707788122,0.941053960212245,0.576200417536534,0.897513494522342,0.897513494522342,1056,"tags=34%, list=24%, signal=26%","5689/5970/5719/5688/5684/5707/5683/5691/5704/5709/5966/5701/10213/2280/5685/5530/5714/5687/11047",0.0739901439101341
"R-HSA-73980","RNA Polymerase III Transcription Termination",10,0.368088498783269,0.940762285008582,0.524461839530333,0.859590535324719,0.859590535324719,1603,"tags=60%, list=37%, signal=38%","5435/5441/5440/51728/5434/6741",0.0755015292281669
"R-HSA-3700989","Transcriptional Regulation by TP53",192,-0.193107902426235,-0.940597444766297,0.627766599597586,0.92882088169343,0.92882088169343,601,"tags=15%, list=14%, signal=14%","5515/83695/7832/7027/51755/253260/2962/23112/5571/2963/1869/79109/10971/208/1027/23019/387893/6790/891/9212/5527/332/1029/890/29117/2353/3725/7533/22974",0.0678338263479455
"R-HSA-72702","Ribosomal scanning and start codon recognition",56,-0.235640131303471,-0.940469398653537,0.579349904397706,0.898819994537012,0.898819994537012,1546,"tags=50%, list=36%, signal=33%","6188/8667/6217/51065/2197/6235/6234/6201/6227/6202/6210/6230/6218/1983/7458/6224/6191/1968/3646/1981/8664/1964/1977/1974/1975/6205/8665/6187",0.0692836467392548
"R-HSA-176408","Regulation of APC/C activators between G1/S and early anaphase",57,0.238349653871248,0.939581675130484,0.568588469184891,0.892274466536773,0.892274466536773,1056,"tags=33%, list=24%, signal=26%","246184/5689/5719/5688/5684/5707/10393/5683/5691/51433/5704/5709/5701/10213/5685/5714/29945/5687/11047",0.0721797965581253
"R-HSA-5633007","Regulation of TP53 Activity",86,-0.222067197537731,-0.939386107424334,0.585657370517928,0.90494192708572,0.90494192708572,713,"tags=20%, list=16%, signal=17%","900/6881/7994/5515/83695/253260/5571/79109/208/387893/6790/9212/5527/1029/890/29117/22974",0.0707899094502623
"R-HSA-189200","Cellular hexose transport",2,0.616755380698912,0.938991273600936,0.58027079303675,0.899392123555534,0.899392123555534,1658,"tags=100%, list=38%, signal=62%","6515/55974",0.0697792517076235
"R-HSA-6807070","PTEN Regulation",75,0.224011823990837,0.937167549973529,0.58984375,0.906632914119516,0.906632914119516,1126,"tags=32%, list=26%, signal=24%","5689/5719/5688/54815/10670/5684/6015/5707/5683/5691/5704/5709/10542/3066/5928/389541/5701/10213/5685/5714/5687/11047/1460/207",0.0694481442003175
"R-HSA-5083632","Defective C1GALT1C1 causes TNPS",2,0.615366813237676,0.936877221953054,0.586073500967118,0.90494192708572,0.90494192708572,1664,"tags=100%, list=38%, signal=62%","56913/29071",0.0692836467392548
"R-HSA-8878171","Transcriptional regulation by RUNX1",87,0.221640889358428,0.936053361395431,0.572564612326044,0.894646696888177,0.894646696888177,1083,"tags=29%, list=25%, signal=22%","3958/5689/894/5719/5688/5684/9070/6015/3276/83737/5707/5683/5691/5704/5709/2033/6605/5701/10213/5685/6599/5714/5687/11047/1460",0.0718276293603809
"R-HSA-9943965","CHD3, CHD4, CHD5 subfamily",18,-0.304370297960185,-0.935040653821113,0.56910569105691,0.892274466536773,0.892274466536773,660,"tags=28%, list=15%, signal=24%","8932/6941/22806/10320/10951",0.0732558655828455
"R-HSA-6803211","TP53 Regulates Transcription of Death Receptors and Ligands",3,0.543740050817296,0.934604016918645,0.595419847328244,0.906810724289716,0.906810724289716,1741,"tags=67%, list=40%, signal=40%","355/7157",0.0678338263479455
"R-HSA-975578","Reactions specific to the complex N-glycan synthesis pathway",3,0.543295261650418,0.933839493979014,0.599236641221374,0.908847676293799,0.908847676293799,1036,"tags=33%, list=24%, signal=25%","2530",0.0675188953767744
"R-HSA-202433","Generation of second messenger molecules",23,-0.296899550682469,-0.933455601180438,0.560509554140127,0.883046483263315,0.883046483263315,549,"tags=22%, list=13%, signal=19%","920/5062/3115/3113/3122",0.0762797180809272
"R-HSA-156842","Eukaryotic Translation Elongation",82,-0.220205821459519,-0.933436629866994,0.595833333333333,0.906810724289716,0.906810724289716,1549,"tags=45%, list=36%, signal=30%","6170/6188/6217/51065/2197/6141/6173/6235/6234/6147/6154/6201/6155/23521/6181/6158/6227/6202/6169/6210/6230/6218/7311/6125/6224/6191/9045/1915/6146/6152/1933/6168/6130/6167/6205/6137/6187",0.0721797965581253
"R-HSA-2173789","TGF-beta receptor signaling activates SMADs",23,0.290784567205987,0.93334087397727,0.559322033898305,0.882028647841567,0.882028647841567,1055,"tags=35%, list=24%, signal=26%","5045/5499/7046/4738/11171/2280/3688/9040",0.0702812841717392
"R-HSA-201681","TCF dependent signaling in response to WNT",70,0.229366072021217,0.932182448058686,0.59349593495935,0.906810724289716,0.906810724289716,1511,"tags=46%, list=35%, signal=30%","5689/5719/5688/5684/9070/5707/5683/5691/5704/5709/2033/1499/7090/440193/5701/10213/5685/9978/5714/5687/11047/1460/207/5690/5518/5700/9861/5686/5702/57680/5692/5694",0.0711327399327894
"R-HSA-9843940","Regulation of endogenous retroelements by KRAB-ZFP proteins",13,0.338574962618492,0.930844405639006,0.542857142857143,0.866125647124668,0.866125647124668,749,"tags=23%, list=17%, signal=19%","54815/3066/5928",0.0723570851036907
"R-HSA-9675126","Diseases of mitotic cell cycle",25,-0.290201222501762,-0.930734435007569,0.558333333333333,0.881920586680761,0.881920586680761,542,"tags=24%, list=13%, signal=21%","7027/1869/7324/1027/27338/11065",0.0755015292281669
"R-HSA-912694","Regulation of IFNA/IFNB signaling",9,-0.3878055779564,-0.930603691709164,0.554852320675105,0.880014183027891,0.880014183027891,18,"tags=11%, list=0%, signal=11%","8651",0.0764767053228531
"R-HSA-189451","Heme biosynthesis",3,0.539457232330621,0.927242522477756,0.606870229007634,0.912826964961621,0.91282696496162,1325,"tags=67%, list=31%, signal=46%","2235/7389",0.0668966276500666
"R-HSA-6785807","Interleukin-4 and Interleukin-13 signaling",32,0.264434579452237,0.927234132883627,0.575757575757576,0.897513494522342,0.897513494522342,276,"tags=16%, list=6%, signal=15%","3689/7076/6772/301/3561",0.069119845655101
"R-HSA-8931838","DAG1 glycosylations",1,0.697362332253586,0.925956654592547,0.615537848605578,0.91739355478361,0.91739355478361,1309,"tags=100%, list=30%, signal=70%","113829",0.0683110858318647
"R-HSA-9939291","Matriglycan biosynthesis on DAG1",1,0.697362332253586,0.925956654592547,0.615537848605578,0.91739355478361,0.91739355478361,1309,"tags=100%, list=30%, signal=70%","113829",0.0683110858318647
"R-HSA-3769402","Deactivation of the beta-catenin transactivating complex",19,-0.299344190799329,-0.925102567913502,0.542797494780793,0.866125647124668,0.866125647124668,1069,"tags=37%, list=25%, signal=28%","7311/1487/7534/7314/7514/208/7091",0.0770736734944102
"R-HSA-9717189","Sensory perception of taste",2,-0.601481138625318,-0.924068513387235,0.639175257731959,0.932860558540915,0.932860558540915,1725,"tags=100%, list=40%, signal=60%","2782/3710",0.0681513438679483
"R-HSA-9717207","Sensory perception of sweet, bitter, and umami (glutamate) taste",2,-0.601481138625318,-0.924068513387235,0.639175257731959,0.932860558540915,0.932860558540915,1725,"tags=100%, list=40%, signal=60%","2782/3710",0.0681513438679483
"R-HSA-9663891","Selective autophagy",47,-0.242087215455496,-0.922595219008469,0.567951318458418,0.892181965061488,0.892181965061488,1069,"tags=32%, list=25%, signal=24%","7311/1459/123/140735/54543/7314/10383/7322/9804/5571/5116/8878/10226/81631/7431",0.0732558655828455
"R-HSA-190873","Gap junction degradation",7,0.413048844992866,0.922459671261243,0.577154308617234,0.897513494522342,0.897513494522342,1299,"tags=57%, list=30%, signal=40%","60/1173/1213/71",0.0718276293603809
"R-HSA-196025","Formation of annular gap junctions",7,0.413048844992866,0.922459671261243,0.577154308617234,0.897513494522342,0.897513494522342,1299,"tags=57%, list=30%, signal=40%","60/1173/1213/71",0.0718276293603809
"R-HSA-450531","Regulation of mRNA stability by proteins that bind AU-rich elements",56,0.233559484925634,0.922021250267267,0.611691022964509,0.9168314921125,0.9168314921125,1511,"tags=45%, list=35%, signal=29%","5689/5719/5688/8125/5684/5707/5683/5691/5704/5709/5701/10213/5685/5714/5687/11047/207/5690/5700/9861/3315/5686/5702/5692/5694",0.0709609456938284
"R-HSA-69166","Removal of the Flap Intermediate",14,0.32386483012884,0.921752930421033,0.557114228456914,0.881920586680761,0.881920586680761,1034,"tags=29%, list=24%, signal=22%","2237/6118/23649/5425",0.0736212741014394
"R-HSA-156902","Peptide chain elongation",79,-0.2169839541066,-0.921650507475353,0.647181628392484,0.935455965085499,0.935455965085499,1549,"tags=46%, list=36%, signal=30%","6170/6188/6217/51065/2197/6141/6173/6235/6234/6147/6154/6201/6155/23521/6181/6158/6227/6202/6169/6210/6230/6218/7311/6125/6224/6191/9045/1915/6146/6152/6168/6130/6167/6205/6137/6187",0.0681513438679483
"R-HSA-9633012","Response of EIF2AK4 (GCN2) to amino acid deficiency",82,-0.21739792911302,-0.921534176282551,0.61875,0.920496575342466,0.920496575342466,1549,"tags=46%, list=36%, signal=30%","6170/6188/6217/51065/2197/6141/6173/6235/6234/6147/6154/6201/6155/23521/6181/6158/6227/6202/6169/6210/6230/6218/7311/6125/6224/1386/6191/9045/1968/6146/6152/468/6168/6130/6167/6205/6137/6187",0.0702812841717392
"R-HSA-159234","Transport of Mature mRNAs Derived from Intronless Transcripts",26,-0.279324973257347,-0.92085524394208,0.591182364729459,0.906632914119516,0.906632914119516,432,"tags=19%, list=10%, signal=17%","10762/7884/57122/4928/9818",0.0706196247122591
"R-HSA-2453902","The canonical retinoid cycle in rods (twilight vision)",1,-0.69435446552522,-0.918380876568301,0.62,0.921514598540146,0.921514598540146,1323,"tags=100%, list=31%, signal=69%","51109",0.0681513438679483
"R-HSA-73780","RNA Polymerase III Chain Elongation",9,0.378641977739513,0.91798393615319,0.558712121212121,0.881920586680761,0.881920586680761,1464,"tags=56%, list=34%, signal=37%","5435/5441/5440/51728/5434",0.0706196247122591
"R-HSA-2173796","SMAD2/SMAD3:SMAD4 heterotrimer regulates transcription",17,0.311130787263147,0.917887993594964,0.552380952380952,0.87702589807853,0.87702589807853,1108,"tags=41%, list=26%, signal=31%","5045/892/2033/1874/5933/8812/1025",0.0714786287425507
"R-HSA-9931510","Phosphorylated BMAL1:CLOCK (ARNTL:CLOCK) activates expression of core clock genes",6,0.434103482792485,0.916344925666433,0.592,0.906632914119516,0.906632914119516,13,"tags=17%, list=0%, signal=17%","1390",0.0704500850658419
"R-HSA-9013508","NOTCH3 Intracellular Domain Regulates Transcription",6,0.433912503183483,0.915941788620655,0.592,0.906632914119516,0.906632914119516,655,"tags=33%, list=15%, signal=28%","6772/2033",0.0704500850658419
"R-HSA-512988","Interleukin-3, Interleukin-5 and GM-CSF signaling",19,0.298584372424167,0.915418814725866,0.569789674952199,0.892487865862627,0.892487865862627,362,"tags=16%, list=8%, signal=15%","3560/3561/5293",0.070113215764256
"R-HSA-5357801","Programmed Cell Death",118,-0.204734255579623,-0.913651689786468,0.658486707566462,0.93929496201906,0.93929496201906,955,"tags=30%, list=22%, signal=24%","140735/8473/22900/5594/10273/7534/841/25978/3146/7314/118/10059/6774/4976/5534/6709/10015/6386/7027/6093/5062/8717/836/1869/10971/208/4001/26060/22985/23604/1029/7431/3148/8837/7533",0.0662842187012672
"R-HSA-391251","Protein folding",51,0.235680105596846,0.913097115174562,0.594488188976378,0.906810724289716,0.906810724289716,1848,"tags=55%, list=43%, signal=32%","22948/60/5202/2793/10574/54331/10528/10576/26190/26270/1155/1460/7203/5204/5201/6903/908/402/26234/7846/6902/6950/10471/7157/26272/10376/5203/10694",0.0694481442003175
"R-HSA-9855142","Cellular responses to mechanical stimuli",40,-0.250075542510636,-0.911813141580616,0.600418410041841,0.908847676293799,0.908847676293799,960,"tags=35%, list=22%, signal=27%","2778/5586/5770/5576/10681/808/5567/5515/8517/7094/253260/3551/79109/4792",0.072003313661988
"R-HSA-9860931","Response of endothelial cells to shear stress",40,-0.250075542510636,-0.911813141580616,0.600418410041841,0.908847676293799,0.908847676293799,960,"tags=35%, list=22%, signal=27%","2778/5586/5770/5576/10681/808/5567/5515/8517/7094/253260/3551/79109/4792",0.072003313661988
"R-HSA-9796292","Formation of axial mesoderm",2,0.59871370721495,0.911523375479965,0.630560928433269,0.928881621678776,0.928881621678776,660,"tags=50%, list=15%, signal=42%","1499",0.065681360193401
"R-HSA-156827","L13a-mediated translational silencing of Ceruloplasmin expression",100,-0.209152417843105,-0.911172475618805,0.678861788617886,0.952511501859205,0.952511501859205,1549,"tags=46%, list=36%, signal=30%","6170/6188/8667/6217/51065/2197/6141/6173/6235/6234/6147/6154/6201/6155/23521/6181/6158/6227/6202/6169/6210/6230/6218/7311/7458/6125/6224/6191/9045/1968/6146/3646/1981/8664/1964/6152/1977/1974/6168/6130/6167/1975/6205/6137/8665/6187",0.0645031249656493
"R-HSA-71403","Citric acid cycle (TCA cycle)",24,0.284076959656766,0.909057056630144,0.555343511450382,0.880014183027891,0.880014183027891,1445,"tags=42%, list=33%, signal=28%","57001/4191/54949/1738/50/8801/1743/3420/6391/3419",0.0713052987340038
"R-HSA-9660821","ADORA2B mediated anti-inflammatory cytokines production",14,0.319139084255506,0.908302967035268,0.571142284569138,0.893747148475626,0.893747148475626,578,"tags=29%, list=13%, signal=25%","2773/2793/54331/5613",0.0723570851036907
"R-HSA-9008059","Interleukin-37 signaling",11,-0.345530205244716,-0.907352457751509,0.563894523326572,0.886664264960411,0.886664264960411,963,"tags=36%, list=22%, signal=28%","5781/5775/6774/26469",0.0736212741014394
"R-HSA-1834949","Cytosolic sensors of pathogen-associated DNA",32,-0.258080333041917,-0.907120901947853,0.605485232067511,0.911585437188516,0.911585437188516,1127,"tags=38%, list=26%, signal=28%","1660/5437/5591/7311/7314/4793/3428/81844/8517/3551/9208/4792",0.072003313661988
"R-HSA-168643","Nucleotide-binding domain, leucine rich repeat containing receptor (NLR) signaling pathways",26,0.271134174047308,0.906450870118825,0.604373757455268,0.910753793612056,0.910753793612056,429,"tags=23%, list=10%, signal=21%","9051/5970/3654/3326/7295/83737",0.069119845655101
"R-HSA-1234158","Regulation of gene expression by Hypoxia-inducible Factor",5,-0.444507099534501,-0.906014957281271,0.577405857740586,0.897513494522342,0.897513494522342,24,"tags=20%, list=1%, signal=20%","10370",0.0739901439101341
"R-HSA-167238","Pausing and recovery of Tat-mediated HIV elongation",21,0.293093158421203,0.905966613211043,0.602766798418972,0.910015861561173,0.910015861561173,1728,"tags=62%, list=40%, signal=37%","5432/5435/51497/5441/1025/5430/5440/5434/11198/6827/6749/5436/5438",0.0689567351672811
"R-HSA-167243","Tat-mediated HIV elongation arrest and recovery",21,0.293093158421203,0.905966613211043,0.602766798418972,0.910015861561173,0.910015861561173,1728,"tags=62%, list=40%, signal=37%","5432/5435/51497/5441/1025/5430/5440/5434/11198/6827/6749/5436/5438",0.0689567351672811
"R-HSA-9958790","SLC-mediated transport of inorganic anions",2,-0.589618599490054,-0.90584383733376,0.65979381443299,0.940336066239143,0.940336066239143,132,"tags=50%, list=3%, signal=48%","9497",0.0665892104103933
"R-HSA-1362277","Transcription of E2F targets under negative control by DREAM complex",12,-0.338531656616089,-0.904089832875598,0.600877192982456,0.908847676293799,0.908847676293799,542,"tags=25%, list=13%, signal=22%","7027/1869/7153",0.0743625384422526
"R-HSA-211897","Cytochrome P450 - arranged by substrate type",3,0.525694444444444,0.903586444866615,0.631679389312977,0.928881621678776,0.928881621678776,2052,"tags=100%, list=47%, signal=53%","2230/8648/2232",0.0649407684612899
"R-HSA-211976","Endogenous sterols",3,0.525694444444444,0.903586444866615,0.631679389312977,0.928881621678776,0.928881621678776,2052,"tags=100%, list=47%, signal=53%","2230/8648/2232",0.0649407684612899
"R-HSA-9833482","PKR-mediated signaling",34,-0.256869313986912,-0.903523897390205,0.622448979591837,0.923469387755102,0.923469387755102,1127,"tags=38%, list=26%, signal=28%","1660/2175/983/1968/6774/5610/10383/5515/8517/5525/3609/3551/199990",0.0689567351672811
"R-HSA-6804759","Regulation of TP53 Activity through Association with Co-factors",4,-0.475784840294989,-0.902078830929291,0.583682008368201,0.902961055680721,0.902961055680721,296,"tags=25%, list=7%, signal=23%","208",0.0734381410838857
"R-HSA-983169","Class I MHC mediated antigen processing & presentation",170,0.186960910575143,0.90176231779558,0.726235741444867,0.973749027741768,0.973749027741768,1117,"tags=33%, list=26%, signal=25%","4689/246184/5689/5699/26263/7332/5721/5719/6810/51444/51752/5688/7336/6396/5684/9246/51128/83737/5707/57674/10393/5683/5691/51433/5704/8678/51665/5709/23480/821/5720/5701/10213/811/26190/26270/8673/5685/653361/80196/7334/9978/3093/84937/22872/7317/8925/8453/5714/29945/5687/9040/11047/1520/7174/5698",0.0580983576873206
"R-HSA-9670095","Inhibition of DNA recombination at telomere",17,0.305643782069098,0.901700408198117,0.59047619047619,0.906632914119516,0.906632914119516,1178,"tags=47%, list=27%, signal=34%","5432/5435/1616/65057/5441/7013/5430/5440",0.0681513438679483
"R-HSA-390466","Chaperonin-mediated protein folding",46,0.236413123295268,0.901677928221867,0.64638783269962,0.935138347662238,0.935138347662238,825,"tags=22%, list=19%, signal=18%","22948/60/5202/2793/10574/54331/10528/10576/26190/26270",0.0636424081651019
"R-HSA-8866904","Negative regulation of activity of TFAP2 (AP-2) family transcription factors",2,0.592224022217079,0.901643027821687,0.640232108317215,0.932860558540915,0.932860558540915,1764,"tags=100%, list=41%, signal=59%","7341/7329",0.0649407684612899
"R-HSA-5173105","O-linked glycosylation",8,-0.377388777345963,-0.90130251346591,0.597560975609756,0.908047415362213,0.908047415362213,145,"tags=12%, list=3%, signal=12%","10417",0.0707899094502623
"R-HSA-422356","Regulation of insulin secretion",19,-0.291638268216906,-0.901287945855509,0.582463465553236,0.901932495614279,0.901932495614279,1328,"tags=53%, list=31%, signal=37%","3710/2783/10768/8826/6844/2778/5576/10681/5567/2771",0.0734381410838857
"R-HSA-5576891","Cardiac conduction",19,0.293893419439193,0.901036994985684,0.592734225621415,0.906632914119516,0.906632914119516,325,"tags=16%, list=8%, signal=15%","490/488/80228",0.0681513438679483
"R-HSA-9013406","RHOQ GTPase cycle",22,-0.285733796865961,-0.900421819049055,0.613821138211382,0.9168314921125,0.9168314921125,1133,"tags=36%, list=26%, signal=27%","8826/57120/55004/6510/5062/54438/23048/9497",0.0694481442003175
"R-HSA-432040","Vasopressin regulates renal water homeostasis via Aquaporins",13,0.327316717003093,0.899892102292782,0.596190476190476,0.906810724289716,0.906810724289716,993,"tags=38%, list=23%, signal=30%","2793/54331/8766/5575/360",0.0676760401641789
"R-HSA-445717","Aquaporin-mediated transport",13,0.327316717003093,0.899892102292782,0.596190476190476,0.906810724289716,0.906810724289716,993,"tags=38%, list=23%, signal=30%","2793/54331/8766/5575/360",0.0676760401641789
"R-HSA-2129379","Molecules associated with elastic fibres",2,0.591028590436063,0.89982301936179,0.642166344294004,0.934008013263332,0.934008013263332,1044,"tags=50%, list=24%, signal=38%","3688",0.0647943366000727
"R-HSA-3000178","ECM proteoglycans",2,0.591028590436063,0.89982301936179,0.642166344294004,0.934008013263332,0.934008013263332,1044,"tags=50%, list=24%, signal=38%","3688",0.0647943366000727
"R-HSA-1296072","Voltage gated Potassium channels",1,-0.680240629338269,-0.899713354585406,0.644,0.935005347593583,0.935005347593583,1384,"tags=100%, list=32%, signal=68%","8514",0.0662842187012672
"R-HSA-2564830","Cytosolic iron-sulfur cluster assembly",3,0.523080583803603,0.899093627663019,0.633587786259542,0.929814932712783,0.929814932712783,1333,"tags=67%, list=31%, signal=46%","10101/9391",0.0647943366000727
"R-HSA-73886","Chromosome Maintenance",68,-0.217729283197284,-0.89862780882291,0.672690763052209,0.949578208849262,0.949578208849262,516,"tags=13%, list=12%, signal=12%","79075/54921/55166/8467/55320/890/54386/23243/80119",0.064358336791736
"R-HSA-4641263","Regulation of FZD by ubiquitination",5,-0.440125984342879,-0.89708516538967,0.589958158995816,0.906632914119516,0.906632914119516,1069,"tags=40%, list=25%, signal=30%","7311/7314",0.0728938564822936
"R-HSA-72649","Translation initiation complex formation",56,-0.22463248106234,-0.896536482194868,0.653919694072658,0.938160320597035,0.938160320597035,1546,"tags=48%, list=36%, signal=31%","6188/8667/6217/51065/2197/6235/6234/6201/6227/6202/6210/6230/6218/7458/6224/6191/1968/3646/1981/8664/1964/1977/1974/1975/6205/8665/6187",0.0633597010643758
"R-HSA-1980143","Signaling by NOTCH1",30,0.259845741477078,0.895300320011161,0.617821782178218,0.919955834705957,0.919955834705957,903,"tags=27%, list=21%, signal=21%","83737/892/5663/3091/2033/3066/7090/9978",0.0678338263479455
"R-HSA-1461973","Defensins",2,0.587611093255994,0.894619984041685,0.64990328820116,0.937306376171867,0.937306376171867,160,"tags=50%, list=4%, signal=48%","1235",0.0642140881844605
"R-HSA-9918481","Dengue Virus-Host Interactions",158,-0.189606030809956,-0.894168516707987,0.755741127348643,0.990553797927612,0.990553797927611,762,"tags=20%, list=18%, signal=17%","4793/6430/6429/10291/23168/9295/9416/3184/220988/11325/84991/22826/10015/51585/253260/2962/1994/11338/2963/3178/54883/988/79109/11052/5094/4904/3191/11100/51362/27316/7431/4792",0.060640400949416
"R-HSA-9932444","ATP-dependent chromatin remodelers",78,-0.211499752470837,-0.893627866796665,0.698717948717949,0.96763676495901,0.96763676495901,908,"tags=29%, list=21%, signal=24%","86/57492/1106/4780/196528/54623/6603/64919/10291/23168/6597/11325/84991/8932/6941/10664/22806/10320/8289/55193/9274/10951/29117",0.0655321029282414
"R-HSA-198725","Nuclear Events (kinase and transcription factor activation)",22,-0.28232845946748,-0.889690711534134,0.634146341463415,0.929814932712783,0.929814932712783,1067,"tags=36%, list=25%, signal=28%","9252/1386/5594/5978/5515/3726/2353/2354",0.0678338263479455
"R-HSA-111471","Apoptotic factor-mediated response",12,-0.332917779385684,-0.889097293100281,0.614035087719298,0.9168314921125,0.9168314921125,904,"tags=33%, list=21%, signal=26%","22900/5594/836/1029",0.0732558655828455
"R-HSA-5218859","Regulated Necrosis",41,0.244183286828521,0.888820432285034,0.654580152671756,0.938160320597035,0.938160320597035,860,"tags=29%, list=20%, signal=24%","3002/7332/83737/2319/29082/10211/3320/3659/355/578/79643/54205",0.0632191170859458
"R-HSA-9679191","Potential therapeutics for SARS",50,0.228824478752572,0.888804595950581,0.648,0.935808510638298,0.935808510638298,1044,"tags=28%, list=24%, signal=21%","5045/3615/54815/3326/1312/1175/3320/3066/5926/5928/2280/9978/1173/3688",0.065981614400873
"R-HSA-9613829","Chaperone Mediated Autophagy",15,0.311112378110772,0.888379924260132,0.608080808080808,0.91380409258638,0.91380409258638,817,"tags=33%, list=19%, signal=27%","3920/3043/3326/3320/11315",0.0696133438850965
"R-HSA-5693538","Homology Directed Repair",64,0.221190477079187,0.888272332690161,0.654275092936803,0.938160320597035,0.938160320597035,498,"tags=12%, list=12%, signal=11%","51720/5982/2237/5984/7336/6118/5883/641",0.0619762736001998
"R-HSA-9933947","Formation of the non-canonical BAF (ncBAF) complex",10,-0.353386928720908,-0.886573945561221,0.592668024439919,0.906632914119516,0.906632914119516,1271,"tags=60%, list=29%, signal=42%","9275/6760/86/6603/6597/9274",0.0713052987340038
"R-HSA-9700645","ALK mutants bind TKIs",6,0.41995518970966,0.886479427951721,0.612,0.9168314921125,0.9168314921125,1759,"tags=67%, list=41%, signal=40%","1213/27436/5495/57448",0.0687943095604775
"R-HSA-9819196","Zygotic genome activation (ZGA)",3,0.515105192555964,0.885385178772161,0.650763358778626,0.937306376171867,0.937306376171867,655,"tags=33%, list=15%, signal=28%","2033",0.0635007968065945
"R-HSA-1650814","Collagen biosynthesis and modifying enzymes",3,0.514541538262686,0.884416345290318,0.650763358778626,0.937306376171867,0.937306376171867,1502,"tags=67%, list=35%, signal=44%","5479/79709",0.0635007968065945
"R-HSA-9843970","Regulation of endogenous retroelements by the Human Silencing Hub (HUSH) complex",7,-0.390639481000927,-0.884116112688199,0.604373757455268,0.910753793612056,0.910753793612056,2638,"tags=100%, list=61%, signal=39%","54737/55729/55596/79813/10179/10919/51535",0.069119845655101
"R-HSA-5621575","CD209 (DC-SIGN) signaling",12,0.328712034570254,0.883828616660383,0.613553113553114,0.9168314921125,0.9168314921125,181,"tags=17%, list=4%, signal=16%","5970/3384",0.064358336791736
"R-HSA-1483213","Synthesis of PE",4,0.470785778204833,0.883629745816998,0.629770992366412,0.928881621678776,0.928881621678776,1143,"tags=50%, list=26%, signal=37%","23175/10390",0.0650877566917313
"R-HSA-446652","Interleukin-1 family signaling",72,0.211018082605878,0.883294906618801,0.657894736842105,0.93929496201906,0.93929496201906,1056,"tags=32%, list=24%, signal=25%","8807/5689/5970/5719/5688/3654/5684/5707/5683/5691/5704/5709/5780/121457/5701/10213/84166/5685/7334/9978/5714/5687/11047",0.0658311958368866
"R-HSA-399956","CRMPs in Sema3A signaling",2,-0.573709789400602,-0.881402787490171,0.680412371134021,0.953865535780826,0.953865535780826,1845,"tags=100%, list=43%, signal=57%","2534/1808",0.0650877566917313
"R-HSA-9024446","NR1H2 and NR1H3-mediated signaling",12,-0.33002793019235,-0.881379600461569,0.625,0.925568181818182,0.925568181818182,489,"tags=17%, list=11%, signal=15%","23112/10123",0.0723570851036907
"R-HSA-9029569","NR1H3 & NR1H2 regulate gene expression linked to cholesterol transport and efflux",12,-0.33002793019235,-0.881379600461569,0.625,0.925568181818182,0.925568181818182,489,"tags=17%, list=11%, signal=15%","23112/10123",0.0723570851036907
"R-HSA-446203","Asparagine N-linked glycosylation",136,0.191551223088329,0.880336296327138,0.766859344894027,0.990553797927612,0.990553797927611,1090,"tags=28%, list=25%, signal=22%","1650/22870/3703/30815/6396/1603/1778/8818/81876/51128/10960/58505/79090/54732/8813/29880/83548/6184/821/6185/830/2683/811/3098/11196/10972/51399/832/100128731/22820/1453/22872/11320/1075/2530/55860/5476/55741",0.0561766586307176
"R-HSA-157579","Telomere Maintenance",51,-0.227969918429487,-0.877735909356078,0.688259109311741,0.959088185687618,0.959088185687618,106,"tags=8%, list=2%, signal=8%","890/54386/23243/80119",0.0636424081651019
"R-HSA-6783310","Fanconi Anemia Pathway",17,-0.297526675788887,-0.876505010189519,0.631027253668763,0.928881621678776,0.928881621678776,1272,"tags=35%, list=29%, signal=25%","55215/2175/7311/7314/199990/80198",0.0696133438850965
"R-HSA-202424","Downstream TCR signaling",60,0.22397187182654,0.875784768470621,0.711538461538462,0.96763676495901,0.96763676495901,1056,"tags=35%, list=24%, signal=27%","5689/5970/5719/5688/5684/5707/5683/5691/5704/3119/5709/915/5701/10213/919/5685/7334/3932/5714/5687/11047",0.0596037042575973
"R-HSA-419037","NCAM1 interactions",2,-0.569095868187565,-0.874314320300724,0.68659793814433,0.957970112079701,0.957970112079701,242,"tags=50%, list=6%, signal=47%","7903",0.0646484568421928
"R-HSA-3000480","Scavenging by Class A Receptors",4,-0.461025253856864,-0.874094941255866,0.600418410041841,0.908847676293799,0.908847676293799,102,"tags=25%, list=2%, signal=24%","2495",0.072003313661988
"R-HSA-196071","Metabolism of steroid hormones",7,-0.386203060309531,-0.874075368711486,0.622266401590457,0.923469387755102,0.923469387755102,117,"tags=14%, list=3%, signal=14%","51170",0.0676760401641789
"R-HSA-9926550","Regulation of MITF-M-dependent genes involved in extracellular matrix, focal adhesion and epithelial-to-mesenchymal transition",1,-0.660805182785747,-0.874007258740109,0.71,0.96763676495901,0.96763676495901,1468,"tags=100%, list=34%, signal=66%","201595",0.0615706755421678
"R-HSA-73621","Pyrimidine catabolism",4,0.465639856133665,0.873971234404271,0.643129770992366,0.934574841165535,0.934574841165535,152,"tags=25%, list=4%, signal=24%","7378",0.0640703750499722
"R-HSA-167152","Formation of HIV elongation complex in the absence of HIV Tat",26,0.26138390989056,0.87385396321903,0.646123260437376,0.935138347662238,0.935138347662238,1620,"tags=54%, list=37%, signal=34%","5432/5435/51497/5441/8812/1025/5430/5440/22916/5434/11198/6827/6749/5436",0.0658311958368866
"R-HSA-9845323","Regulation of endogenous retroelements by Piwi-interacting RNAs (piRNAs)",22,0.275350437415758,0.872339652188939,0.662745098039216,0.940735866419219,0.940735866419219,749,"tags=27%, list=17%, signal=23%","1788/60/54815/3066/6605/5928",0.0639271933359996
"R-HSA-983705","Signaling by the B Cell Receptor (BCR)",69,0.212743574414875,0.870791025872497,0.73062015503876,0.974963897179166,0.974963897179166,870,"tags=26%, list=20%, signal=21%","5689/5970/5719/5688/80228/5684/5293/5707/5683/5691/5704/5709/5966/5701/10213/2280/5685/5530",0.0587185879555941
"R-HSA-9839923","Dengue Virus Infection",230,0.175188879487914,0.869682838246251,0.83300198807157,0.993050475493782,0.993050475493782,1021,"tags=26%, list=24%, signal=21%","5045/10189/1650/317649/4061/10262/10286/51593/22827/3703/10921/1603/8818/6632/1479/1973/3326/3185/84844/10084/58505/5611/3836/8813/6993/8678/9789/6184/1175/3320/1499/5432/7251/821/5435/1616/3183/6185/9641/27339/9410/55666/10294/811/23350/8241/6635/6628/100128731/55763/81608/5441/3188/1173/90701/7317/6428/7341/10946",0.05378728077603
"R-HSA-194138","Signaling by VEGF",44,-0.228101533303226,-0.869382170879484,0.664556962025316,0.940735866419219,0.940735866419219,760,"tags=25%, list=18%, signal=21%","808/5567/9844/5295/6093/253260/5062/5579/79109/208/5879",0.0673623868166279
"R-HSA-187037","Signaling by NTRK1 (TRKA)",43,-0.228799129449586,-0.868902558519638,0.681720430107527,0.954057199866977,0.954057199866977,1067,"tags=30%, list=25%, signal=23%","9252/1386/163/5594/5978/6774/2885/5515/5604/5295/3726/2353/2354",0.0670512579829467
"R-HSA-68616","Assembly of the ORC complex at the origin of replication",4,0.462276172771061,0.86765785194391,0.652671755725191,0.938160320597035,0.938160320597035,441,"tags=25%, list=10%, signal=22%","3836",0.0633597010643758
"R-HSA-4420097","VEGFA-VEGFR2 Pathway",43,-0.228461648108498,-0.867620917276382,0.681720430107527,0.954057199866977,0.954057199866977,760,"tags=26%, list=18%, signal=21%","808/5567/9844/5295/6093/253260/5062/5579/79109/208/5879",0.0670512579829467
"R-HSA-1660499","Synthesis of PIPs at the plasma membrane",11,0.334486083298694,0.867288468481871,0.630648330058939,0.928881621678776,0.928881621678776,362,"tags=27%, list=8%, signal=25%","3631/5868/5293",0.066436413766281
"R-HSA-159227","Transport of the SLBP independent Mature mRNA",21,-0.271933023592534,-0.866831403029437,0.67741935483871,0.952459964539343,0.952459964539343,432,"tags=19%, list=10%, signal=17%","10762/57122/4928/9818",0.0642140881844605
"R-HSA-9027284","Erythropoietin activates RAS",3,-0.50513057221664,-0.866058009839321,0.631799163179916,0.928881621678776,0.928881621678776,617,"tags=33%, list=14%, signal=29%","2885",0.0694481442003175
"R-HSA-111461","Cytochrome c-mediated apoptotic response",7,-0.382407123226597,-0.865484201405066,0.646123260437376,0.935138347662238,0.935138347662238,1231,"tags=57%, list=28%, signal=41%","331/22900/5594/836",0.0658311958368866
"R-HSA-163685","Integration of energy metabolism",26,-0.261528331280313,-0.862184760963057,0.677354709418838,0.952459964539343,0.952459964539343,1328,"tags=46%, list=31%, signal=32%","3710/2783/10768/8826/6844/2778/5576/10681/5567/5515/7086/2771",0.0639271933359996
"R-HSA-2173795","Downregulation of SMAD2/3:SMAD4 transcriptional activity",16,0.299965606673524,0.861360324067689,0.639691714836224,0.932860558540915,0.932860558540915,447,"tags=19%, list=10%, signal=17%","6498/6772/51592",0.0647943366000727
"R-HSA-2032785","YAP1- and WWTR1 (TAZ)-stimulated gene expression",1,0.648542341508561,0.861133544400435,0.719123505976096,0.972966936241744,0.972966936241744,1520,"tags=100%, list=35%, signal=65%","28996",0.0607719451853533
"R-HSA-5578768","Physiological factors",1,0.648542341508561,0.861133544400435,0.719123505976096,0.972966936241744,0.972966936241744,1520,"tags=100%, list=35%, signal=65%","28996",0.0607719451853533
"R-HSA-416482","G alpha (12/13) signalling events",20,-0.275768535080017,-0.860487725570751,0.633196721311475,0.929814932712783,0.929814932712783,555,"tags=20%, list=13%, signal=18%","9138/6093/89846/11214",0.0683110858318647
"R-HSA-73614","Pyrimidine salvage",5,0.421719665462784,0.86005299361432,0.639312977099237,0.932860558540915,0.932860558540915,298,"tags=40%, list=7%, signal=37%","7378/7083",0.064358336791736
"R-HSA-2454202","Fc epsilon receptor (FCERI) signaling",76,0.208890697784574,0.859467677990597,0.736030828516378,0.980063992124046,0.980063992124046,881,"tags=25%, list=20%, signal=20%","2207/5689/5970/5719/7462/5688/27040/5684/5707/5683/5691/5704/9402/5709/5701/10213/5685/5530/7334",0.0580983576873206
"R-HSA-3232118","SUMOylation of transcription factors",10,-0.342544339452081,-0.859372155209334,0.639511201629328,0.932860558540915,0.932860558540915,610,"tags=30%, list=14%, signal=26%","8554/6670/1029",0.0675188953767744
"R-HSA-975956","Nonsense Mediated Decay (NMD) independent of the Exon Junction Complex (EJC)",82,-0.202134698104303,-0.85683443846805,0.747916666666667,0.988127800084699,0.988127800084699,1549,"tags=45%, list=36%, signal=30%","6170/6188/6217/51065/2197/2935/6141/6173/6235/6234/6147/6154/6201/6155/23521/6181/6158/6227/6202/6169/6210/6230/6218/7311/6125/6224/6191/9045/6146/1981/6152/6168/6130/6167/6205/6137/6187",0.0610363728309177
"R-HSA-164940","Nef mediated downregulation of MHC class I complex cell surface expression",7,-0.378563640907047,-0.856785427182757,0.656063618290258,0.939127973809166,0.939127973809166,1393,"tags=57%, list=32%, signal=39%","162/55690/3105/8905",0.0650877566917313
"R-HSA-9648002","RAS processing",15,-0.297390018042482,-0.85592240645187,0.664694280078895,0.940735866419219,0.940735866419219,772,"tags=27%, list=18%, signal=22%","7314/808/81926/23463",0.0640703750499722
"R-HSA-174437","Removal of the Flap Intermediate from the C-strand",14,0.300717340553907,0.855872771902135,0.667334669338677,0.943652930861723,0.943652930861723,1034,"tags=36%, list=24%, signal=27%","2237/6118/65057/7013/5425",0.0646484568421928
"R-HSA-453279","Mitotic G1 phase and G1/S transition",102,-0.192624071676534,-0.855372123300179,0.79559118236473,0.990553797927612,0.990553797927611,386,"tags=13%, list=9%, signal=12%","6241/1869/1032/81620/208/1031/1027/7298/1163/891/1029/890/7153",0.0562940749700968
"R-HSA-8851805","MET activates RAS signaling",2,-0.554043909097516,-0.851189669224057,0.709278350515464,0.96763676495901,0.96763676495901,617,"tags=50%, list=14%, signal=43%","2885",0.0630790410571939
"R-HSA-1250347","SHC1 events in ERBB4 signaling",2,-0.554043909097516,-0.851189669224057,0.709278350515464,0.96763676495901,0.96763676495901,617,"tags=50%, list=14%, signal=43%","2885",0.0630790410571939
"R-HSA-1963640","GRB2 events in ERBB2 signaling",2,-0.554043909097516,-0.851189669224057,0.709278350515464,0.96763676495901,0.96763676495901,617,"tags=50%, list=14%, signal=43%","2885",0.0630790410571939
"R-HSA-5654719","SHC-mediated cascade:FGFR4",2,-0.554043909097516,-0.851189669224057,0.709278350515464,0.96763676495901,0.96763676495901,617,"tags=50%, list=14%, signal=43%","2885",0.0630790410571939
"R-HSA-179812","GRB2 events in EGFR signaling",2,-0.554043909097516,-0.851189669224057,0.709278350515464,0.96763676495901,0.96763676495901,617,"tags=50%, list=14%, signal=43%","2885",0.0630790410571939
"R-HSA-180336","SHC1 events in EGFR signaling",2,-0.554043909097516,-0.851189669224057,0.709278350515464,0.96763676495901,0.96763676495901,617,"tags=50%, list=14%, signal=43%","2885",0.0630790410571939
"R-HSA-5654688","SHC-mediated cascade:FGFR1",2,-0.554043909097516,-0.851189669224057,0.709278350515464,0.96763676495901,0.96763676495901,617,"tags=50%, list=14%, signal=43%","2885",0.0630790410571939
"R-HSA-5654699","SHC-mediated cascade:FGFR2",2,-0.554043909097516,-0.851189669224057,0.709278350515464,0.96763676495901,0.96763676495901,617,"tags=50%, list=14%, signal=43%","2885",0.0630790410571939
"R-HSA-5654704","SHC-mediated cascade:FGFR3",2,-0.554043909097516,-0.851189669224057,0.709278350515464,0.96763676495901,0.96763676495901,617,"tags=50%, list=14%, signal=43%","2885",0.0630790410571939
"R-HSA-9954714","PELO:HBS1L and ABCE1 dissociate a ribosome on a non-stop mRNA",79,-0.200310605909027,-0.850829603271268,0.797494780793319,0.990553797927612,0.990553797927611,1549,"tags=44%, list=36%, signal=29%","6170/6188/6217/51065/2197/6141/6173/6235/6234/6147/6154/6201/6155/23521/6181/6158/6227/6202/6169/6210/6230/6218/7311/6125/6224/6191/9045/6146/6152/6168/6130/6167/6205/6137/6187",0.0580983576873206
"R-HSA-198323","AKT phosphorylates targets in the cytosol",6,-0.396355818615819,-0.849974743943828,0.639442231075697,0.932860558540915,0.932860558540915,296,"tags=33%, list=7%, signal=31%","208/1027",0.066436413766281
"R-HSA-9917777","Epigenetic regulation by WDR5-containing histone modifying complexes",37,-0.233644110509279,-0.849844362196843,0.696787148594378,0.966836682334106,0.966836682334106,1515,"tags=49%, list=35%, signal=32%","80335/10474/51105/259282/10445/58508/5469/84246/2874/9611/60481/123/8473/90390/9440/1810/4297/11168",0.0626618230932491
"R-HSA-5663084","Diseases of carbohydrate metabolism",11,0.327547131251198,0.849296470026235,0.658153241650295,0.93929496201906,0.93929496201906,30,"tags=9%, list=1%, signal=9%","2992",0.064358336791736
"R-HSA-9609736","Assembly and cell surface presentation of NMDA receptors",8,-0.35550405561993,-0.849036108415681,0.66260162601626,0.940735866419219,0.940735866419219,2790,"tags=100%, list=65%, signal=36%","7846/818/1739/10376/84790/7277/1741/10383",0.065681360193401
"R-HSA-69242","S Phase",117,0.188015250368992,0.848004495403927,0.806387225548902,0.991915102125026,0.991915102125026,1056,"tags=29%, list=24%, signal=23%","246184/5689/5982/5719/2237/5984/4149/5688/6118/5684/5707/10393/5683/5691/51659/51433/5704/5709/8318/54107/5928/5983/1874/5701/10213/5685/9978/1019/23649/5714/5425/29945/5687/11047",0.0554793308704233
"R-HSA-9646399","Aggrephagy",21,-0.26594777859798,-0.847752446573313,0.69758064516129,0.967113932738504,0.967113932738504,1069,"tags=29%, list=25%, signal=22%","7311/140735/7314/10383/5116/7431",0.0628003977812234
"R-HSA-1855204","Synthesis of IP3 and IP4 in the cytosol",5,-0.415709977456385,-0.847319329344729,0.654811715481172,0.938160320597035,0.938160320597035,1390,"tags=60%, list=32%, signal=41%","3635/805/808",0.0676760401641789
"R-HSA-390247","Beta-oxidation of very long chain fatty acids",1,-0.63905599259602,-0.845240913389419,0.738,0.981115906415842,0.981115906415842,1562,"tags=100%, list=36%, signal=64%","10455",0.0597317976364411
"R-HSA-9943962","CHD6, CHD7, CHD8, CHD9 subfamily",7,0.378177198144491,0.84458101773627,0.657314629258517,0.93929496201906,0.93929496201906,737,"tags=43%, list=17%, signal=36%","2033/1499/80205",0.0653834195468773
"R-HSA-162909","Host Interactions of HIV factors",92,0.194262099864813,0.8444934415549,0.786792452830189,0.990553797927612,0.990553797927611,1536,"tags=47%, list=36%, signal=31%","51606/5689/5719/5688/6396/5684/3836/5707/5683/5691/5704/5709/1175/5701/10213/9972/919/5685/9978/1173/23511/3932/23279/5714/5687/11047/1104/1025/375/5690/5700/1174/8480/9861/23636/5686/567/8815/5702/292/5692/5694/60489",0.0540088272801684
"R-HSA-2028269","Signaling by Hippo",5,-0.414102235260883,-0.844042354740494,0.654811715481172,0.938160320597035,0.938160320597035,411,"tags=20%, list=10%, signal=18%","836",0.0676760401641789
"R-HSA-69206","G1/S Transition",93,0.198152803336113,0.842642507807848,0.801147227533461,0.990940648179201,0.990940648179201,1511,"tags=44%, list=35%, signal=29%","5689/5719/4149/5688/7083/6118/5684/5707/5683/5691/5704/5709/8318/54107/5928/1874/5701/10213/5933/5685/1019/23649/5714/5687/11047/207/1026/4176/5690/4172/5518/5700/51053/56655/9861/1017/4171/5686/5702/5692/5694",0.05378728077603
"R-HSA-69183","Processive synthesis on the lagging strand",15,0.294555454498049,0.841101707191522,0.678787878787879,0.952511501859205,0.952511501859205,1034,"tags=27%, list=24%, signal=20%","2237/6118/23649/5425",0.0642140881844605
"R-HSA-6783783","Interleukin-10 signaling",11,0.323984731145501,0.840059528084376,0.673870333988212,0.949969696756144,0.949969696756143,326,"tags=18%, list=8%, signal=17%","7076/3588",0.0632191170859458
"R-HSA-9970672","FXIIa activates plasma kallikrein-kinin system",1,-0.634891254049051,-0.839732464279712,0.748,0.988127800084699,0.988127800084699,1580,"tags=100%, list=37%, signal=63%","708",0.0590954798717342
"R-HSA-76071","RNA Polymerase III Transcription Initiation From Type 3 Promoter",12,0.312132247889714,0.839249506724407,0.663003663003663,0.940735866419219,0.940735866419219,1464,"tags=50%, list=34%, signal=33%","10302/5435/5441/5440/51728/5434",0.060640400949416
"R-HSA-192823","Viral mRNA Translation",79,-0.197554111932527,-0.83912125330247,0.81419624217119,0.993044061008793,0.993044061008793,1549,"tags=46%, list=36%, signal=30%","6170/6188/6217/51065/2197/6141/6173/6235/6234/6147/6154/6201/6155/23521/2926/6181/6158/6227/6202/6169/6210/6230/6218/7311/6125/6224/6191/9045/6146/6152/6168/6130/6167/6205/6137/6187",0.0571258510018113
"R-HSA-1793185","Chondroitin sulfate/dermatan sulfate metabolism",8,-0.351275995003189,-0.838938400455854,0.684959349593496,0.956945780864327,0.956945780864327,463,"tags=25%, list=11%, signal=22%","3423/50515",0.0640703750499722
"R-HSA-9609646","HCMV Infection",56,-0.21019056845458,-0.838896992730592,0.762906309751434,0.990553797927612,0.990553797927611,432,"tags=12%, list=10%, signal=11%","10762/8726/57122/10951/4928/9818/2146",0.0560595875032335
"R-HSA-200425","Carnitine shuttle",1,0.631652012956964,0.838706591585154,0.750996015936255,0.990553797927612,0.990553797927611,1593,"tags=100%, list=37%, signal=63%","788",0.0587185879555941
"R-HSA-877312","Regulation of IFNG signaling",10,-0.333790661680214,-0.837411007216491,0.663951120162933,0.940735866419219,0.940735866419219,1151,"tags=50%, list=27%, signal=37%","3716/5781/5770/8554/8651",0.065681360193401
"R-HSA-4641265","Repression of WNT target genes",4,-0.441570381698362,-0.837208880906108,0.661087866108787,0.940735866419219,0.940735866419219,163,"tags=25%, list=4%, signal=24%","7091",0.0672065093710464
"R-HSA-881907","Gastrin-CREB signalling pathway via PKC and MAPK",6,-0.389437590569292,-0.835138783838769,0.645418326693227,0.935138347662238,0.935138347662238,1361,"tags=50%, list=31%, signal=34%","6197/5594/2885",0.065981614400873
"R-HSA-72689","Formation of a pool of free 40S subunits",90,-0.194624666811498,-0.834583552743251,0.786427145708583,0.990553797927612,0.990553797927611,1549,"tags=44%, list=36%, signal=29%","6170/6188/8667/6217/51065/2197/6141/6173/6235/6234/6147/6154/6201/6155/23521/6181/6158/6227/6202/6169/6210/6230/6218/7311/6125/6224/6191/9045/6146/3646/8664/1964/6152/6168/6130/6167/6205/6137/8665/6187",0.0566484183613995
"R-HSA-72662","Activation of the mRNA upon binding of the cap-binding complex and eIFs, and subsequent binding to 43S",57,-0.208766862936849,-0.834191076870864,0.755511022044088,0.990553797927612,0.990553797927611,1546,"tags=47%, list=36%, signal=31%","6188/8667/6217/51065/2197/6235/6234/6201/6227/6202/6210/6230/6218/7458/6224/6191/1968/3646/1981/8664/1964/1977/1974/1975/6205/8665/6187",0.0587185879555941
"R-HSA-77286","mitochondrial fatty acid beta-oxidation of saturated fatty acids",7,0.373420985278296,0.833958994190665,0.671342685370741,0.94849716779613,0.94849716779613,495,"tags=29%, list=11%, signal=25%","1892/34",0.064358336791736
"R-HSA-72163","mRNA Splicing - Major Pathway",174,-0.17482604056399,-0.833256455870685,0.884086444007859,1,1,1158,"tags=30%, list=27%, signal=23%","51691/5725/1660/5437/5511/3181/55660/8559/9775/10285/4236/55100/9584/25949/23524/10236/8683/5093/79165/51729/79171/6430/6429/10291/9295/91603/9416/3184/6625/220988/11325/84991/22826/5411/25804/2962/6631/11338/55234/2963/3178/54883/988/5094/4904/3191/22985/9130/143884/51362/10929/27316",0.0504983044100709
"R-HSA-176974","Unwinding of DNA",10,0.325777689211176,0.83262412251456,0.682974559686888,0.95499189504716,0.95499189504716,1422,"tags=50%, list=33%, signal=34%","51659/8318/4176/4172/4171",0.0623861492893626
"R-HSA-2408557","Selenocysteine synthesis",78,-0.196562204988055,-0.830513803842603,0.829059829059829,0.993044061008793,0.993044061008793,1549,"tags=45%, list=36%, signal=29%","6170/6188/6217/51065/2197/6141/6173/6235/6234/6147/6154/6201/6155/23521/6181/6158/6227/6202/6169/6210/6230/6218/7311/6125/6224/6191/9045/6146/6152/6168/6130/6167/6205/6137/6187",0.0573667426768556
"R-HSA-9860927","Turbulent (oscillatory, disturbed) flow shear stress activates signaling by PIEZO1 and integrins in endothelial cells",15,0.290795884198623,0.830366271982753,0.686868686868687,0.957970112079701,0.957970112079701,410,"tags=27%, list=9%, signal=24%","6772/5970/302/5144",0.0636424081651019
"R-HSA-5576893","Phase 2 - plateau phase",1,-0.627255900046275,-0.829633640911917,0.758,0.990553797927612,0.990553797927611,1613,"tags=100%, list=37%, signal=63%","10142",0.0584693210386381
"R-HSA-445095","Interaction between L1 and Ankyrins",3,0.482386269143,0.829146472049995,0.706106870229008,0.96763676495901,0.96763676495901,186,"tags=33%, list=4%, signal=32%","60",0.0596037042575973
"R-HSA-163615","PKA activation",7,-0.366152793964204,-0.828696536305268,0.68986083499006,0.960498547178468,0.960498547178468,1502,"tags=71%, list=35%, signal=47%","5573/805/5576/808/5567",0.0626618230932491
"R-HSA-936837","Ion transport by P-type ATPases",12,0.308163817293245,0.828579339053255,0.677655677655678,0.952459964539343,0.952459964539343,290,"tags=17%, list=7%, signal=16%","490/488",0.0596037042575973
"R-HSA-9696273","RND1 GTPase cycle",10,-0.330124201467452,-0.828212624840445,0.674134419551935,0.949969696756144,0.949969696756143,544,"tags=30%, list=13%, signal=26%","5295/1362/27316",0.0649407684612899
"R-HSA-3371556","Cellular response to heat stress",49,0.219273476258436,0.827130451384771,0.767578125,0.990553797927612,0.990553797927611,985,"tags=27%, list=23%, signal=21%","51182/7266/6396/6118/3326/57805/3313/2033/3320/9972/3281/23511/23279",0.0567672387487446
"R-HSA-72203","Processing of Capped Intron-Containing Pre-mRNA",232,-0.167107488520684,-0.826992362460536,0.904276985743381,1,1,1158,"tags=29%, list=27%, signal=23%","51691/53371/5725/1660/5437/5511/7311/3181/55660/8559/9775/10285/5903/4236/55100/9584/25949/11051/23524/10236/8683/5093/79165/51729/9589/79171/7314/1977/6430/6429/10291/9295/91603/9416/3184/6625/220988/11325/84991/84321/22826/51585/5411/25804/2962/6631/10762/11338/7884/55234/2963/3178/54883/988/11052/5094/4904/57122/3191/22985/9130/143884/51362/5930/10929/4928/9818/27316",0.0511147954416412
"R-HSA-1855183","Synthesis of IP2, IP, and Ins in the cytosol",2,0.542892244684414,0.826536899745589,0.742746615087041,0.984486766457924,0.984486766457925,217,"tags=50%, list=5%, signal=48%","3631",0.0578529757032509
"R-HSA-1971475","Glycosaminoglycan-protein linkage region biosynthesis",2,-0.53760703540847,-0.825937343823988,0.721649484536082,0.973749027741768,0.973749027741768,2001,"tags=100%, list=46%, signal=54%","26229/80146",0.062249042949858
"R-HSA-71064","Lysine catabolism",3,0.479963040250278,0.824981320975236,0.709923664122137,0.96763676495901,0.96763676495901,1158,"tags=67%, list=27%, signal=49%","1738/1743",0.0593487680335629
"R-HSA-162594","Early Phase of HIV Life Cycle",11,-0.314073663032154,-0.824748475651831,0.713995943204868,0.96763676495901,0.96763676495901,549,"tags=27%, list=13%, signal=24%","920/7852/11168",0.0619762736001998
"R-HSA-8934903","Receptor Mediated Mitophagy",6,-0.384501100121689,-0.824552608470295,0.661354581673307,0.940735866419219,0.940735866419219,114,"tags=17%, list=3%, signal=16%","81631",0.0647943366000727
"R-HSA-174430","Telomere C-strand synthesis initiation",8,-0.345184840024329,-0.824391138793848,0.707317073170732,0.96763676495901,0.96763676495901,87,"tags=12%, list=2%, signal=12%","54386",0.0625237414724762
"R-HSA-8856828","Clathrin-mediated endocytosis",62,0.203061786007573,0.823599038520461,0.800766283524904,0.990940648179201,0.990940648179201,1299,"tags=37%, list=30%, signal=26%","60/4074/8533/274/55707/5868/51138/4738/10987/915/1175/6455/5878/8673/7037/1173/1213/10094/6845/10109/10920/8301/71",0.0538979025357319
"R-HSA-6785631","ERBB2 Regulates Cell Motility",2,-0.535524184216617,-0.822737414381709,0.721649484536082,0.973749027741768,0.973749027741768,2010,"tags=100%, list=46%, signal=54%","387/1729",0.062249042949858
"R-HSA-9692916","SARS-CoV-1 activates/modulates innate immune responses",24,-0.24922557104414,-0.822736311682924,0.742677824267782,0.984486766457924,0.984486766457925,336,"tags=12%, list=8%, signal=12%","5094/3838/4792",0.0615706755421678
"R-HSA-9856530","High laminar flow shear stress activates signaling by PIEZO1 and PECAM1:CDH5:KDR in endothelial cells",27,-0.253594982143134,-0.822035946012112,0.74852652259332,0.988127800084699,0.988127800084699,960,"tags=33%, list=22%, signal=26%","2778/5586/5576/10681/808/5567/7094/253260/79109",0.0582216241124161
"R-HSA-927802","Nonsense-Mediated Decay (NMD)",97,-0.186610922373365,-0.82119634810436,0.845238095238095,0.993789378937894,0.993789378937894,1549,"tags=44%, list=36%, signal=29%","6170/6188/6217/51065/2197/2935/6141/6173/6235/5520/55629/6234/6147/6154/6201/6155/23521/6181/9887/6158/6227/6202/6169/6210/6230/6218/7311/6125/6224/9775/6191/9045/6146/1981/6152/6168/5515/6130/6167/65110/6205/6137/6187",0.0530212512043078
"R-HSA-975957","Nonsense Mediated Decay (NMD) enhanced by the Exon Junction Complex (EJC)",97,-0.186610922373365,-0.82119634810436,0.845238095238095,0.993789378937894,0.993789378937894,1549,"tags=44%, list=36%, signal=29%","6170/6188/6217/51065/2197/2935/6141/6173/6235/5520/55629/6234/6147/6154/6201/6155/23521/6181/9887/6158/6227/6202/6169/6210/6230/6218/7311/6125/6224/9775/6191/9045/6146/1981/6152/6168/5515/6130/6167/65110/6205/6137/6187",0.0530212512043078
"R-HSA-1638091","Heparan sulfate/heparin (HS-GAG) metabolism",2,-0.533138880487027,-0.819072820548531,0.725773195876289,0.973749027741768,0.973749027741768,463,"tags=50%, list=11%, signal=45%","3423",0.0619762736001998
"R-HSA-2024096","HS-GAG degradation",2,-0.533138880487027,-0.819072820548531,0.725773195876289,0.973749027741768,0.973749027741768,463,"tags=50%, list=11%, signal=45%","3423",0.0619762736001998
"R-HSA-5693567","HDR through Homologous Recombination (HRR) or Single Strand Annealing (SSA)",60,0.209415387377137,0.81886535596002,0.798076923076923,0.990553797927612,0.990553797927611,1159,"tags=23%, list=27%, signal=17%","51720/5982/5984/7336/6118/5883/641/54107/5983/7334/5810/5425/7516/51548",0.0542315935495841
"R-HSA-72764","Eukaryotic Translation Termination",81,-0.193594581834154,-0.817393608005538,0.822937625754527,0.993044061008793,0.993044061008793,1549,"tags=44%, list=36%, signal=29%","6170/6188/6217/51065/2197/2935/6141/6173/6235/6234/6147/6154/6201/6155/23521/6181/6158/6227/6202/6169/6210/6230/6218/7311/6125/6224/6191/9045/6146/6152/6168/6130/6167/6205/6137/6187",0.0549073703290958
"R-HSA-169893","Prolonged ERK activation events",7,-0.360972784843966,-0.816972863328485,0.693836978131213,0.964386038716506,0.964386038716507,897,"tags=29%, list=21%, signal=23%","5594/5604",0.0623861492893626
"R-HSA-182971","EGFR downregulation",13,-0.298553898808544,-0.815830932115509,0.712788259958071,0.96763676495901,0.96763676495901,1069,"tags=38%, list=25%, signal=29%","7311/7314/30011/2885/867",0.0636424081651019
"R-HSA-110328","Recognition and association of DNA glycosylase with site containing an affected pyrimidine",8,-0.341509795697291,-0.815614177506466,0.711382113821138,0.96763676495901,0.96763676495901,509,"tags=25%, list=12%, signal=22%","8930/54386",0.062249042949858
"R-HSA-110329","Cleavage of the damaged pyrimidine",8,-0.341509795697291,-0.815614177506466,0.711382113821138,0.96763676495901,0.96763676495901,509,"tags=25%, list=12%, signal=22%","8930/54386",0.062249042949858
"R-HSA-73928","Depyrimidination",8,-0.341509795697291,-0.815614177506466,0.711382113821138,0.96763676495901,0.96763676495901,509,"tags=25%, list=12%, signal=22%","8930/54386",0.062249042949858
"R-HSA-210500","Glutamate Neurotransmitter Release Cycle",4,0.434186521563752,0.814935674457903,0.706106870229008,0.96763676495901,0.96763676495901,1322,"tags=50%, list=31%, signal=35%","2744/10550",0.0596037042575973
"R-HSA-71291","Metabolism of amino acids and derivatives",156,0.172975555016512,0.814583524607155,0.889748549323017,1,1,1681,"tags=40%, list=39%, signal=25%","5689/6231/23474/2806/5719/51121/25828/5688/5684/2744/6204/1892/5707/9521/5683/5691/5704/5709/1738/79048/262/6166/223/5701/10213/5685/6142/5714/6207/5687/11047/6520/6144/55256/10955/1743/191/6139/138199/5690/5700/200916/116832/9861/6175/5686/5702/5692/6129/5694/3028/7965/6124/6206/29920/5705/435/38/57153/6138/6208/6222",0.0494904866135495
"R-HSA-5423646","Aflatoxin activation and detoxification",2,0.53451219721367,0.813778532824697,0.756286266924565,0.990553797927612,0.990553797927611,284,"tags=50%, list=7%, signal=47%","4259",0.0570059526582387
"R-HSA-399997","Acetylcholine regulates insulin secretion",1,-0.614298935677927,-0.812496243681719,0.79,0.990553797927612,0.990553797927611,1669,"tags=100%, list=39%, signal=61%","5578",0.0565299525056311
"R-HSA-162599","Late Phase of HIV Life Cycle",80,0.192389244989405,0.81242631918734,0.83130081300813,0.993050475493782,0.993050475493782,1240,"tags=32%, list=29%, signal=24%","5045/79720/6396/6873/29082/9397/6883/5432/7251/5435/83860/79643/9972/6880/51497/5441/23511/23279/8812/51160/1104/1025/5430/5440/4836/2958",0.0549073703290958
"R-HSA-9679506","SARS-CoV Infections",215,0.164598171992164,0.812318552642014,0.941860465116279,1,1,1044,"tags=26%, list=24%, signal=21%","5045/1650/6772/6231/5970/51304/3703/6396/3615/1603/54815/10146/3654/9111/6632/3326/3276/51128/58505/83737/6204/29082/11123/1312/8678/6184/1175/2033/3320/3066/5479/821/6185/9641/5926/5928/79643/83666/2280/9972/7334/6635/6628/80143/9978/100128731/1173/23511/3661/23279/11320/7341/6207/29108/2530/3688",0.0469758727821845
"R-HSA-937039","IRAK1 recruits IKK complex",8,-0.339817785487692,-0.811573217238789,0.713414634146341,0.96763676495901,0.96763676495901,1069,"tags=50%, list=25%, signal=38%","7311/7314/8517/3551",0.0621124188949471
"R-HSA-975144","IRAK1 recruits IKK complex upon TLR7/8 or 9 stimulation",8,-0.339817785487692,-0.811573217238789,0.713414634146341,0.96763676495901,0.96763676495901,1069,"tags=50%, list=25%, signal=38%","7311/7314/8517/3551",0.0621124188949471
"R-HSA-9821002","Chromatin modifications during the maternal to zygotic transition (MZT)",4,-0.427876823338736,-0.811246159797435,0.692468619246862,0.96330604675759,0.96330604675759,2476,"tags=100%, list=57%, signal=43%","124512/5927/29128/7374",0.0649407684612899
"R-HSA-73894","DNA Repair",161,0.172113321554015,0.809999010020108,0.910852713178295,1,1,1421,"tags=33%, list=33%, signal=23%","51720/328/5982/60/2237/5984/7336/8533/6118/9246/5883/51138/641/29844/4913/10987/4255/10459/54107/5432/5435/5983/27339/55666/4436/7334/9978/65057/5441/7013/7341/5810/5425/2547/7528/7516/5430/7320/51548/6996/5440/10920/7520/7507/9557/1642/5536/10450/10111/56655/1017/9636/4292",0.048505983646947
"R-HSA-1250196","SHC1 events in ERBB2 signaling",3,-0.471978830341596,-0.809218584213162,0.696652719665272,0.966836682334106,0.966836682334106,617,"tags=33%, list=14%, signal=29%","2885",0.0646484568421928
"R-HSA-4570464","SUMOylation of RNA binding proteins",25,-0.252224074913241,-0.808933986686625,0.78125,0.990553797927612,0.990553797927611,432,"tags=16%, list=10%, signal=14%","10762/57122/4928/9818",0.0589694466690997
"R-HSA-202403","TCR signaling",76,0.196550012133196,0.808692700674281,0.824662813102119,0.993044061008793,0.993044061008793,1056,"tags=30%, list=24%, signal=23%","5689/5970/5719/5688/27040/5684/5707/5683/5691/5704/3119/9402/5709/915/5701/10213/919/5685/7334/3932/5714/5687/11047",0.052805004567129
"R-HSA-1169408","ISG15 antiviral mechanism",45,-0.210990588667161,-0.808374209255762,0.804670912951168,0.991915102125026,0.991915102125026,1156,"tags=38%, list=27%, signal=28%","53371/3716/7311/9775/5903/1981/7314/1977/5610/1974/1982/10762/7324/57122/3838/4928/9818",0.0584693210386381
"R-HSA-9706369","Negative regulation of FLT3",9,-0.335569687441058,-0.805255023932245,0.725738396624473,0.973749027741768,0.973749027741768,1069,"tags=44%, list=25%, signal=34%","7311/7314/867/6503",0.0630790410571939
"R-HSA-1592230","Mitochondrial biogenesis",29,-0.236772019920304,-0.804591068861025,0.762295081967213,0.990553797927612,0.990553797927611,208,"tags=10%, list=5%, signal=10%","3418/814/2553",0.0593487680335629
"R-HSA-2173791","TGF-beta receptor signaling in EMT (epithelial to mesenchymal transition)",8,0.33040644316099,0.804069359648491,0.705882352941177,0.96763676495901,0.96763676495901,828,"tags=25%, list=19%, signal=20%","7046/2280",0.0609039347452418
"R-HSA-8934593","Regulation of RUNX1 Expression and Activity",9,0.331323505486965,0.803264491493431,0.731060606060606,0.974963897179166,0.974963897179166,103,"tags=11%, list=2%, signal=11%","894",0.057609110864425
"R-HSA-9664407","Parasite infection",31,0.235646142182048,0.802645436019063,0.790076335877863,0.990553797927612,0.990553797927611,1430,"tags=39%, list=33%, signal=26%","60/10095/998/55845/919/10094/10109/4627/71/10163/4690/10096",0.0543434390269162
"R-HSA-9664417","Leishmania phagocytosis",31,0.235646142182048,0.802645436019063,0.790076335877863,0.990553797927612,0.990553797927611,1430,"tags=39%, list=33%, signal=26%","60/10095/998/55845/919/10094/10109/4627/71/10163/4690/10096",0.0543434390269162
"R-HSA-9664422","FCGR3A-mediated phagocytosis",31,0.235646142182048,0.802645436019063,0.790076335877863,0.990553797927612,0.990553797927611,1430,"tags=39%, list=33%, signal=26%","60/10095/998/55845/919/10094/10109/4627/71/10163/4690/10096",0.0543434390269162
"R-HSA-2871809","FCERI mediated Ca+2 mobilization",18,0.270106335814392,0.801827764581868,0.731372549019608,0.974963897179166,0.974963897179166,602,"tags=17%, list=14%, signal=14%","2207/27040/9402",0.059221919380382
"R-HSA-442742","CREB1 phosphorylation through NMDA receptor-mediated activation of RAS signaling",11,-0.305194805194805,-0.801432848368135,0.744421906693712,0.985905110572404,0.985905110572404,3008,"tags=100%, list=70%, signal=30%","801/3845/818/1739/6195/5170/1741/6197/805/5594/808",0.059989249649033
"R-HSA-73929","Base-Excision Repair, AP Site Formation",9,-0.333377197789537,-0.799993782011765,0.727848101265823,0.973749027741768,0.973749027741768,509,"tags=22%, list=12%, signal=20%","8930/54386",0.0629394692018967
"R-HSA-8943724","Regulation of PTEN gene transcription",27,-0.246767638234169,-0.799904900430978,0.783889980353635,0.990553797927612,0.990553797927611,1218,"tags=44%, list=28%, signal=32%","84232/80012/9219/23512/51564/1386/55004/5594/5978/8726/3725/2146",0.0560595875032335
"R-HSA-9659787","Aberrant regulation of mitotic G1/S transition in cancer due to RB1 defects",12,-0.299517613316497,-0.799898100146362,0.728070175438597,0.973749027741768,0.973749027741768,542,"tags=25%, list=13%, signal=22%","7027/1869/1027",0.0647943366000727
"R-HSA-9661069","Defective binding of RB1 mutants to E2F1,(E2F2, E2F3)",12,-0.299517613316497,-0.799898100146362,0.728070175438597,0.973749027741768,0.973749027741768,542,"tags=25%, list=13%, signal=22%","7027/1869/1027",0.0647943366000727
"R-HSA-72312","rRNA processing",128,0.173742786269642,0.799844087814009,0.911894273127753,1,1,1109,"tags=21%, list=26%, signal=16%","9790/6231/51121/25879/81887/4809/285367/79897/117246/115939/6204/55505/10528/10200/10556/6166/83732/55651/26354/11056/1453/6142/54555/6207/51602/6144/27043",0.0543434390269162
"R-HSA-196757","Metabolism of folate and pterines",5,-0.39239179055652,-0.799791120841239,0.700836820083682,0.96763676495901,0.96763676495901,375,"tags=20%, list=9%, signal=18%","6470",0.064358336791736
"R-HSA-2173788","Downregulation of TGF-beta receptor signaling",17,-0.271385723349511,-0.799494517858078,0.754716981132076,0.990553797927612,0.990553797927611,1491,"tags=59%, list=34%, signal=39%","51377/4087/5500/64750/7311/10273/7314/7514/5501/23645",0.0609039347452418
"R-HSA-2022090","Assembly of collagen fibrils and other multimeric structures",3,-0.465494887885575,-0.79810171541084,0.700836820083682,0.96763676495901,0.96763676495901,394,"tags=33%, list=9%, signal=30%","1508",0.064358336791736
"R-HSA-167242","Abortive elongation of HIV-1 transcript in the absence of Tat",18,0.268031090409624,0.795667267165743,0.731372549019608,0.974963897179166,0.974963897179166,1728,"tags=61%, list=40%, signal=37%","5432/5435/51497/5441/5430/5440/22916/5434/6827/5436/5438",0.059221919380382
"R-HSA-381753","Olfactory Signaling Pathway",1,-0.601341971309579,-0.79535884645152,0.822,0.993044061008793,0.993044061008793,1725,"tags=100%, list=40%, signal=60%","2782",0.0546808488785442
"R-HSA-2485179","Activation of the phototransduction cascade",1,-0.601341971309579,-0.79535884645152,0.822,0.993044061008793,0.993044061008793,1725,"tags=100%, list=40%, signal=60%","2782",0.0546808488785442
"R-HSA-5617472","Activation of anterior HOX genes in hindbrain development during early embryogenesis",28,-0.235078951055377,-0.795106493345133,0.764,0.990553797927612,0.990553797927611,59,"tags=7%, list=1%, signal=7%","3725/2146",0.0580983576873206
"R-HSA-5619507","Activation of HOX genes during differentiation",28,-0.235078951055377,-0.795106493345133,0.764,0.990553797927612,0.990553797927611,59,"tags=7%, list=1%, signal=7%","3725/2146",0.0580983576873206
"R-HSA-9930044","Nuclear RNA decay",13,0.289044021520584,0.79466895110909,0.740952380952381,0.983709395738736,0.983709395738736,1498,"tags=38%, list=35%, signal=25%","51593/10200/23211/22916/10438",0.0572461135202884
"R-HSA-191859","snRNP Assembly",26,-0.240764928006545,-0.793733707110748,0.761523046092184,0.990553797927612,0.990553797927611,432,"tags=15%, list=10%, signal=14%","10762/57122/4928/9818",0.0583452776743612
"R-HSA-194441","Metabolism of non-coding RNA",26,-0.240764928006545,-0.793733707110748,0.761523046092184,0.990553797927612,0.990553797927611,432,"tags=15%, list=10%, signal=14%","10762/57122/4928/9818",0.0583452776743612
"R-HSA-977068","Termination of O-glycan biosynthesis",1,-0.599953725127256,-0.793522696748285,0.824,0.993044061008793,0.993044061008793,1731,"tags=100%, list=40%, signal=60%","6482",0.054568064667094
"R-HSA-6796648","TP53 Regulates Transcription of DNA Repair Genes",39,-0.220508510296506,-0.79326244775669,0.829218106995885,0.993044061008793,0.993044061008793,520,"tags=13%, list=12%, signal=11%","51755/2962/2963/2353/3725",0.0555947097758869
"R-HSA-983695","Antigen activates B Cell Receptor (BCR) leading to generation of second messengers",16,-0.275979827338105,-0.793184245009816,0.759834368530021,0.990553797927612,0.990553797927611,760,"tags=31%, list=18%, signal=26%","808/30011/2885/6786/5295",0.059989249649033
"R-HSA-6793080","rRNA modification in the mitochondrion",3,0.461223233282566,0.792770526787871,0.751908396946565,0.990553797927612,0.990553797927611,264,"tags=33%, list=6%, signal=31%","285367",0.0566484183613995
"R-HSA-417957","P2Y receptors",1,-0.598565478944933,-0.79168654704505,0.826,0.993044061008793,0.993044061008793,1737,"tags=100%, list=40%, signal=60%","5032",0.0544555953940371
"R-HSA-418038","Nucleotide-like (purinergic) receptors",1,-0.598565478944933,-0.79168654704505,0.826,0.993044061008793,0.993044061008793,1737,"tags=100%, list=40%, signal=60%","5032",0.0544555953940371
"R-HSA-1445148","Translocation of SLC2A4 (GLUT4) to the plasma membrane",38,-0.223940030370947,-0.791045037382195,0.78672032193159,0.990553797927612,0.990553797927611,876,"tags=24%, list=20%, signal=19%","7534/10890/808/10383/5571/10971/208/5879/7533",0.0570059526582387
"R-HSA-446107","Type I hemidesmosome assembly",1,0.594863489125405,0.789858845042282,0.820717131474104,0.993044061008793,0.993044061008793,1752,"tags=100%, list=41%, signal=59%","977",0.054568064667094
"R-HSA-112315","Transmission across Chemical Synapses",52,-0.201377123030375,-0.789148759754865,0.860125260960334,1,1,1065,"tags=29%, list=25%, signal=22%","27163/6844/163/5594/5576/10681/808/10383/5567/5571/5579/2771/5879/3838/814",0.054568064667094
"R-HSA-159236","Transport of Mature mRNA derived from an Intron-Containing Transcript",54,0.200342228029672,0.788865476157143,0.874766355140187,1,1,339,"tags=13%, list=8%, signal=12%","10189/26097/10921/7919/6396/55110/10212",0.048701086452153
"R-HSA-5689877","Josephin domain DUBs",9,-0.328698487250537,-0.788766441438232,0.738396624472574,0.981115906415842,0.981115906415842,1427,"tags=56%, list=33%, signal=37%","126119/7415/7311/7314/5887",0.062249042949858
"R-HSA-3134975","Regulation of innate immune responses to cytosolic DNA",7,-0.348415527882229,-0.788552609485758,0.721669980119284,0.973749027741768,0.973749027741768,1069,"tags=43%, list=25%, signal=32%","7311/7314/81844",0.0605092988656667
"R-HSA-9615710","Late endosomal microautophagy",21,0.25499841649996,0.78821373045716,0.754940711462451,0.990553797927612,0.990553797927611,817,"tags=29%, list=19%, signal=23%","3043/79720/29082/7251/79643/11315",0.0580983576873206
"R-HSA-9673767","Signaling by PDGFRA transmembrane, juxtamembrane and kinase domain mutants",5,-0.385994163924383,-0.786751181938378,0.725941422594142,0.973749027741768,0.973749027741768,701,"tags=60%, list=16%, signal=50%","6774/2885/5295",0.0626618230932491
"R-HSA-9673770","Signaling by PDGFRA extracellular domain mutants",5,-0.385994163924383,-0.786751181938378,0.725941422594142,0.973749027741768,0.973749027741768,701,"tags=60%, list=16%, signal=50%","6774/2885/5295",0.0626618230932491
"R-HSA-212300","PRC2 methylates histones and DNA",10,-0.313499065313938,-0.786503632919145,0.712830957230143,0.96763676495901,0.96763676495901,607,"tags=30%, list=14%, signal=26%","26147/8726/2146",0.062249042949858
"R-HSA-5213460","RIPK1-mediated regulated necrosis",22,-0.249424982779872,-0.786003263087169,0.792682926829268,0.990553797927612,0.990553797927611,1231,"tags=50%, list=28%, signal=36%","331/329/7311/8473/10273/841/7314/10015/6386/8717/8837",0.0571258510018113
"R-HSA-5675482","Regulation of necroptotic cell death",22,-0.249424982779872,-0.786003263087169,0.792682926829268,0.990553797927612,0.990553797927611,1231,"tags=50%, list=28%, signal=36%","331/329/7311/8473/10273/841/7314/10015/6386/8717/8837",0.0571258510018113
"R-HSA-165159","MTOR signalling",26,-0.238367259201963,-0.785829272837692,0.775551102204409,0.990553797927612,0.990553797927611,966,"tags=35%, list=22%, signal=27%","55004/51719/1981/1977/23112/5571/1975/208/5494",0.0574877409561325
"R-HSA-9700206","Signaling by ALK in cancer",57,-0.196645588580908,-0.785756862907086,0.839679358717435,0.993789378937894,0.993789378937894,1088,"tags=28%, list=25%, signal=21%","4170/7311/29851/5903/5594/7314/3587/6774/2885/3799/5295/9648/3726/8878/891/3725",0.05378728077603
"R-HSA-9725370","Signaling by ALK fusions and activated point mutants",57,-0.196645588580908,-0.785756862907086,0.839679358717435,0.993789378937894,0.993789378937894,1088,"tags=28%, list=25%, signal=21%","4170/7311/29851/5903/5594/7314/3587/6774/2885/3799/5295/9648/3726/8878/891/3725",0.05378728077603
"R-HSA-111885","Opioid Signalling",31,-0.230701879579597,-0.785655791012686,0.805439330543933,0.991915102125026,0.991915102125026,897,"tags=32%, list=21%, signal=26%","5594/5576/10681/808/5534/5567/5515/2771/3838/814",0.0577308549299813
"R-HSA-140342","Apoptosis induced DNA fragmentation",6,-0.365908304304714,-0.784680841432983,0.727091633466135,0.973749027741768,0.973749027741768,774,"tags=50%, list=18%, signal=41%","3146/836/3148",0.0602484086158019
"R-HSA-9006335","Signaling by Erythropoietin",7,-0.345946807515672,-0.782965269854336,0.723658051689861,0.973749027741768,0.973749027741768,617,"tags=29%, list=14%, signal=25%","2885/5295",0.0603786357920401
"R-HSA-5685942","HDR through Homologous Recombination (HRR)",42,0.214086748388959,0.78253716618076,0.815238095238095,0.993044061008793,0.993044061008793,1104,"tags=24%, list=26%, signal=18%","5982/5984/6118/5883/641/54107/5983/5810/5425/7516",0.052805004567129
"R-HSA-2142789","Ubiquinol biosynthesis",2,-0.509141402453136,-0.782204974779498,0.762886597938144,0.990553797927612,0.990553797927611,2124,"tags=100%, list=49%, signal=51%","51117/56910",0.0596037042575973
"R-HSA-167169","HIV Transcription Elongation",25,0.241540964172906,0.780257634061256,0.795019157088123,0.990553797927612,0.990553797927611,1728,"tags=56%, list=40%, signal=34%","5432/5435/51497/5441/1025/5430/5440/22916/5434/11198/6827/6749/5436/5438",0.0542315935495841
"R-HSA-167200","Formation of HIV-1 elongation complex containing HIV-1 Tat",25,0.241540964172906,0.780257634061256,0.795019157088123,0.990553797927612,0.990553797927611,1728,"tags=56%, list=40%, signal=34%","5432/5435/51497/5441/1025/5430/5440/22916/5434/11198/6827/6749/5436/5438",0.0542315935495841
"R-HSA-167246","Tat-mediated elongation of the HIV-1 transcript",25,0.241540964172906,0.780257634061256,0.795019157088123,0.990553797927612,0.990553797927611,1728,"tags=56%, list=40%, signal=34%","5432/5435/51497/5441/1025/5430/5440/22916/5434/11198/6827/6749/5436/5438",0.0542315935495841
"R-HSA-180024","DARPP-32 events",14,0.274143641299249,0.780241264923238,0.765531062124248,0.990553797927612,0.990553797927611,1317,"tags=50%, list=30%, signal=35%","5142/5499/5144/5530/5575/5518/801",0.0580983576873206
"R-HSA-3928665","EPH-ephrin mediated repulsion of cells",15,0.273148282943125,0.779973630063665,0.755555555555556,0.990553797927612,0.990553797927611,1299,"tags=47%, list=30%, signal=33%","60/5663/1175/1173/1213/55851/71",0.0590954798717342
"R-HSA-72613","Eukaryotic Translation Initiation",106,-0.17767700011307,-0.779626164505705,0.902040816326531,1,1,1549,"tags=44%, list=36%, signal=29%","6170/6188/8667/6217/51065/2197/6141/6173/6235/6234/6147/6154/6201/6155/23521/6181/6158/6227/6202/6169/6210/6230/6218/1983/7311/7458/6125/6224/6191/9045/1968/6146/3646/1981/8664/1964/6152/1977/1974/6168/6130/6167/1975/6205/6137/8665/6187",0.0513223330421143
"R-HSA-72737","Cap-dependent Translation Initiation",106,-0.17767700011307,-0.779626164505705,0.902040816326531,1,1,1549,"tags=44%, list=36%, signal=29%","6170/6188/8667/6217/51065/2197/6141/6173/6235/6234/6147/6154/6201/6155/23521/6181/6158/6227/6202/6169/6210/6230/6218/1983/7311/7458/6125/6224/6191/9045/1968/6146/3646/1981/8664/1964/6152/1977/1974/6168/6130/6167/1975/6205/6137/8665/6187",0.0513223330421143
"R-HSA-8868773","rRNA processing in the nucleus and cytosol",124,0.172531609186883,0.779525517234385,0.933601609657948,1,1,1109,"tags=21%, list=26%, signal=16%","9790/6231/51121/25879/81887/4809/79897/117246/115939/6204/55505/10528/10200/10556/6166/83732/55651/26354/11056/1453/6142/54555/6207/51602/6144/27043",0.0490939668192139
"R-HSA-162587","HIV Life Cycle",90,0.180031095569589,0.779289804670059,0.912175648702595,1,1,1240,"tags=33%, list=29%, signal=24%","5045/79720/2237/6396/3836/6873/29082/9397/6883/5432/7251/5435/83860/79643/9972/6880/51497/5441/23511/23279/8812/51160/2547/1104/1025/5430/5440/4836/7520/2958",0.0497903187820785
"R-HSA-456926","Thrombin signalling through proteinase activated receptors (PARs)",10,0.304631651417759,0.778578981470569,0.755381604696673,0.990553797927612,0.990553797927611,500,"tags=20%, list=12%, signal=18%","2793/54331",0.057609110864425
"R-HSA-418346","Platelet homeostasis",28,0.231345971950873,0.778480869561745,0.798804780876494,0.990553797927612,0.990553797927611,500,"tags=18%, list=12%, signal=16%","490/488/80228/2793/54331",0.055826471778749
"R-HSA-6784531","tRNA processing in the nucleus",29,0.232482959668732,0.778424272566346,0.809338521400778,0.991915102125026,0.991915102125026,985,"tags=34%, list=23%, signal=27%","79897/6396/10248/1653/10556/339487/51367/9972/23511/23279",0.0541200569620232
"R-HSA-9675151","Disorders of Developmental Biology",14,-0.276312084578001,-0.777946150589187,0.767395626242545,0.990553797927612,0.990553797927611,50,"tags=7%, list=1%, signal=7%","814",0.057609110864425
"R-HSA-6794362","Protein-protein interactions at synapses",9,0.320810946496646,0.777777723389725,0.768939393939394,0.990553797927612,0.990553797927611,998,"tags=33%, list=23%, signal=26%","2319/10211/28988",0.0552495663125249
"R-HSA-400042","Adrenaline,noradrenaline inhibits insulin secretion",7,0.348198333492898,0.777629387277719,0.745490981963928,0.986518935515222,0.986518935515222,500,"tags=29%, list=12%, signal=25%","2793/54331",0.0593487680335629
"R-HSA-9694516","SARS-CoV-2 Infection",155,0.164672536478514,0.776288541428433,0.956928838951311,1,1,1036,"tags=25%, list=24%, signal=19%","5045/1650/6772/6231/51304/3703/6396/1603/10146/3654/6632/3326/3276/51128/58505/6204/29082/8678/6184/3320/821/6185/9641/79643/83666/9972/7334/6635/6628/80143/100128731/23511/3661/23279/11320/7341/6207/2530",0.0446854397644147
"R-HSA-9680350","Signaling by CSF1 (M-CSF) in myeloid cells",16,-0.27009748176884,-0.776277995468875,0.788819875776398,0.990553797927612,0.990553797927611,1069,"tags=44%, list=25%, signal=33%","7311/5781/7314/6774/2885/867/5295",0.0582216241124161
"R-HSA-8964038","LDL clearance",10,0.303717626992937,0.776242913624681,0.759295499021526,0.990553797927612,0.990553797927611,1380,"tags=50%, list=32%, signal=34%","1175/6646/1173/1213/3988",0.0573667426768556
"R-HSA-166520","Signaling by NTRKs",48,-0.202051768760513,-0.775795022895681,0.845544554455446,0.993789378937894,0.993789378937894,1067,"tags=31%, list=25%, signal=24%","9252/1386/5781/163/5594/5978/6774/2885/5515/5604/5295/3726/5879/2353/2354",0.0529129848430583
"R-HSA-6811440","Retrograde transport at the Trans-Golgi-Network",17,0.262959713738132,0.77577524925316,0.771428571428571,0.990553797927612,0.990553797927611,1102,"tags=41%, list=25%, signal=31%","2803/4074/60592/83548/10139/8677/90196",0.0553642837725362
"R-HSA-167161","HIV Transcription Initiation",26,0.231368703679949,0.773507668319085,0.797216699801193,0.990553797927612,0.990553797927611,1240,"tags=38%, list=29%, signal=28%","6873/6883/5432/5435/83860/6880/5441/5430/5440/2958",0.055826471778749
"R-HSA-167162","RNA Polymerase II HIV Promoter Escape",26,0.231368703679949,0.773507668319085,0.797216699801193,0.990553797927612,0.990553797927611,1240,"tags=38%, list=29%, signal=28%","6873/6883/5432/5435/83860/6880/5441/5430/5440/2958",0.055826471778749
"R-HSA-73776","RNA Polymerase II Promoter Escape",26,0.231368703679949,0.773507668319085,0.797216699801193,0.990553797927612,0.990553797927611,1240,"tags=38%, list=29%, signal=28%","6873/6883/5432/5435/83860/6880/5441/5430/5440/2958",0.055826471778749
"R-HSA-73779","RNA Polymerase II Transcription Pre-Initiation And Promoter Opening",26,0.231368703679949,0.773507668319085,0.797216699801193,0.990553797927612,0.990553797927611,1240,"tags=38%, list=29%, signal=28%","6873/6883/5432/5435/83860/6880/5441/5430/5440/2958",0.055826471778749
"R-HSA-75953","RNA Polymerase II Transcription Initiation",26,0.231368703679949,0.773507668319085,0.797216699801193,0.990553797927612,0.990553797927611,1240,"tags=38%, list=29%, signal=28%","6873/6883/5432/5435/83860/6880/5441/5430/5440/2958",0.055826471778749
"R-HSA-76042","RNA Polymerase II Transcription Initiation And Promoter Clearance",26,0.231368703679949,0.773507668319085,0.797216699801193,0.990553797927612,0.990553797927611,1240,"tags=38%, list=29%, signal=28%","6873/6883/5432/5435/83860/6880/5441/5430/5440/2958",0.055826471778749
"R-HSA-9705671","SARS-CoV-2 activates/modulates innate and adaptive immune responses",57,-0.193214587383381,-0.772047260993033,0.857715430861723,0.999772532188841,0.999772532188841,772,"tags=21%, list=18%, signal=18%","7314/6885/23367/8517/3551/10762/3106/57122/3838/4928/9818/3134",0.052805004567129
"R-HSA-159231","Transport of Mature mRNA Derived from an Intronless Transcript",25,-0.240405431742662,-0.771029190562418,0.827083333333333,0.993044061008793,0.993044061008793,432,"tags=16%, list=10%, signal=14%","10762/57122/4928/9818",0.0562940749700968
"R-HSA-5663202","Diseases of signal transduction by growth factor receptors and second messengers",199,-0.156145798987365,-0.770526064511,0.975560081466395,1,1,617,"tags=16%, list=14%, signal=14%","2885/5894/867/5515/5604/1452/3799/50852/5295/5525/7094/253260/2962/2804/2963/5501/9648/79109/11052/208/3726/1027/9208/8878/5879/27248/26127/4140/891/5527/11064/3725",0.0476387259290825
"R-HSA-8856825","Cargo recognition for clathrin-mediated endocytosis",43,0.208168957977801,0.77045014391852,0.856610800744879,0.999583806886395,0.999583806886395,1264,"tags=37%, list=29%, signal=27%","4074/8533/55707/51138/4738/10987/915/1175/6455/8673/7037/1173/1213/6845/10920/8301",0.0494904866135495
"R-HSA-168273","Influenza Viral RNA Transcription and Replication",112,-0.171914223293526,-0.769800630920115,0.926078028747433,1,1,1549,"tags=42%, list=36%, signal=28%","6170/6188/6217/51065/2197/7175/6141/6173/6235/6234/6147/6154/6201/6155/23521/2926/6181/6158/6227/6202/6169/53371/6210/6230/5437/6218/7311/6125/6224/6191/5903/9045/6146/6152/6168/6130/2962/142/6167/10762/2963/57122/6205/6137/4928/9818/6187",0.0503964322442957
"R-HSA-5688426","Deubiquitination",117,0.170662045069509,0.769736397072815,0.924151696606786,1,1,1085,"tags=26%, list=25%, signal=20%","51720/5689/5719/60/5688/8078/9929/5684/5707/29844/7046/5683/55611/5691/5704/4738/8678/3091/5709/2033/4193/5701/10213/5685/10868/7416/5714/7528/5687/11047/171023",0.0491927521045191
"R-HSA-72172","mRNA Splicing",179,-0.159764219838652,-0.768598405348732,0.968127490039841,1,1,1158,"tags=29%, list=27%, signal=22%","51691/5725/1660/5437/5511/3181/55660/8559/9775/10285/4236/55100/9584/25949/23524/10236/8683/5093/79165/51729/79171/6430/6429/10291/9295/91603/9416/3184/6625/220988/11325/84991/22826/5411/25804/2962/6631/11338/55234/2963/3178/54883/988/5094/4904/3191/22985/9130/143884/51362/10929/27316",0.0469758727821845
"R-HSA-6807047","Cholesterol biosynthesis via desmosterol (Bloch pathway)",4,0.40931289808635,0.768249740837109,0.765267175572519,0.990553797927612,0.990553797927611,1493,"tags=75%, list=35%, signal=49%","6307/10682/6309",0.055826471778749
"R-HSA-9610379","HCMV Late Events",33,0.222642107290148,0.767788957341629,0.822050290135397,0.993044061008793,0.993044061008793,1009,"tags=30%, list=23%, signal=23%","79720/84313/6396/29082/7251/79643/9972/23511/23279/51160",0.0531298054705469
"R-HSA-70635","Urea cycle",3,0.44662693813424,0.767681780690814,0.770992366412214,0.990553797927612,0.990553797927611,1741,"tags=67%, list=40%, signal=40%","435/7157",0.0554793308704233
"R-HSA-159418","Recycling of bile acids and salts",1,0.577279037482647,0.766510236631853,0.852589641434263,0.997034117657153,0.997034117657153,1828,"tags=100%, list=42%, signal=58%","8648",0.052805004567129
"R-HSA-193807","Synthesis of bile acids and bile salts via 27-hydroxycholesterol",1,0.577279037482647,0.766510236631853,0.852589641434263,0.997034117657153,0.997034117657153,1828,"tags=100%, list=42%, signal=58%","8648",0.052805004567129
"R-HSA-9006925","Intracellular signaling by second messengers",119,-0.169431451136576,-0.76625879903861,0.9317738791423,1,1,1106,"tags=30%, list=26%, signal=23%","23512/51564/7311/1459/29851/5987/1386/5717/55004/5781/391/5594/10273/5576/7314/808/5978/5567/2885/5515/50852/5295/5525/253260/23112/51135/8726/79109/208/1027/5879/3838/5527/3725/814/2146",0.0477342401407188
"R-HSA-9013424","RHOV GTPase cycle",14,-0.272049397480596,-0.76594471741388,0.775347912524851,0.990553797927612,0.990553797927611,669,"tags=29%, list=15%, signal=24%","9738/6709/5295/5062",0.0571258510018113
"R-HSA-983712","Ion channel transport",33,-0.220042750391227,-0.765685615803702,0.839175257731959,0.993789378937894,0.993789378937894,772,"tags=18%, list=18%, signal=15%","7314/808/5894/483/65125/1831",0.0551351763385257
"R-HSA-6804114","TP53 Regulates Transcription of Genes Involved in G2 Cell Cycle Arrest",12,-0.286437026137652,-0.764964806183108,0.763157894736842,0.990553797927612,0.990553797927611,542,"tags=25%, list=13%, signal=22%","7027/6790/891",0.0625237414724762
"R-HSA-9823730","Formation of definitive endoderm",3,-0.445316168907183,-0.763504836582373,0.736401673640167,0.980063992124046,0.980063992124046,309,"tags=33%, list=7%, signal=31%","7852",0.0619762736001998
"R-HSA-8866654","E3 ubiquitin ligases ubiquitinate target proteins",27,-0.235289896640116,-0.762699447509103,0.833005893909627,0.993050475493782,0.993050475493782,1114,"tags=37%, list=26%, signal=28%","5591/7311/3105/54623/7314/23168/7322/51322/7324/118424",0.0532386494755899
"R-HSA-9958810","SRC activates STAT3 in a quantitative manner, through Cadherin-11 (CDH11), RAC1 and gp130 (IL6ST)",11,-0.290396990072073,-0.76257420817645,0.772819472616633,0.990553797927612,0.990553797927611,772,"tags=36%, list=18%, signal=30%","7314/9844/1508/5879",0.0582216241124161
"R-HSA-6804756","Regulation of TP53 Activity through Phosphorylation",53,0.195591574918107,0.761772709917721,0.888671875,1,1,873,"tags=25%, list=20%, signal=20%","5982/5984/6118/5564/5883/641/5562/6873/6883/4193/5983/83860/6880",0.0499913914024592
"R-HSA-5673001","RAF/MAP kinase cascade",97,-0.17269728338791,-0.75996826253262,0.928571428571429,1,1,647,"tags=16%, list=15%, signal=14%","5786/6709/2885/81926/5894/5515/5604/5295/5525/7094/5501/4140/23463/5527/1843/1844",0.048701086452153
"R-HSA-4551638","SUMOylation of chromatin organization proteins",28,-0.224508284019205,-0.759353373120134,0.82,0.993044061008793,0.993044061008793,610,"tags=18%, list=14%, signal=15%","8554/10762/57122/4928/9818",0.0547939500773363
"R-HSA-451326","Activation of kainate receptors upon glutamate binding",11,0.292779330666039,0.759147091539063,0.789783889980354,0.990553797927612,0.990553797927611,500,"tags=18%, list=12%, signal=16%","2793/54331",0.0557104226766671
"R-HSA-435354","Zinc transporters",3,0.441488664758416,0.75884989322942,0.774809160305344,0.990553797927612,0.990553797927611,1523,"tags=67%, list=35%, signal=43%","27173/7922",0.0552495663125249
"R-HSA-442380","Zinc influx into cells by the SLC39 gene family",3,0.441488664758416,0.75884989322942,0.774809160305344,0.990553797927612,0.990553797927611,1523,"tags=67%, list=35%, signal=43%","27173/7922",0.0552495663125249
"R-HSA-6783589","Interleukin-6 family signaling",5,0.371736750363013,0.758118084522627,0.772900763358779,0.990553797927612,0.990553797927611,96,"tags=20%, list=2%, signal=20%","6772",0.0553642837725362
"R-HSA-1059683","Interleukin-6 signaling",5,0.371736750363013,0.758118084522627,0.772900763358779,0.990553797927612,0.990553797927611,96,"tags=20%, list=2%, signal=20%","6772",0.0553642837725362
"R-HSA-1362409","Mitochondrial iron-sulfur cluster biogenesis",8,-0.317150784632694,-0.757438526252432,0.776422764227642,0.990553797927612,0.990553797927611,1193,"tags=38%, list=28%, signal=27%","51312/51218/23479",0.0580983576873206
"R-HSA-9830369","Kidney development",3,0.440603790767166,0.757328933378391,0.774809160305344,0.990553797927612,0.990553797927611,1044,"tags=67%, list=24%, signal=51%","1499/3688",0.0552495663125249
"R-HSA-5689880","Ub-specific processing proteases",83,0.179554198418872,0.755889604673634,0.921104536489152,1,1,1056,"tags=28%, list=24%, signal=21%","5689/5719/5688/8078/5684/5707/7046/5683/55611/5691/5704/8678/3091/5709/4193/5701/10213/5685/10868/7416/5714/5687/11047",0.0487989701682839
"R-HSA-2024101","CS/DS degradation",5,0.370590182514427,0.755779779740286,0.780534351145038,0.990553797927612,0.990553797927611,163,"tags=20%, list=4%, signal=19%","3073",0.0549073703290958
"R-HSA-9940951","Interaction of NuRD complexes with transcription factors",13,-0.276244226698824,-0.754867331689925,0.79874213836478,0.990553797927612,0.990553797927611,660,"tags=31%, list=15%, signal=26%","8932/6941/22806/10320",0.0582216241124161
"R-HSA-2426168","Activation of gene expression by SREBF (SREBP)",16,-0.262444542679004,-0.754282943248478,0.807453416149068,0.991915102125026,0.991915102125026,1270,"tags=38%, list=29%, signal=27%","79071/2222/5469/4801/4802/6713",0.0571258510018113
"R-HSA-8982491","Glycogen metabolism",13,0.27408004368334,0.75352847530964,0.796190476190476,0.990553797927612,0.990553797927611,30,"tags=8%, list=1%, signal=8%","2992",0.0538979025357319
"R-HSA-5625886","Activated PKN1 stimulates transcription of AR (androgen receptor) regulated genes KLK2 and KLK3",1,-0.56918093475243,-0.752821378326564,0.886,1,1,1864,"tags=100%, list=43%, signal=57%","5585",0.051218434854034
"R-HSA-389977","Post-chaperonin tubulin folding pathway",10,0.294407350789904,0.752447666710477,0.792563600782779,0.990553797927612,0.990553797927611,1782,"tags=60%, list=41%, signal=35%","1155/6903/402/7846/6902/10376",0.0553642837725362
"R-HSA-1257604","PIP3 activates AKT signaling",104,0.170629428026159,0.751630367495882,0.943887775551102,1,1,801,"tags=22%, list=19%, signal=18%","5689/2323/5719/5688/54815/10670/3654/5684/5293/6015/5707/572/5683/5691/5704/5709/10542/3066/4193/5928/389541/5701/10213",0.0484087618816951
"R-HSA-170670","Adenylate cyclase inhibitory pathway",2,0.491951495230489,0.748981160947294,0.851063829787234,0.996775893009039,0.996775893009038,196,"tags=50%, list=5%, signal=48%","2773",0.051530912208539
"R-HSA-383280","Nuclear Receptor transcription pathway",10,-0.298358423644651,-0.748518927396352,0.773930753564155,0.990553797927612,0.990553797927611,1269,"tags=50%, list=29%, signal=35%","6095/5469/9611/4929/2908",0.0583452776743612
"R-HSA-8963898","Plasma lipoprotein assembly",3,0.435032819302274,0.747753305647087,0.786259541984733,0.990553797927612,0.990553797927611,399,"tags=33%, list=9%, signal=30%","51128",0.054568064667094
"R-HSA-9634597","GPER1 signaling",14,0.2626833025511,0.747623951025581,0.797595190380762,0.990553797927612,0.990553797927611,1044,"tags=36%, list=24%, signal=27%","2773/2793/54331/5575/3688",0.0561766586307176
"R-HSA-5250913","Positive epigenetic regulation of rRNA expression",26,0.223624311697676,0.747616757018293,0.836978131212724,0.993789378937894,0.993789378937894,937,"tags=27%, list=22%, signal=21%","60/54815/2033/3066/5435/5928/5441",0.0535669384770951
"R-HSA-6807505","RNA polymerase II transcribes snRNA genes",35,0.210038927005511,0.747472120058986,0.87279843444227,1,1,1620,"tags=51%, list=37%, signal=32%","51593/5432/10302/5435/79035/6880/5441/8812/1025/5430/5440/2958/22916/5434/79664/6827/55197/5436",0.0509082865515105
"R-HSA-427359","SIRT1 negatively regulates rRNA expression",3,0.434580004146347,0.746974987288867,0.786259541984733,0.990553797927612,0.990553797927611,1567,"tags=67%, list=36%, signal=43%","23378/9014",0.054568064667094
"R-HSA-2122947","NOTCH1 Intracellular Domain Regulates Transcription",22,0.235674880129577,0.746643240851227,0.825490196078431,0.993044061008793,0.993044061008793,903,"tags=27%, list=21%, signal=22%","892/3091/2033/3066/7090/9978",0.0535669384770951
"R-HSA-9759475","Regulation of CDH11 Expression and Function",8,0.306659341867093,0.746278971700192,0.782352941176471,0.990553797927612,0.990553797927611,660,"tags=25%, list=15%, signal=21%","8728/1499",0.0560595875032335
"R-HSA-9764260","Regulation of Expression and Function of Type II Classical Cadherins",8,0.306659341867093,0.746278971700192,0.782352941176471,0.990553797927612,0.990553797927611,660,"tags=25%, list=15%, signal=21%","8728/1499",0.0560595875032335
"R-HSA-72187","mRNA 3'-end processing",134,-0.162051375665098,-0.745519651562051,0.966417910447761,1,1,1127,"tags=30%, list=26%, signal=23%","1660/5437/5511/7311/3181/55660/9775/10285/9584/11051/23524/10236/8683/5093/7314/6430/6429/10291/9295/3184/6625/220988/11325/84991/84321/22826/51585/2962/6631/11338/2963/3178/11052/5094/4904/3191/51362/5930/10929/27316",0.0440640346597561
"R-HSA-5358565","Mismatch repair (MMR) directed by MSH2:MSH6 (MutSalpha)",12,0.276551857048294,0.743582283409261,0.80952380952381,0.991915102125026,0.991915102125026,1623,"tags=42%, list=38%, signal=26%","6118/4436/5425/4292/5111",0.0513223330421143
"R-HSA-9010553","Regulation of expression of SLITs and ROBOs",126,0.162131160598977,0.743294961599513,0.974217311233886,1,1,1084,"tags=21%, list=25%, signal=17%","5689/6231/5719/51121/5688/10921/55110/5684/6204/5707/5683/5691/5704/5709/6166/5701/10213/5685/9978/6142/8453/5714/6207/5687/11047/2107/6144",0.0431036828790403
"R-HSA-392451","G beta:gamma signalling through PI3Kgamma",10,0.290600520153731,0.742718151390752,0.806262230919765,0.991915102125026,0.991915102125026,500,"tags=20%, list=12%, signal=18%","2793/54331",0.054568064667094
"R-HSA-8868766","rRNA processing in the mitochondrion",4,0.39544716777842,0.742224800588739,0.799618320610687,0.990553797927612,0.990553797927611,264,"tags=25%, list=6%, signal=23%","285367",0.05378728077603
"R-HSA-1912422","Pre-NOTCH Expression and Processing",21,0.240072624049108,0.742077308477783,0.837944664031621,0.993789378937894,0.993789378937894,290,"tags=10%, list=7%, signal=9%","5045/488",0.0532386494755899
"R-HSA-112316","Neuronal System",60,-0.181521274459645,-0.741144695485648,0.896265560165975,1,1,1065,"tags=28%, list=25%, signal=22%","27163/6844/2035/163/5594/5576/10681/808/10313/10383/5567/5571/5579/2771/5879/3838/814",0.0523759084097997
"R-HSA-9840309","Glycosphingolipid biosynthesis",3,0.430241864988979,0.739518405276314,0.791984732824427,0.990553797927612,0.990553797927611,233,"tags=33%, list=5%, signal=32%","30815",0.0542315935495841
"R-HSA-2408522","Selenoamino acid metabolism",83,-0.173345927574108,-0.739102626214772,0.943434343434343,1,1,1549,"tags=45%, list=36%, signal=29%","6170/6188/7296/6217/51065/2197/9255/6141/6173/6235/6234/6147/6154/6201/6155/23521/6181/6158/6227/6202/6169/6210/6230/6218/7311/6125/6224/6191/9045/6146/6152/6168/6130/6167/6205/6137/6187",0.0487989701682839
"R-HSA-5696394","DNA Damage Recognition in GG-NER",26,0.220985057274062,0.738793249331902,0.84493041749503,0.993789378937894,0.993789378937894,587,"tags=19%, list=14%, signal=17%","60/8533/51138/29844/10987",0.0531298054705469
"R-HSA-139853","Elevation of cytosolic Ca2+ levels",5,0.362211476394065,0.738692288044769,0.811068702290076,0.991915102125026,0.991915102125026,325,"tags=20%, list=8%, signal=19%","80228",0.0531298054705469
"R-HSA-422085","Synthesis, secretion, and deacylation of Ghrelin",5,0.362133569853151,0.73853340583172,0.811068702290076,0.991915102125026,0.991915102125026,1507,"tags=60%, list=35%, signal=39%","9789/90701/28972",0.0531298054705469
"R-HSA-164952","The role of Nef in HIV-1 replication and disease pathogenesis",22,-0.234186340541713,-0.737982321517007,0.853658536585366,0.997567974245022,0.997567974245022,1425,"tags=55%, list=33%, signal=37%","1794/162/160/926/55690/3105/163/8905/920/9844/5062/5879",0.0536769600638126
"R-HSA-5620916","VxPx cargo-targeting to cilium",9,0.303597226447418,0.73604458386577,0.799242424242424,0.990553797927612,0.990553797927611,914,"tags=33%, list=21%, signal=26%","8766/23265/55763",0.053457214108991
"R-HSA-68962","Activation of the pre-replicative complex",25,0.227633814226925,0.735332915181611,0.863984674329502,1,1,1422,"tags=40%, list=33%, signal=27%","6118/8318/54107/23649/4176/4172/51053/56655/1017/4171",0.0503964322442957
"R-HSA-9948299","Ribosome-associated quality control",123,0.16011639681128,0.73431029236837,0.975510204081633,1,1,1511,"tags=33%, list=35%, signal=22%","5689/6231/5719/51121/5688/5684/6204/5707/5683/5691/5704/5709/6166/5701/10213/55666/5685/9978/9147/6142/8453/5714/6207/5687/11047/6144/6059/6139/5690/5700/200916/116832/7323/22980/9861/6175/5686/5702/5692/6129/5694",0.0477342401407188
"R-HSA-1655829","Regulation of cholesterol biosynthesis by SREBP (SREBF)",21,-0.230333475935988,-0.734225977678283,0.844758064516129,0.993789378937894,0.993789378937894,1292,"tags=38%, list=30%, signal=27%","3837/79071/2222/5469/4801/4802/3638/6713",0.05378728077603
"R-HSA-9842860","Regulation of endogenous retroelements",34,0.208471777402719,0.734175797110285,0.869140625,1,1,749,"tags=18%, list=17%, signal=15%","1788/60/54815/3066/6605/5928",0.051011413203915
"R-HSA-9865881","Complex III assembly",18,0.246991658653347,0.733210381501272,0.825490196078431,0.993044061008793,0.993044061008793,1173,"tags=33%, list=27%, signal=24%","84300/3313/10975/790955/7381/4519",0.0535669384770951
"R-HSA-9969896","Lanosterol biosynthesis",8,-0.306503172456953,-0.732009260221002,0.810975609756098,0.991915102125026,0.991915102125026,235,"tags=12%, list=5%, signal=12%","6713",0.0560595875032335
"R-HSA-76046","RNA Polymerase III Transcription Initiation",15,0.256340211308188,0.731978261005453,0.808080808080808,0.991915102125026,0.991915102125026,1225,"tags=40%, list=28%, signal=29%","10302/5435/112495/5441/5440/51728",0.0559428593065705
"R-HSA-6802957","Oncogenic MAPK signaling",34,-0.207587428439537,-0.730177534567081,0.887755102040816,1,1,1435,"tags=47%, list=33%, signal=32%","5500/27044/369/805/8087/8826/54518/5908/5594/808/56829/5894/5604/7094/5501/4140",0.0520570030732099
"R-HSA-9013408","RHOG GTPase cycle",28,-0.215553395680623,-0.729065294016403,0.858,0.999772532188841,0.999772532188841,966,"tags=32%, list=22%, signal=25%","55004/391/3998/2010/3930/4698/5295/5062/7112",0.0526973085708419
"R-HSA-174411","Polymerase switching on the C-strand of the telomere",20,0.23910429874925,0.728093856503111,0.817120622568093,0.993044061008793,0.993044061008793,1034,"tags=35%, list=24%, signal=27%","5982/5984/5983/65057/23649/7013/5425",0.0536769600638126
"R-HSA-5684996","MAPK1/MAPK3 signaling",99,-0.167115441355836,-0.728074401490123,0.961538461538462,1,1,647,"tags=16%, list=15%, signal=14%","5786/6709/2885/81926/5894/5515/5604/5295/5525/7094/5501/4140/23463/5527/1843/1844",0.0480220415968251
"R-HSA-9027276","Erythropoietin activates Phosphoinositide-3-kinase (PI3K)",2,0.477842061327535,0.727499977766841,0.870406189555126,1,1,362,"tags=50%, list=8%, signal=46%","5293",0.0504983044100709
"R-HSA-390471","Association of TriC/CCT with target proteins during biosynthesis",24,0.227193798489328,0.727028781175607,0.872137404580153,1,1,825,"tags=25%, list=19%, signal=20%","22948/10574/10528/10576/26190/26270",0.0497903187820785
"R-HSA-9757110","Prednisone ADME",1,-0.548357242017584,-0.725279132778031,0.924,1,1,1954,"tags=100%, list=45%, signal=55%","5243",0.0492917662312669
"R-HSA-210993","Tie2 Signaling",5,-0.355664973311484,-0.724932820957649,0.790794979079498,0.990553797927612,0.990553797927611,963,"tags=60%, list=22%, signal=47%","5781/2885/5295",0.0585937568945671
"R-HSA-381033","ATF6 (ATF6-alpha) activates chaperones",8,-0.303444268757225,-0.724703802935272,0.81910569105691,0.993044061008793,0.993044061008793,988,"tags=38%, list=23%, signal=29%","4801/4802/468",0.0555947097758869
"R-HSA-381183","ATF6 (ATF6-alpha) activates chaperone genes",8,-0.303444268757225,-0.724703802935272,0.81910569105691,0.993044061008793,0.993044061008793,988,"tags=38%, list=23%, signal=29%","4801/4802/468",0.0555947097758869
"R-HSA-9836573","Mitochondrial RNA degradation",5,-0.355467960342191,-0.724531259999129,0.790794979079498,0.990553797927612,0.990553797927611,1577,"tags=80%, list=36%, signal=51%","10128/25996/2926/10922",0.0585937568945671
"R-HSA-190861","Gap junction assembly",5,-0.355257063455303,-0.724101400196745,0.794979079497908,0.990553797927612,0.990553797927611,2790,"tags=100%, list=65%, signal=36%","7846/10376/84790/7277/10383",0.0583452776743612
"R-HSA-190840","Microtubule-dependent trafficking of connexons from Golgi to the plasma membrane",5,-0.355257063455303,-0.724101400196745,0.794979079497908,0.990553797927612,0.990553797927611,2790,"tags=100%, list=65%, signal=36%","7846/10376/84790/7277/10383",0.0583452776743612
"R-HSA-190872","Transport of connexons to the plasma membrane",5,-0.355257063455303,-0.724101400196745,0.794979079497908,0.990553797927612,0.990553797927611,2790,"tags=100%, list=65%, signal=36%","7846/10376/84790/7277/10383",0.0583452776743612
"R-HSA-9012852","Signaling by NOTCH3",16,-0.251627223915943,-0.723193254922827,0.832298136645963,0.993050475493782,0.993050475493782,1069,"tags=38%, list=25%, signal=28%","7311/102/7314/10320/4904/10460",0.0557104226766671
"R-HSA-186763","Downstream signal transduction",9,-0.301300919291147,-0.723021441015039,0.818565400843882,0.993044061008793,0.993044061008793,963,"tags=44%, list=22%, signal=35%","5781/6774/2885/5295",0.0573667426768556
"R-HSA-1632852","Macroautophagy",72,-0.173069367742834,-0.720325037657542,0.950787401574803,1,1,1069,"tags=26%, list=25%, signal=20%","7311/1459/123/55004/140735/54543/25978/7314/10383/7322/9804/5571/5116/8878/10226/81631/7431/26100/23710",0.0472587336673259
"R-HSA-9013404","RAC2 GTPase cycle",37,-0.197932300317735,-0.719948168841172,0.897590361445783,1,1,966,"tags=27%, list=22%, signal=21%","55004/3998/2010/3930/5295/5062/51566/29127/50619/7112",0.0508054139066364
"R-HSA-1236394","Signaling by ERBB4",16,-0.249935951718435,-0.718332426962951,0.836438923395445,0.993789378937894,0.993789378937894,1180,"tags=38%, list=27%, signal=27%","9611/7311/7314/2885/3925/5295",0.0554793308704233
"R-HSA-8964043","Plasma lipoprotein clearance",17,0.24322201749146,0.717545735660467,0.843809523809524,0.993789378937894,0.993789378937894,1037,"tags=29%, list=24%, signal=22%","55911/1175/6646/1173/1213",0.051218434854034
"R-HSA-76066","RNA Polymerase III Transcription Initiation From Type 2 Promoter",12,0.266188801570876,0.715718487674021,0.82967032967033,0.993044061008793,0.993044061008793,1464,"tags=50%, list=34%, signal=33%","5435/112495/5441/5440/51728/5434",0.0501934252649434
"R-HSA-5655253","Signaling by FGFR2 in disease",17,-0.242478251510351,-0.71433393912424,0.846960167714885,0.994735481764634,0.994735481764634,617,"tags=24%, list=14%, signal=20%","2885/5295/2962/2963",0.0554793308704233
"R-HSA-1227990","Signaling by ERBB2 in Cancer",5,-0.350079707188264,-0.713548672867926,0.805439330543933,0.991915102125026,0.991915102125026,617,"tags=40%, list=14%, signal=34%","2885/5295",0.0577308549299813
"R-HSA-9664565","Signaling by ERBB2 KD Mutants",5,-0.350079707188264,-0.713548672867926,0.805439330543933,0.991915102125026,0.991915102125026,617,"tags=40%, list=14%, signal=34%","2885/5295",0.0577308549299813
"R-HSA-9665348","Signaling by ERBB2 ECD mutants",5,-0.350079707188264,-0.713548672867926,0.805439330543933,0.991915102125026,0.991915102125026,617,"tags=40%, list=14%, signal=34%","2885/5295",0.0577308549299813
"R-HSA-199992","trans-Golgi Network Vesicle Budding",44,0.193109665115586,0.713399795872253,0.890151515151515,1,1,1324,"tags=36%, list=31%, signal=25%","6810/4074/23557/2512/9698/9179/5878/8673/7037/1213/6643/6845/84062/375/8301/1174",0.048505983646947
"R-HSA-8876384","Listeria monocytogenes entry into host cells",12,-0.267011395711668,-0.713086304949626,0.833333333333333,0.993050475493782,0.993050475493782,1069,"tags=42%, list=25%, signal=31%","7311/7314/30011/2885/867",0.0583452776743612
"R-HSA-432720","Lysosome Vesicle Biogenesis",20,0.233461633361257,0.710911438517353,0.840466926070039,0.993789378937894,0.993789378937894,1324,"tags=35%, list=31%, signal=24%","4074/9179/8673/1213/6845/375/1174",0.0523759084097997
"R-HSA-3560801","Defective B3GAT3 causes JDSSDHD",1,-0.537482646922721,-0.710895960102687,0.948,1,1,2001,"tags=100%, list=46%, signal=54%","26229",0.0481183992657975
"R-HSA-72695","Formation of the ternary complex, and subsequently, the 43S complex",49,-0.188159006075661,-0.710497268614388,0.940816326530612,1,1,1546,"tags=45%, list=36%, signal=29%","6188/8667/6217/51065/2197/6235/6234/6201/6227/6202/6210/6230/6218/6224/6191/1968/3646/8664/1964/6205/8665/6187",0.0493910105981501
"R-HSA-352230","Amino acid transport across the plasma membrane",6,0.335826214749761,0.708892372418066,0.818,0.993044061008793,0.993044061008793,210,"tags=17%, list=5%, signal=16%","6509",0.0549073703290958
"R-HSA-9958863","SLC-mediated transport of amino acids",6,0.335826214749761,0.708892372418066,0.818,0.993044061008793,0.993044061008793,210,"tags=17%, list=5%, signal=16%","6509",0.0549073703290958
"R-HSA-1483255","PI Metabolism",17,0.239867780411458,0.707650173827813,0.84952380952381,0.996515709604955,0.996515709604955,362,"tags=18%, list=8%, signal=16%","3631/5868/5293",0.0509082865515105
"R-HSA-9669938","Signaling by KIT in disease",8,-0.296220833089507,-0.70745236061905,0.841463414634146,0.993789378937894,0.993789378937894,701,"tags=38%, list=16%, signal=31%","6774/2885/5295",0.0543434390269162
"R-HSA-9670439","Signaling by phosphorylated juxtamembrane, extracellular and kinase domain KIT mutants",8,-0.296220833089507,-0.70745236061905,0.841463414634146,0.993789378937894,0.993789378937894,701,"tags=38%, list=16%, signal=31%","6774/2885/5295",0.0543434390269162
"R-HSA-73762","RNA Polymerase I Transcription Initiation",21,0.228532843477189,0.706407230137311,0.869565217391304,1,1,937,"tags=24%, list=22%, signal=19%","54815/3066/5435/5928/5441",0.051530912208539
"R-HSA-450302","activated TAK1 mediates p38 MAPK activation",12,0.26239682788963,0.705522770752703,0.842490842490842,0.993789378937894,0.993789378937894,990,"tags=33%, list=23%, signal=26%","3654/7867/7334/5606",0.0494904866135495
"R-HSA-450321","JNK (c-Jun kinases) phosphorylation and  activation mediated by activated human TAK1",10,-0.280927225525193,-0.704787694471117,0.810590631364562,0.991915102125026,0.991915102125026,1069,"tags=40%, list=25%, signal=30%","7311/7314/6885/8517",0.0561766586307176
"R-HSA-351906","Apoptotic cleavage of cell adhesion  proteins",2,-0.457830496830482,-0.703374918050463,0.828865979381443,0.993044061008793,0.993044061008793,411,"tags=50%, list=10%, signal=45%","836",0.0557104226766671
"R-HSA-9725371","Nuclear events stimulated by ALK signaling in cancer",25,0.217352056815858,0.70211941974401,0.89272030651341,1,1,631,"tags=16%, list=15%, signal=14%","3002/5551/597/1786",0.0488970772260102
"R-HSA-111458","Formation of apoptosome",5,-0.343635977529861,-0.700414764641705,0.828451882845188,0.993044061008793,0.993044061008793,1231,"tags=60%, list=28%, signal=43%","331/22900/5594",0.0564118388217596
"R-HSA-9627069","Regulation of the apoptosome activity",5,-0.343635977529861,-0.700414764641705,0.828451882845188,0.993044061008793,0.993044061008793,1231,"tags=60%, list=28%, signal=43%","331/22900/5594",0.0564118388217596
"R-HSA-674695","RNA Polymerase II Pre-transcription Events",44,0.189465931096774,0.699938848158023,0.90719696969697,1,1,1620,"tags=45%, list=37%, signal=29%","6873/6883/5432/5435/83860/6880/51497/5441/8812/1025/5430/5440/2958/22916/4300/5434/11198/6827/6749/5436",0.0476387259290825
"R-HSA-177504","Retrograde neurotrophin signalling",7,0.312582970901864,0.698089797551609,0.817635270541082,0.993044061008793,0.993044061008793,1037,"tags=43%, list=24%, signal=33%","1175/1173/1213",0.0550211117163117
"R-HSA-9933387","RORA,B,C and NR1D1 (REV-ERBA) regulate gene expression",10,0.273127753303965,0.698061173187564,0.86692759295499,1,1,3145,"tags=100%, list=73%, signal=27%","2033/80205/6097/8648/8841/1387/79718/6095/5469/9611",0.051218434854034
"R-HSA-2644602","Signaling by NOTCH1 PEST Domain Mutants in Cancer",24,0.217758239876318,0.69683463536819,0.904580152671756,1,1,1235,"tags=29%, list=29%, signal=21%","892/5663/2033/3066/9978/55851/22938",0.0481183992657975
"R-HSA-2644603","Signaling by NOTCH1 in Cancer",24,0.217758239876318,0.69683463536819,0.904580152671756,1,1,1235,"tags=29%, list=29%, signal=21%","892/5663/2033/3066/9978/55851/22938",0.0481183992657975
"R-HSA-2644606","Constitutive Signaling by NOTCH1 PEST Domain Mutants",24,0.217758239876318,0.69683463536819,0.904580152671756,1,1,1235,"tags=29%, list=29%, signal=21%","892/5663/2033/3066/9978/55851/22938",0.0481183992657975
"R-HSA-2894858","Signaling by NOTCH1 HD+PEST Domain Mutants in Cancer",24,0.217758239876318,0.69683463536819,0.904580152671756,1,1,1235,"tags=29%, list=29%, signal=21%","892/5663/2033/3066/9978/55851/22938",0.0481183992657975
"R-HSA-2894862","Constitutive Signaling by NOTCH1 HD+PEST Domain Mutants",24,0.217758239876318,0.69683463536819,0.904580152671756,1,1,1235,"tags=29%, list=29%, signal=21%","892/5663/2033/3066/9978/55851/22938",0.0481183992657975
"R-HSA-9758881","Uptake of dietary cobalamins into enterocytes",2,-0.453135848183291,-0.696162427553754,0.843298969072165,0.993789378937894,0.993789378937894,2366,"tags=100%, list=55%, signal=45%","55788/5826",0.0549073703290958
"R-HSA-6802952","Signaling by BRAF and RAF1 fusions",31,-0.204216746618535,-0.695460608708504,0.935146443514644,1,1,1320,"tags=42%, list=31%, signal=29%","369/805/8087/8826/54518/5908/5594/808/56829/5894/5604/7094/4140",0.0508054139066364
"R-HSA-72202","Transport of Mature Transcript to Cytoplasm",60,0.177591555310356,0.694426393285104,0.940384615384615,1,1,339,"tags=12%, list=8%, signal=11%","10189/26097/10921/7919/6396/55110/10212",0.0466948041282054
"R-HSA-5685939","HDR through MMEJ (alt-NHEJ)",8,0.285219947345219,0.694104564749977,0.845098039215686,0.993789378937894,0.993789378937894,225,"tags=12%, list=5%, signal=12%","2237",0.0524827622635459
"R-HSA-3214815","HDACs deacetylate histones",17,0.235209774003251,0.693908273857736,0.87047619047619,1,1,749,"tags=24%, list=17%, signal=20%","54815/3066/5926/5928",0.0497903187820785
"R-HSA-5693565","Recruitment and ATM-mediated phosphorylation of repair and signaling proteins at DNA double strand breaks",21,0.224460170696337,0.693818380960959,0.885375494071146,1,1,277,"tags=10%, list=6%, signal=9%","51720/7336",0.0507027937029348
"R-HSA-2029481","FCGR activation",3,0.403586600674793,0.693702179190667,0.851145038167939,0.996775893009039,0.996775893009038,865,"tags=33%, list=20%, signal=27%","919",0.0509082865515105
"R-HSA-2206281","Mucopolysaccharidoses",3,-0.404073198419066,-0.692792812988042,0.836820083682008,0.993789378937894,0.993789378937894,463,"tags=33%, list=11%, signal=30%","3423",0.0559428593065705
"R-HSA-9833109","Evasion by RSV of host interferon responses",14,-0.245638551402457,-0.691585986156539,0.880715705765408,1,1,1151,"tags=36%, list=27%, signal=26%","3716/7311/7314/5610/8065",0.051218434854034
"R-HSA-9937848","CHD chromatin remodelers",60,0.176818926560705,0.691405226005888,0.944230769230769,1,1,1531,"tags=42%, list=35%, signal=27%","10262/22827/54815/6632/84844/2033/1499/3066/80205/5928/23350/6635/6628/7341/10946/83443/6637/1665/9879/6636/23450/57680/6627/10992/11198",0.0465084048719156
"R-HSA-5250924","B-WICH complex positively regulates rRNA expression",16,-0.240345655443223,-0.690769282280077,0.869565217391304,1,1,239,"tags=12%, list=6%, signal=12%","8467/7913",0.0536769600638126
"R-HSA-8957322","Metabolism of steroids",36,0.189033447923353,0.690112218124486,0.927509293680297,1,1,399,"tags=11%, list=9%, signal=10%","114883/6307/231/51128",0.04577044581081
"R-HSA-442982","Ras activation upon Ca2+ influx through NMDA receptor",7,-0.304911955514365,-0.690093003735273,0.821073558648111,0.993044061008793,0.993044061008793,3008,"tags=100%, list=70%, signal=30%","801/3845/818/1739/1741/805/808",0.0544555953940371
"R-HSA-1839126","FGFR2 mutant receptor activation",14,0.242440123023676,0.6900097604294,0.877755511022044,1,1,1728,"tags=64%, list=40%, signal=39%","5432/5435/5441/5430/5440/22916/5434/5436/5438",0.0517405459873163
"R-HSA-8851708","Signaling by FGFR2 IIIa TM",14,0.242440123023676,0.6900097604294,0.877755511022044,1,1,1728,"tags=64%, list=40%, signal=39%","5432/5435/5441/5430/5440/22916/5434/5436/5438",0.0517405459873163
"R-HSA-70171","Glycolysis",33,-0.198265803665109,-0.689908091505965,0.91340206185567,1,1,679,"tags=21%, list=16%, signal=18%","230/5567/5515/10762/57122/4928/9818",0.051218434854034
"R-HSA-70326","Glucose metabolism",33,-0.198265803665109,-0.689908091505965,0.91340206185567,1,1,679,"tags=21%, list=16%, signal=18%","230/5567/5515/10762/57122/4928/9818",0.051218434854034
"R-HSA-8936459","RUNX1 regulates genes involved in megakaryocyte differentiation and platelet function",13,0.250677270163272,0.689187212036319,0.868571428571429,1,1,655,"tags=23%, list=15%, signal=20%","9070/3276/2033",0.0498907356726307
"R-HSA-1169410","Antimicrobial mechanism of IFN-stimulated genes",89,0.161701838484194,0.687731873883383,0.990253411306043,1,1,441,"tags=11%, list=10%, signal=10%","5045/317649/6772/2633/60/6396/1973/9246/5611/3836",0.0449543067640062
"R-HSA-983170","Antigen Presentation: Folding, assembly and peptide loading of class I MHC",21,-0.215324231276545,-0.686381532620913,0.897177419354839,1,1,86,"tags=10%, list=2%, signal=9%","64167/3134",0.051011413203915
"R-HSA-9615017","FOXO-mediated transcription of oxidative stress, metabolic and neuronal genes",7,-0.30232703800194,-0.684242680524601,0.831013916500994,0.993050475493782,0.993050475493782,99,"tags=14%, list=2%, signal=14%","2908",0.0538979025357319
"R-HSA-8854214","TBC/RABGAPs",20,0.224625653762136,0.684005094733659,0.877431906614786,1,1,1124,"tags=35%, list=26%, signal=26%","5868/8766/26088/5878/11021/374403/7879",0.0503964322442957
"R-HSA-9686114","Non-canonical inflammasome activation",10,0.267217664231281,0.682956140243039,0.882583170254403,1,1,98,"tags=10%, list=2%, signal=10%","2633",0.0503964322442957
"R-HSA-74158","RNA Polymerase III Transcription",16,0.237642251399796,0.68239692192675,0.901734104046243,1,1,1603,"tags=50%, list=37%, signal=32%","10302/5435/112495/5441/5440/51728/5434/6741",0.048701086452153
"R-HSA-749476","RNA Polymerase III Abortive And Retractive Initiation",16,0.237642251399796,0.68239692192675,0.901734104046243,1,1,1603,"tags=50%, list=37%, signal=32%","10302/5435/112495/5441/5440/51728/5434/6741",0.048701086452153
"R-HSA-2122948","Activated NOTCH1 Transmits Signal to the Nucleus",12,0.253517348306148,0.681647958358954,0.877289377289377,1,1,585,"tags=17%, list=14%, signal=14%","83737/5663",0.0476387259290825
"R-HSA-74752","Signaling by Insulin receptor",22,0.215079305633854,0.68139425682618,0.894117647058824,1,1,131,"tags=9%, list=3%, signal=9%","51606/2323",0.0498907356726307
"R-HSA-9818030","NFE2L2 regulating tumorigenic genes",4,0.362073335592871,0.679584610047076,0.862595419847328,1,1,655,"tags=25%, list=15%, signal=21%","2033",0.0502948063662358
"R-HSA-2151209","Activation of PPARGC1A (PGC-1alpha) by phosphorylation",2,0.446107350095218,0.679184846922546,0.90715667311412,1,1,376,"tags=50%, list=9%, signal=46%","5564",0.0486034247259069
"R-HSA-9013407","RHOH GTPase cycle",21,-0.212740452442561,-0.678145311060947,0.899193548387097,1,1,966,"tags=29%, list=22%, signal=22%","55004/55968/6510/6093/5062/9497",0.0509082865515105
"R-HSA-9664323","FCGR3A-mediated IL10 synthesis",15,-0.23523488022196,-0.677032827417345,0.903353057199211,1,1,1328,"tags=47%, list=31%, signal=32%","3710/805/10768/917/5576/808/5567",0.0496901392724606
"R-HSA-9937850","NuRD complex assembly",15,-0.234720221035388,-0.675551579551756,0.903353057199211,1,1,660,"tags=27%, list=15%, signal=23%","8932/6941/22806/10320",0.0496901392724606
"R-HSA-9931530","Phosphorylation and nuclear translocation of the CRY:PER:kinase complex",7,0.30093804149425,0.672083241950678,0.849699398797595,0.996515709604955,0.996515709604955,1083,"tags=43%, list=25%, signal=32%","5499/1453/1460",0.0532386494755899
"R-HSA-168255","Influenza Infection",129,-0.148983098600655,-0.671980922785784,0.995798319327731,1,1,1549,"tags=40%, list=36%, signal=27%","6170/6188/6217/51065/2197/7175/6141/6173/6235/6234/6147/6154/6201/6155/23521/2926/6181/6158/3837/6227/6202/1211/6169/53371/6210/6230/5437/6218/7311/6125/6224/6191/5903/9045/6146/6152/5610/6168/6130/2962/142/6167/10762/2963/7514/57122/6205/6137/3838/4928/9818/6187",0.0481183992657975
"R-HSA-195721","Signaling by WNT",110,0.150998147990783,0.671816089317644,0.993975903614458,1,1,1083,"tags=25%, list=25%, signal=20%","5689/5719/5688/5684/9070/2793/5707/54331/5683/5691/5704/5709/1175/2033/1499/7090/440193/5701/10213/5685/5530/9978/1173/5714/1213/5687/11047/1460",0.0461379160269737
"R-HSA-909733","Interferon alpha/beta signaling",33,-0.193055128572973,-0.671776437726954,0.917525773195876,1,1,75,"tags=6%, list=2%, signal=6%","3134/8651",0.051011413203915
"R-HSA-6791226","Major pathway of rRNA processing in the nucleolus and cytosol",118,0.147838659806761,0.668488273823426,0.992202729044834,1,1,1109,"tags=19%, list=26%, signal=15%","9790/6231/51121/25879/81887/4809/79897/117246/6204/10528/10200/10556/6166/83732/26354/11056/1453/6142/54555/6207/51602/6144/27043",0.0448645113168564
"R-HSA-2029485","Role of phospholipids in phagocytosis",8,-0.279896684580676,-0.668466050043862,0.867886178861789,1,1,1328,"tags=50%, list=31%, signal=35%","3710/10768/917/5295",0.0529129848430583
"R-HSA-5693532","DNA Double-Strand Break Repair",77,0.156729712015632,0.668360283918735,0.98728813559322,1,1,498,"tags=10%, list=12%, signal=9%","51720/5982/2237/5984/7336/6118/5883/641",0.0488970772260102
"R-HSA-425561","Sodium/Calcium exchangers",4,-0.351354074834487,-0.666160512538454,0.855648535564854,0.999176677014442,0.999176677014442,1303,"tags=50%, list=30%, signal=35%","805/808",0.0549073703290958
"R-HSA-193368","Synthesis of bile acids and bile salts via 7alpha-hydroxycholesterol",2,0.437167322379079,0.665573927141527,0.914893617021277,1,1,2434,"tags=100%, list=56%, signal=44%","8648/6342",0.0482149710025564
"R-HSA-9679504","Translation of Replicase and Assembly of the Replication Transcription Complex",9,0.274492445858889,0.665482621335791,0.867424242424242,1,1,789,"tags=33%, list=18%, signal=27%","29082/8678/79643",0.0496901392724606
"R-HSA-3214847","HATs acetylate histones",38,-0.187815570713814,-0.663439113186538,0.933601609657948,1,1,1140,"tags=34%, list=26%, signal=25%","23522/55578/1386/8473/86/10943/6881/79960/7994/8464/57634/1810/11143",0.0490939668192139
"R-HSA-373760","L1CAM interactions",37,-0.182338776750617,-0.663229135515601,0.949799196787149,1,1,1361,"tags=38%, list=31%, signal=26%","6197/1785/160/1211/9252/1459/163/5594/10383/6709/5604/6386/7430/5879",0.0482149710025564
"R-HSA-2046104","alpha-linolenic (omega3) and linoleic (omega6) acid metabolism",3,-0.386805555555556,-0.663187041261808,0.866108786610879,1,1,2653,"tags=100%, list=61%, signal=39%","64834/6342/60481",0.0543434390269162
"R-HSA-2046106","alpha-linolenic acid (ALA) metabolism",3,-0.386805555555556,-0.663187041261808,0.866108786610879,1,1,2653,"tags=100%, list=61%, signal=39%","64834/6342/60481",0.0543434390269162
"R-HSA-430039","mRNA decay by 5' to 3' exoribonuclease",10,0.2587668442917,0.661357495615902,0.900195694716243,1,1,772,"tags=30%, list=18%, signal=25%","27257/57819/11157",0.0494904866135495
"R-HSA-913709","O-linked glycosylation of mucins",6,-0.307852675469076,-0.660182055401789,0.868525896414343,1,1,2995,"tags=100%, list=69%, signal=31%","56913/55568/29071/6482/2589/10678",0.0519512476197082
"R-HSA-5668599","RHO GTPases Activate NADPH Oxidases",9,-0.275062358091433,-0.660057669203752,0.879746835443038,1,1,377,"tags=22%, list=9%, signal=20%","5579/5879",0.0540088272801684
"R-HSA-9821993","Replacement of protamines by nucleosomes in the male pronucleus",2,-0.427678778060634,-0.657052178814779,0.874226804123711,1,1,2476,"tags=100%, list=57%, signal=43%","124512/6732",0.0532386494755899
"R-HSA-5626467","RHO GTPases activate IQGAPs",15,0.229982072695043,0.656712720858906,0.896969696969697,1,1,660,"tags=20%, list=15%, signal=17%","60/998/1499",0.0511147954416412
"R-HSA-5205685","PINK1-PRKN Mediated Mitophagy",22,-0.208132216047034,-0.655878970675965,0.93089430894309,1,1,863,"tags=27%, list=20%, signal=22%","54543/7314/7322/9804/8878/81631",0.0496901392724606
"R-HSA-162588","Budding and maturation of HIV virion",19,0.213889524076992,0.655756002978916,0.94263862332696,1,1,1009,"tags=26%, list=23%, signal=20%","79720/29082/7251/79643/51160",0.0463227785794633
"R-HSA-1679131","Trafficking and processing of endosomal TLR",4,0.349281939957846,0.655576115744804,0.891221374045801,1,1,1093,"tags=50%, list=25%, signal=37%","10695/1520",0.0487989701682839
"R-HSA-5693606","DNA Double Strand Break Response",22,-0.207971029223956,-0.655371028899268,0.93089430894309,1,1,1069,"tags=32%, list=25%, signal=24%","7311/51035/580/9031/7314/8467/3838",0.0496901392724606
"R-HSA-5099900","WNT5A-dependent internalization of FZD4",10,-0.26070464484867,-0.654053466114938,0.877800407331976,1,1,1300,"tags=50%, list=30%, signal=35%","160/1211/1212/163/5579",0.0524827622635459
"R-HSA-438066","Unblocking of NMDA receptors, glutamate binding and activation",6,-0.304841324994209,-0.653724292632621,0.874501992031873,1,1,3008,"tags=100%, list=70%, signal=30%","801/818/1739/1741/805/808",0.0516355964484201
"R-HSA-9620244","Long-term potentiation",6,-0.304841324994209,-0.653724292632621,0.874501992031873,1,1,3008,"tags=100%, list=70%, signal=30%","801/818/1739/1741/805/808",0.0516355964484201
"R-HSA-9694676","Translation of Replicase and Assembly of the Replication Transcription Complex",10,-0.260326126829528,-0.653103843515961,0.879837067209776,1,1,1175,"tags=40%, list=27%, signal=29%","128866/23479/25978/81631",0.0523759084097997
"R-HSA-9710421","Defective pyroptosis",11,-0.248600481614613,-0.652817769813995,0.890466531440162,1,1,425,"tags=18%, list=10%, signal=16%","8726/2146",0.0516355964484201
"R-HSA-5696395","Formation of Incision Complex in GG-NER",28,-0.192869394875676,-0.652341298719986,0.936,1,1,1069,"tags=25%, list=25%, signal=19%","7311/902/7314/8554/142/5887/1069",0.048701086452153
"R-HSA-5140745","WNT5A-dependent internalization of FZD2, FZD5 and ROR2",7,0.29090517609586,0.64967689986935,0.869739478957916,1,1,1037,"tags=43%, list=24%, signal=33%","1175/1173/1213",0.0521630305460055
"R-HSA-373753","Nephrin family interactions",6,-0.302295999199186,-0.648265907668239,0.876494023904382,1,1,621,"tags=33%, list=14%, signal=29%","6709/5295",0.051530912208539
"R-HSA-6807878","COPI-mediated anterograde transport",52,-0.164916082083937,-0.646266664662497,0.968684759916493,1,1,955,"tags=19%, list=22%, signal=15%","140735/377/11258/10383/6709/10671/2804/84364/11014/1604",0.0490939668192139
"R-HSA-71387","Metabolism of carbohydrates and carbohydrate derivatives",78,0.155875695881181,0.645684305857488,0.9812734082397,1,1,337,"tags=10%, list=8%, signal=10%","2992/3073/30815/226/6396/2023/7167/231",0.0435378240914002
"R-HSA-5693554","Resolution of D-loop Structures through Synthesis-Dependent Strand Annealing (SDSA)",15,0.225626740947075,0.644276091651535,0.905050505050505,1,1,3351,"tags=100%, list=78%, signal=23%","641/7516/10111/675/4683/5889/672/5888/10635/1763/472/116028/5932/5892/580",0.0507027937029348
"R-HSA-9701192","Defective homologous recombination repair (HRR) due to BRCA1 loss of function",15,0.225626740947075,0.644276091651535,0.905050505050505,1,1,3351,"tags=100%, list=78%, signal=23%","641/7516/10111/675/4683/5889/672/5888/10635/1763/472/116028/5932/5892/580",0.0507027937029348
"R-HSA-9701193","Defective homologous recombination repair (HRR) due to PALB2 loss of function",15,0.225626740947075,0.644276091651535,0.905050505050505,1,1,3351,"tags=100%, list=78%, signal=23%","641/7516/10111/675/4683/5889/672/5888/10635/1763/472/116028/5932/5892/580",0.0507027937029348
"R-HSA-9704331","Defective HDR through Homologous Recombination Repair (HRR) due to PALB2 loss of BRCA1 binding function",15,0.225626740947075,0.644276091651535,0.905050505050505,1,1,3351,"tags=100%, list=78%, signal=23%","641/7516/10111/675/4683/5889/672/5888/10635/1763/472/116028/5932/5892/580",0.0507027937029348
"R-HSA-9704646","Defective HDR through Homologous Recombination Repair (HRR) due to PALB2 loss of BRCA2/RAD51/RAD51C binding function",15,0.225626740947075,0.644276091651535,0.905050505050505,1,1,3351,"tags=100%, list=78%, signal=23%","641/7516/10111/675/4683/5889/672/5888/10635/1763/472/116028/5932/5892/580",0.0507027937029348
"R-HSA-9709603","Impaired BRCA2 binding to PALB2",15,0.225626740947075,0.644276091651535,0.905050505050505,1,1,3351,"tags=100%, list=78%, signal=23%","641/7516/10111/675/4683/5889/672/5888/10635/1763/472/116028/5932/5892/580",0.0507027937029348
"R-HSA-936440","Negative regulators of DDX58/IFIH1 signaling",24,0.200987611262429,0.643167987062747,0.942748091603053,1,1,977,"tags=33%, list=23%, signal=26%","9246/83737/9140/9641/84166/8887/3093/3661",0.0462302524077616
"R-HSA-2514856","The phototransduction cascade",11,0.247650386196018,0.642132318465062,0.911591355599214,1,1,1409,"tags=45%, list=33%, signal=31%","9397/4836/2339/801/23173",0.0490939668192139
"R-HSA-2514859","Inactivation, recovery and regulation of the phototransduction cascade",11,0.247650386196018,0.642132318465062,0.911591355599214,1,1,1409,"tags=45%, list=33%, signal=31%","9397/4836/2339/801/23173",0.0490939668192139
"R-HSA-9609523","Insertion of tail-anchored proteins into the endoplasmic reticulum membrane",14,-0.228030390832073,-0.642010880689807,0.918489065606362,1,1,1046,"tags=36%, list=24%, signal=27%","6844/9218/27230/2010/118424",0.0492917662312669
"R-HSA-198753","ERK/MAPK targets",9,0.264307957142799,0.640791230552554,0.890151515151515,1,1,564,"tags=22%, list=13%, signal=19%","4205/1846",0.048505983646947
"R-HSA-948021","Transport to the Golgi and subsequent modification",85,0.15071789693759,0.635272662967938,0.994174757281553,1,1,1259,"tags=32%, list=29%, signal=23%","22870/6396/1778/81876/51128/10960/79090/54732/83548/830/2683/11196/10972/51399/832/22820/1453/22872/11320/1075/2530/55860/4121/51693/10959/23423/375",0.0445961615888961
"R-HSA-157858","Gap junction trafficking and regulation",12,0.236105455809518,0.63483151344584,0.932234432234432,1,1,1535,"tags=42%, list=36%, signal=27%","60/1173/1213/71/7846",0.0448645113168564
"R-HSA-190828","Gap junction trafficking",12,0.236105455809518,0.63483151344584,0.932234432234432,1,1,1535,"tags=42%, list=36%, signal=27%","60/1173/1213/71/7846",0.0448645113168564
"R-HSA-9013423","RAC3 GTPase cycle",37,0.174574328939928,0.630782916047096,0.958333333333333,1,1,1124,"tags=30%, list=26%, signal=22%","9235/4689/998/23344/55845/653361/7037/51347/3688/57580/7879",0.0472587336673259
"R-HSA-9927354","Co-stimulation by ICOS",3,0.365402331122688,0.628069398134977,0.906488549618321,1,1,362,"tags=33%, list=8%, signal=31%","5293",0.0480220415968251
"R-HSA-196791","Vitamin D (calciferol) metabolism",2,-0.408007405693127,-0.626830622971025,0.894845360824742,1,1,2561,"tags=100%, list=59%, signal=41%","7329/6613",0.0521630305460055
"R-HSA-205043","NRIF signals cell death from the nucleus",9,-0.260419566214715,-0.624919865747675,0.90506329113924,1,1,1069,"tags=33%, list=25%, signal=25%","7311/7314/8878",0.0526973085708419
"R-HSA-1630316","Glycosaminoglycan metabolism",17,0.211102003067319,0.622786307146952,0.940952380952381,1,1,1328,"tags=41%, list=31%, signal=29%","3073/2683/55454/10855/11261/2720/2990",0.0462302524077616
"R-HSA-5661231","Metallothioneins bind metals",4,-0.328316739986108,-0.622482172398681,0.891213389121339,1,1,2906,"tags=100%, list=67%, signal=33%","4501/4493/4494/4502",0.0530212512043078
"R-HSA-3000471","Scavenging by Class B Receptors",2,0.408819384703729,0.62241505583736,0.940038684719536,1,1,633,"tags=50%, list=15%, signal=43%","5052",0.0469758727821845
"R-HSA-451306","Ionotropic activity of kainate receptors",5,-0.304770727188513,-0.621197811381302,0.901673640167364,1,1,3008,"tags=100%, list=70%, signal=30%","801/1739/1741/805/808",0.0524827622635459
"R-HSA-451308","Activation of Ca-permeable Kainate Receptor",5,-0.304770727188513,-0.621197811381302,0.901673640167364,1,1,3008,"tags=100%, list=70%, signal=30%","801/1739/1741/805/808",0.0524827622635459
"R-HSA-3371453","Regulation of HSF1-mediated heat shock response",40,0.168547633953462,0.619754351702656,0.980916030534351,1,1,601,"tags=15%, list=14%, signal=13%","51182/7266/6396/6118/57805/3313",0.0444181153081573
"R-HSA-73856","RNA Polymerase II Transcription Termination",20,0.203410424579127,0.619402834911248,0.931906614785992,1,1,1408,"tags=40%, list=33%, signal=27%","1479/84967/6635/6628/81608/6637/22916/6636",0.0476387259290825
"R-HSA-75067","Processing of Capped Intronless Pre-mRNA",20,0.203410424579127,0.619402834911248,0.931906614785992,1,1,1408,"tags=40%, list=33%, signal=27%","1479/84967/6635/6628/81608/6637/22916/6636",0.0476387259290825
"R-HSA-350054","Notch-HLH transcription pathway",9,0.255215577190542,0.618747560731784,0.910984848484849,1,1,3222,"tags=100%, list=75%, signal=26%","3066/22938/3065/3516/8841/1387/79718/9611/51564",0.0474483193656297
"R-HSA-6804758","Regulation of TP53 Activity through Acetylation",16,-0.215180940011946,-0.61844422866016,0.93167701863354,1,1,296,"tags=12%, list=7%, signal=12%","208/29117",0.0504983044100709
"R-HSA-977347","Serine metabolism",3,0.357638888888889,0.6147252564152,0.916030534351145,1,1,2778,"tags=100%, list=64%, signal=36%","10955/57515/256987",0.0475434194201301
"R-HSA-9665686","Signaling by ERBB2 TMD/JMD mutants",4,0.326892060584494,0.613551984312905,0.919847328244275,1,1,1540,"tags=75%, list=36%, signal=48%","3320/11140/3845",0.0473534245254193
"R-HSA-9634285","Constitutive Signaling by Overexpressed ERBB2",4,0.326892060584494,0.613551984312905,0.919847328244275,1,1,1540,"tags=75%, list=36%, signal=48%","3320/11140/3845",0.0473534245254193
"R-HSA-186712","Regulation of beta-cell development",6,-0.285994713846766,-0.613308225220769,0.914342629482072,1,1,296,"tags=17%, list=7%, signal=16%","208",0.0495901956956338
"R-HSA-9830364","Formation of the nephric duct",2,0.402582587852659,0.612919722676683,0.945841392649903,1,1,660,"tags=50%, list=15%, signal=42%","1499",0.0466948041282054
"R-HSA-9931509","Expression of BMAL (ARNTL), CLOCK, and NPAS2",11,0.2360853432282,0.612145335734517,0.944990176817289,1,1,3305,"tags=100%, list=76%, signal=24%","2033/80205/6097/8648/8841/1387/79718/6095/5469/9611/1386",0.0474483193656297
"R-HSA-6804760","Regulation of TP53 Activity through Methylation",12,-0.229146636073948,-0.6119638735796,0.951754385964912,1,1,1069,"tags=25%, list=25%, signal=19%","7311/7314/387893",0.0521630305460055
"R-HSA-111931","PKA-mediated phosphorylation of CREB",8,-0.256105405472886,-0.611646290301079,0.920731707317073,1,1,840,"tags=38%, list=19%, signal=30%","5576/808/5567",0.0501934252649434
"R-HSA-442720","CREB1 phosphorylation through the activation of Adenylate Cyclase",8,-0.256105405472886,-0.611646290301079,0.920731707317073,1,1,840,"tags=38%, list=19%, signal=30%","5576/808/5567",0.0501934252649434
"R-HSA-1368108","BMAL1:CLOCK,NPAS2 activates circadian expression",6,0.289552930275654,0.611214534983998,0.906,1,1,3073,"tags=100%, list=71%, signal=29%","80205/10135/8648/1387/79718/5469",0.0501934252649434
"R-HSA-5205647","Mitophagy",25,-0.190542182021153,-0.611107591483322,0.958333333333333,1,1,1069,"tags=32%, list=25%, signal=24%","7311/1459/54543/7314/7322/9804/8878/81631",0.0494904866135495
"R-HSA-113418","Formation of the Early Elongation Complex",21,0.19769382408832,0.611082173418204,0.960474308300395,1,1,1728,"tags=52%, list=40%, signal=32%","5432/5435/51497/5441/5430/5440/22916/5434/6827/5436/5438",0.0469758727821845
"R-HSA-167158","Formation of the HIV-1 Early Elongation Complex",21,0.19769382408832,0.611082173418204,0.960474308300395,1,1,1728,"tags=52%, list=40%, signal=32%","5432/5435/51497/5441/5430/5440/22916/5434/6827/5436/5438",0.0469758727821845
"R-HSA-9956593","Enterobacterial factors antagonize host defense",13,0.221674712567067,0.609450458087178,0.92952380952381,1,1,98,"tags=8%, list=2%, signal=8%","2633",0.046788296531803
"R-HSA-73863","RNA Polymerase I Transcription Termination",13,0.219257540603248,0.602804925344334,0.933333333333333,1,1,3378,"tags=100%, list=78%, signal=22%","5435/5441/5440/5434/9014/7270/4331/79101/51082/404672/7343/5437/902",0.0466015072985992
"R-HSA-73772","RNA Polymerase I Promoter Escape",13,0.219257540603248,0.602804925344334,0.933333333333333,1,1,3378,"tags=100%, list=78%, signal=22%","5435/5441/5440/5434/9014/4331/11335/79101/51082/404672/7343/5437/902",0.0466015072985992
"R-HSA-9769739","Regulation of clotting cascade",2,-0.391837403233537,-0.601988297626541,0.919587628865979,1,1,870,"tags=50%, list=20%, signal=40%","2149",0.0509082865515105
"R-HSA-9769740","Coagulation pathway",2,-0.391837403233537,-0.601988297626541,0.919587628865979,1,1,870,"tags=50%, list=20%, signal=40%","2149",0.0509082865515105
"R-HSA-432722","Golgi Associated Vesicle Biogenesis",34,-0.170861843574844,-0.600997279223023,0.979591836734694,1,1,724,"tags=18%, list=17%, signal=15%","27131/8905/9685/2804/1362/2495",0.0475434194201301
"R-HSA-888590","GABA synthesis, release, reuptake and degradation",2,-0.390881740337885,-0.600520092001169,0.921649484536082,1,1,2635,"tags=100%, list=61%, signal=39%","3312/6844",0.0508054139066364
"R-HSA-199977","ER to Golgi Anterograde Transport",76,-0.14350098820026,-0.599639543776715,0.997929606625259,1,1,955,"tags=20%, list=22%, signal=16%","140735/377/3998/6399/11258/10383/55291/6709/10671/2804/84364/9117/11014/23243/1604",0.0473534245254193
"R-HSA-376176","Signaling by ROBO receptors",143,0.12999803653305,0.599566080548409,0.9979633401222,1,1,1084,"tags=20%, list=25%, signal=16%","5689/6231/10487/5719/51121/5688/10921/998/55110/5684/6204/5707/5683/5691/5704/5709/6166/5701/10213/5685/9978/6142/8453/5714/6207/5687/11047/2107/6144",0.0466015072985992
"R-HSA-73864","RNA Polymerase I Transcription",23,0.18609062024478,0.59730123853237,0.971751412429379,1,1,937,"tags=22%, list=22%, signal=17%","54815/3066/5435/5928/5441",0.0442407423477375
"R-HSA-73854","RNA Polymerase I Promoter Clearance",23,0.18609062024478,0.59730123853237,0.971751412429379,1,1,937,"tags=22%, list=22%, signal=17%","54815/3066/5435/5928/5441",0.0442407423477375
"R-HSA-9619483","Activation of AMPK downstream of NMDARs",11,-0.225628368345773,-0.59249365598011,0.941176470588235,1,1,760,"tags=27%, list=18%, signal=23%","808/10383/5571",0.0490939668192139
"R-HSA-975110","TRAF6 mediated IRF7 activation in TLR7/8 or 9 signaling",7,-0.256856092773509,-0.581330411563432,0.928429423459245,1,1,1069,"tags=43%, list=25%, signal=32%","7311/7314/51135",0.0487989701682839
"R-HSA-164938","Nef-mediates down modulation of cell surface receptors by recruiting them to clathrin adapters",16,0.201872790763036,0.579683832424662,0.969171483622351,1,1,1463,"tags=44%, list=34%, signal=29%","51606/1175/1173/3932/375/1174/567",0.0454059226590179
"R-HSA-9927418","Developmental Lineage of Mammary Gland Luminal Epithelial Cells",2,0.379794211509597,0.578225114092286,0.963249516441006,1,1,1044,"tags=50%, list=24%, signal=38%","3688",0.0458620343117985
"R-HSA-1660514","Synthesis of PIPs at the Golgi membrane",3,-0.336826855794662,-0.577497408461851,0.941422594142259,1,1,915,"tags=33%, list=21%, signal=26%","377",0.0504983044100709
"R-HSA-5576892","Phase 0 - rapid depolarisation",5,-0.282769800833719,-0.5763545043287,0.939330543933054,1,1,3103,"tags=100%, list=72%, signal=28%","29098/801/818/805/808",0.0506004243853618
"R-HSA-9708530","Regulation of BACH1 activity",7,-0.254384750711371,-0.575737138370713,0.932405566600398,1,1,1473,"tags=43%, list=34%, signal=28%","6500/7311/7314",0.0486034247259069
"R-HSA-9938206","Developmental Lineage of Mammary Stem Cells",3,-0.335620196436618,-0.575428563177758,0.941422594142259,1,1,1289,"tags=67%, list=30%, signal=47%","960/2625",0.0504983044100709
"R-HSA-381676","Glucagon-like Peptide-1 (GLP1) regulates insulin secretion",15,0.201200820448035,0.574527991191207,0.93939393939394,1,1,1032,"tags=27%, list=24%, signal=20%","2793/54331/5575/5906",0.0489954089862481
"R-HSA-8866427","VLDLR internalisation and degradation",11,-0.218627182957289,-0.574108742959509,0.945233265720081,1,1,1300,"tags=45%, list=30%, signal=32%","160/1211/7311/163/7314",0.0488970772260102
"R-HSA-163359","Glucagon signaling in metabolic regulation",9,-0.239020078744733,-0.573568252536768,0.934599156118143,1,1,1502,"tags=56%, list=35%, signal=36%","5573/2783/2778/5576/5567",0.051218434854034
"R-HSA-193697","p75NTR regulates axonogenesis",3,-0.33331549579123,-0.571477100795544,0.94560669456067,1,1,730,"tags=33%, list=17%, signal=28%","57142",0.0502948063662358
"R-HSA-264876","Insulin processing",9,-0.23812408967306,-0.571418178413997,0.936708860759494,1,1,1219,"tags=44%, list=28%, signal=32%","4644/6844/5873/3799",0.0511147954416412
"R-HSA-112310","Neurotransmitter release cycle",6,0.27067528191681,0.571365886060784,0.932,1,1,433,"tags=17%, list=10%, signal=15%","2744",0.0488970772260102
"R-HSA-76061","RNA Polymerase III Transcription Initiation From Type 1 Promoter",13,0.207429333341005,0.570285626003219,0.967619047619048,1,1,1464,"tags=46%, list=34%, signal=31%","5435/112495/5441/5440/51728/5434",0.0449543067640062
"R-HSA-4086398","Ca2+ pathway",21,-0.178290651017842,-0.568330882093979,0.969758064516129,1,1,836,"tags=24%, list=19%, signal=19%","10681/808/6885/5534/23112",0.0474483193656297
"R-HSA-2022854","Keratan sulfate biosynthesis",4,0.301012266742474,0.56497754406193,0.946564885496183,1,1,1554,"tags=50%, list=36%, signal=32%","2683/8703",0.0460457683018055
"R-HSA-399719","Trafficking of AMPA receptors",9,0.230824850960726,0.559614405438884,0.950757575757576,1,1,964,"tags=33%, list=22%, signal=26%","1175/4193/1173",0.0454967810085007
"R-HSA-399721","Glutamate binding, activation of AMPA receptors and synaptic plasticity",9,0.230824850960726,0.559614405438884,0.950757575757576,1,1,964,"tags=33%, list=22%, signal=26%","1175/4193/1173",0.0454967810085007
"R-HSA-191273","Cholesterol biosynthesis",12,0.206540137934248,0.555337393210825,0.974358974358974,1,1,921,"tags=25%, list=21%, signal=20%","6307/39/10654",0.042845050912155
"R-HSA-427413","NoRC negatively regulates rRNA expression",24,-0.16727416163455,-0.552200667878854,0.99163179916318,1,1,239,"tags=8%, list=6%, signal=8%","8467/64426",0.0481183992657975
"R-HSA-6803529","FGFR2 alternative splicing",21,-0.172981883155961,-0.551408308170163,0.975806451612903,1,1,505,"tags=14%, list=12%, signal=13%","2962/2963/3178",0.0471642455670861
"R-HSA-6803207","TP53 Regulates Transcription of Caspase Activators and Caspases",5,-0.269800833719315,-0.549920554908219,0.951882845188284,1,1,3159,"tags=100%, list=73%, signal=27%","834/835/7157/472/55367",0.0499913914024592
"R-HSA-6787450","tRNA modification in the mitochondrion",2,-0.357324693358019,-0.548965673208884,0.952577319587629,1,1,2780,"tags=100%, list=64%, signal=36%","3028/55687",0.0492917662312669
"R-HSA-4085001","Sialic acid metabolism",7,0.244740734197547,0.546578110431476,0.955911823647295,1,1,233,"tags=14%, list=5%, signal=14%","30815",0.0478299633114229
"R-HSA-9711097","Cellular response to starvation",101,0.123122570039027,0.545898346051164,1,1,1,786,"tags=13%, list=18%, signal=11%","51606/6231/51121/6396/10670/10641/6204/51382/10542/1965/9550/6166/389541",0.0463227785794633
"R-HSA-112382","Formation of RNA Pol II elongation complex",34,-0.154814642107717,-0.544552117336062,0.987755102040816,1,1,3660,"tags=100%, list=85%, signal=15%","5432/5435/51497/5441/8812/1025/5430/5440/22916/4300/5434/11198/6827/6749/5436/5438/9646/5439/7936/4331/6830/6917/79577/6829/5431/404672/5437/55677/902/27125/54623/23168/2962/2963",0.0471642455670861
"R-HSA-75955","RNA Polymerase II Transcription Elongation",34,-0.154814642107717,-0.544552117336062,0.987755102040816,1,1,3660,"tags=100%, list=85%, signal=15%","5432/5435/51497/5441/8812/1025/5430/5440/22916/4300/5434/11198/6827/6749/5436/5438/9646/5439/7936/4331/6830/6917/79577/6829/5431/404672/5437/55677/902/27125/54623/23168/2962/2963",0.0471642455670861
"R-HSA-2979096","NOTCH2 Activation and Transmission of Signal to the Nucleus",8,-0.227943384920781,-0.544388063688204,0.963414634146341,1,1,1069,"tags=38%, list=25%, signal=28%","7311/102/7314",0.0481183992657975
"R-HSA-167044","Signalling to RAS",7,0.242063054492455,0.540598063348802,0.959919839679359,1,1,1938,"tags=71%, list=45%, signal=39%","7867/5899/3845/9261/5900",0.0476387259290825
"R-HSA-210990","PECAM1 interactions",6,0.254806522504937,0.537868672285508,0.956,1,1,1133,"tags=33%, list=26%, signal=25%","3932/5777",0.0477342401407188
"R-HSA-416993","Trafficking of GluR2-containing AMPA receptors",6,-0.250472167226722,-0.53713104792324,0.958167330677291,1,1,1300,"tags=50%, list=30%, signal=35%","160/163/5579",0.0474483193656297
"R-HSA-187687","Signalling to ERKs",14,-0.190342153415803,-0.535901083627341,0.974155069582505,1,1,897,"tags=21%, list=21%, signal=17%","5594/2885/5604",0.0466015072985992
"R-HSA-3215018","Processing and activation of SUMO",7,-0.235171455050973,-0.532252582668163,0.966202783300199,1,1,3309,"tags=100%, list=77%, signal=23%","7341/10055/7329/6612/6613/10054/205564",0.0469758727821845
"R-HSA-9854311","Maturation of TCA enzymes and regulation of TCA cycle",13,0.19256675370962,0.52942392436928,0.986666666666667,1,1,535,"tags=15%, list=12%, signal=14%","57001/54949",0.0440640346597561
"R-HSA-5660526","Response to metal ions",5,0.258916164891153,0.528032342208681,0.965648854961832,1,1,3205,"tags=100%, list=74%, signal=26%","1465/4501/4493/4494/4502",0.0451344222209097
"R-HSA-2187338","Visual phototransduction",14,-0.187110019045569,-0.52680113240606,0.980119284294235,1,1,1323,"tags=43%, list=31%, signal=30%","51109/805/26020/3949/10681/808",0.0463227785794633
"R-HSA-5633008","TP53 Regulates Transcription of Cell Death Genes",17,-0.178517123746389,-0.525906300513901,0.974842767295597,1,1,124,"tags=6%, list=3%, signal=6%","332",0.0489954089862481
"R-HSA-9839394","TGFBR3 expression",6,-0.245100620716324,-0.525611906143759,0.966135458167331,1,1,489,"tags=17%, list=11%, signal=15%","23112",0.0470699590082662
"R-HSA-77595","Processing of Intronless Pre-mRNAs",13,-0.191584656514574,-0.523525867614098,0.974842767295597,1,1,556,"tags=15%, list=13%, signal=13%","51585/11052",0.0489954089862481
"R-HSA-5358606","Mismatch repair (MMR) directed by MSH2:MSH3 (MutSbeta)",12,0.192678363709627,0.518066373445994,0.990842490842491,1,1,1034,"tags=25%, list=24%, signal=19%","6118/4436/5425",0.042077210988939
"R-HSA-5358508","Mismatch Repair",13,0.188013028094376,0.516904363026105,0.99047619047619,1,1,1034,"tags=23%, list=24%, signal=18%","6118/4436/5425",0.0438879842863647
"R-HSA-437239","Recycling pathway of L1",22,-0.163648199072365,-0.515698215293604,0.989837398373984,1,1,1361,"tags=41%, list=31%, signal=28%","6197/1785/160/1211/9252/163/5594/10383/7430",0.0468819856878333
"R-HSA-6811436","COPI-independent Golgi-to-ER retrograde traffic",26,0.153515794304056,0.513231228829215,0.996023856858847,1,1,1550,"tags=35%, list=36%, signal=22%","1778/22930/830/832/55860/22931/5870/7846/829",0.0455878202571231
"R-HSA-5250941","Negative epigenetic regulation of rRNA expression",25,-0.156717082870418,-0.502623608281138,0.991666666666667,1,1,239,"tags=8%, list=6%, signal=8%","8467/64426",0.047925896705813
"R-HSA-3899300","SUMOylation of transcription cofactors",24,0.156257426906936,0.500029698826143,0.998091603053435,1,1,1291,"tags=33%, list=30%, signal=24%","6015/2033/1616/11315/7341/7690/25942/10210",0.0436251240000606
"R-HSA-1474290","Collagen formation",6,-0.231269798787081,-0.495952068251394,0.98406374501992,1,1,394,"tags=17%, list=9%, signal=15%","1508",0.0462302524077616
"R-HSA-9013973","TICAM1-dependent activation of IRF3/IRF7",10,0.193136549479506,0.493619285056758,0.99412915851272,1,1,1261,"tags=30%, list=29%, signal=21%","9641/3661/29110",0.0449543067640062
"R-HSA-202670","ERKs are inactivated",5,-0.241996108243693,-0.49324767568898,0.97907949790795,1,1,897,"tags=40%, list=21%, signal=32%","5594/5515",0.048701086452153
"R-HSA-201451","Signaling by BMP",2,-0.316130525341356,-0.485678179794907,0.983505154639175,1,1,2958,"tags=100%, list=68%, signal=32%","7323/64750",0.0478299633114229
"R-HSA-1474151","Tetrahydrobiopterin (BH4) synthesis, recycling, salvage and regulation",7,-0.211863184433974,-0.479500061190854,0.980119284294235,1,1,760,"tags=29%, list=18%, signal=24%","808/2644",0.0463227785794633
"R-HSA-72086","mRNA Capping",19,-0.154275092936803,-0.476776530253784,0.993736951983299,1,1,3660,"tags=100%, list=85%, signal=15%","5432/5435/5441/5430/5440/22916/5434/5436/5438/5439/8731/4331/6829/5431/404672/5437/902/2962/2963",0.047925896705813
"R-HSA-9013700","NOTCH4 Activation and Transmission of Signal to the Nucleus",5,0.233445791408182,0.476088188884778,0.988549618320611,1,1,1192,"tags=40%, list=28%, signal=29%","5663/55851",0.0440640346597561
"R-HSA-167160","RNA Pol II CTD phosphorylation and interaction with CE during HIV infection",18,-0.154239256678281,-0.473830647654745,0.995934959349594,1,1,3660,"tags=100%, list=85%, signal=15%","5432/5435/5441/5430/5440/5434/5436/5438/5439/8731/4331/6829/5431/404672/5437/902/2962/2963",0.0466015072985992
"R-HSA-77075","RNA Pol II CTD phosphorylation and interaction with CE",18,-0.154239256678281,-0.473830647654745,0.995934959349594,1,1,3660,"tags=100%, list=85%, signal=15%","5432/5435/5441/5430/5440/5434/5436/5438/5439/8731/4331/6829/5431/404672/5437/902/2962/2963",0.0466015072985992
"R-HSA-6794361","Neurexins and neuroligins",5,-0.2308939323761,-0.470618706646776,0.985355648535565,1,1,3327,"tags=100%, list=77%, signal=23%","28988/26037/1741/81858/2035",0.0484087618816951
"R-HSA-936964","Activation of IRF3, IRF7 mediated by TBK1, IKKε (IKBKE)",11,0.178571428571429,0.463017591862061,0.996070726915521,1,1,3553,"tags=100%, list=82%, signal=18%","9641/3661/29110/10133/7316/6233/10010/7187/7311/5781/7314",0.0450442767152795
"R-HSA-1799339","SRP-dependent cotranslational protein targeting to membrane",100,0.102659001731724,0.455329076820002,1,1,1,184,"tags=4%, list=4%, signal=4%","1650/6231/58477/51121",0.044774889329693
"R-HSA-1170546","Prolactin receptor signaling",5,0.222556739231126,0.45388110989494,0.99236641221374,1,1,3362,"tags=100%, list=78%, signal=22%","9978/6776/8454/6500/5781",0.0438879842863647
"R-HSA-5693537","Resolution of D-Loop Structures",17,-0.15397101677903,-0.453594176969038,0.991614255765199,1,1,1716,"tags=53%, list=40%, signal=32%","5888/10635/1763/472/116028/5932/5892/580/80198",0.0482149710025564
"R-HSA-5693568","Resolution of D-loop Structures through Holliday Junction Intermediates",17,-0.15397101677903,-0.453594176969038,0.991614255765199,1,1,1716,"tags=53%, list=40%, signal=32%","5888/10635/1763/472/116028/5932/5892/580/80198",0.0482149710025564
"R-HSA-8978934","Metabolism of cofactors",9,-0.188416246463841,-0.452135978706699,0.989451476793249,1,1,760,"tags=22%, list=18%, signal=18%","808/2644",0.0486034247259069
"R-HSA-9754678","SARS-CoV-2 modulates host translation machinery",40,-0.123088074987688,-0.448797684167218,1,1,1,261,"tags=5%, list=6%, signal=5%","6205/6187",0.0477342401407188
"R-HSA-9668328","Sealing of the nuclear envelope (NE) by ESCRT-III",14,0.156880946855419,0.446499462240719,1,1,1,3647,"tags=100%, list=84%, signal=16%","29082/79643/7846/10376/27183/91782/84790/27243/51652/7277/9798/128866/25978/10383",0.04577044581081
"R-HSA-1502540","Signaling by Activin",3,-0.254488562648854,-0.436326506881888,0.997907949790795,1,1,1453,"tags=67%, list=34%, signal=44%","4087/5594",0.0478299633114229
"R-HSA-9824878","Regulation of TBK1, IKKε (IKBKE)-mediated activation of IRF3, IRF7",9,0.178488641631896,0.432729901692528,0.99810606060606,1,1,3553,"tags=100%, list=82%, signal=18%","9641/29110/10133/7316/6233/10010/7187/7311/7314",0.0432768714901103
"R-HSA-9828211","Regulation of TBK1, IKKε-mediated activation of IRF3, IRF7 upon TLR3 ligation",9,0.178488641631896,0.432729901692528,0.99810606060606,1,1,3553,"tags=100%, list=82%, signal=18%","9641/29110/10133/7316/6233/10010/7187/7311/7314",0.0432768714901103
"R-HSA-9629569","Protein hydroxylation",12,-0.158321008433513,-0.422815448003063,0.995614035087719,1,1,1353,"tags=33%, list=31%, signal=23%","4733/23210/91433/11338",0.0500922874402106
"R-HSA-8866910","TFAP2 (AP-2) family regulates transcription of growth factors and their receptors",2,-0.271889341501251,-0.417709489912041,1,1,1,944,"tags=50%, list=22%, signal=39%","29028",0.0470699590082662
"R-HSA-1251985","Nuclear signaling by ERBB4",8,0.170006557761412,0.413723965935669,1,1,1,1968,"tags=75%, list=46%, signal=41%","5663/55851/51107/23118/6776/6868",0.044774889329693
"R-HSA-425410","Metal ion SLC transporters",7,0.182605795019597,0.4078124988997,0.997995991983968,1,1,1523,"tags=43%, list=35%, signal=28%","27173/801/7922",0.0458620343117985
"R-HSA-9824594","Regulation of MITF-M-dependent genes involved in apoptosis",10,0.144802575598392,0.370087091407006,1,1,1,1865,"tags=50%, list=43%, signal=28%","597/25942/23405/3065/57690",0.0446854397644147
NA,NA,NA,NA,NA,NA,NA,NA,NA,NA,NA,NA
NA,NA,NA,NA,NA,NA,NA,NA,NA,NA,NA,NA
NA,NA,NA,NA,NA,NA,NA,NA,NA,NA,NA,NA
NA,NA,NA,NA,NA,NA,NA,NA,NA,NA,NA,NA
NA,NA,NA,NA,NA,NA,NA,NA,NA,NA,NA,NA
NA,NA,NA,NA,NA,NA,NA,NA,NA,NA,NA,NA
NA,NA,NA,NA,NA,NA,NA,NA,NA,NA,NA,NA
NA,NA,NA,NA,NA,NA,NA,NA,NA,NA,NA,NA
NA,NA,NA,NA,NA,NA,NA,NA,NA,NA,NA,NA
NA,NA,NA,NA,NA,NA,NA,NA,NA,NA,NA,NA
NA,NA,NA,NA,NA,NA,NA,NA,NA,NA,NA,NA
NA,NA,NA,NA,NA,NA,NA,NA,NA,NA,NA,NA
NA,NA,NA,NA,NA,NA,NA,NA,NA,NA,NA,NA
NA,NA,NA,NA,NA,NA,NA,NA,NA,NA,NA,NA
NA,NA,NA,NA,NA,NA,NA,NA,NA,NA,NA,NA
NA,NA,NA,NA,NA,NA,NA,NA,NA,NA,NA,NA
NA,NA,NA,NA,NA,NA,NA,NA,NA,NA,NA,NA
NA,NA,NA,NA,NA,NA,NA,NA,NA,NA,NA,NA
NA,NA,NA,NA,NA,NA,NA,NA,NA,NA,NA,NA
NA,NA,NA,NA,NA,NA,NA,NA,NA,NA,NA,NA
NA,NA,NA,NA,NA,NA,NA,NA,NA,NA,NA,NA
NA,NA,NA,NA,NA,NA,NA,NA,NA,NA,NA,NA
NA,NA,NA,NA,NA,NA,NA,NA,NA,NA,NA,NA
NA,NA,NA,NA,NA,NA,NA,NA,NA,NA,NA,NA
NA,NA,NA,NA,NA,NA,NA,NA,NA,NA,NA,NA
NA,NA,NA,NA,NA,NA,NA,NA,NA,NA,NA,NA
NA,NA,NA,NA,NA,NA,NA,NA,NA,NA,NA,NA
NA,NA,NA,NA,NA,NA,NA,NA,NA,NA,NA,NA
NA,NA,NA,NA,NA,NA,NA,NA,NA,NA,NA,NA
NA,NA,NA,NA,NA,NA,NA,NA,NA,NA,NA,NA
NA,NA,NA,NA,NA,NA,NA,NA,NA,NA,NA,NA
NA,NA,NA,NA,NA,NA,NA,NA,NA,NA,NA,NA
NA,NA,NA,NA,NA,NA,NA,NA,NA,NA,NA,NA
NA,NA,NA,NA,NA,NA,NA,NA,NA,NA,NA,NA
NA,NA,NA,NA,NA,NA,NA,NA,NA,NA,NA,NA
NA,NA,NA,NA,NA,NA,NA,NA,NA,NA,NA,NA
NA,NA,NA,NA,NA,NA,NA,NA,NA,NA,NA,NA
NA,NA,NA,NA,NA,NA,NA,NA,NA,NA,NA,NA
NA,NA,NA,NA,NA,NA,NA,NA,NA,NA,NA,NA
NA,NA,NA,NA,NA,NA,NA,NA,NA,NA,NA,NA
NA,NA,NA,NA,NA,NA,NA,NA,NA,NA,NA,NA
NA,NA,NA,NA,NA,NA,NA,NA,NA,NA,NA,NA
NA,NA,NA,NA,NA,NA,NA,NA,NA,NA,NA,NA
NA,NA,NA,NA,NA,NA,NA,NA,NA,NA,NA,NA
NA,NA,NA,NA,NA,NA,NA,NA,NA,NA,NA,NA
NA,NA,NA,NA,NA,NA,NA,NA,NA,NA,NA,NA
NA,NA,NA,NA,NA,NA,NA,NA,NA,NA,NA,NA
NA,NA,NA,NA,NA,NA,NA,NA,NA,NA,NA,NA
NA,NA,NA,NA,NA,NA,NA,NA,NA,NA,NA,NA
NA,NA,NA,NA,NA,NA,NA,NA,NA,NA,NA,NA
NA,NA,NA,NA,NA,NA,NA,NA,NA,NA,NA,NA
NA,NA,NA,NA,NA,NA,NA,NA,NA,NA,NA,NA
NA,NA,NA,NA,NA,NA,NA,NA,NA,NA,NA,NA
NA,NA,NA,NA,NA,NA,NA,NA,NA,NA,NA,NA
NA,NA,NA,NA,NA,NA,NA,NA,NA,NA,NA,NA
NA,NA,NA,NA,NA,NA,NA,NA,NA,NA,NA,NA
NA,NA,NA,NA,NA,NA,NA,NA,NA,NA,NA,NA
NA,NA,NA,NA,NA,NA,NA,NA,NA,NA,NA,NA
NA,NA,NA,NA,NA,NA,NA,NA,NA,NA,NA,NA
NA,NA,NA,NA,NA,NA,NA,NA,NA,NA,NA,NA
NA,NA,NA,NA,NA,NA,NA,NA,NA,NA,NA,NA
NA,NA,NA,NA,NA,NA,NA,NA,NA,NA,NA,NA
NA,NA,NA,NA,NA,NA,NA,NA,NA,NA,NA,NA
NA,NA,NA,NA,NA,NA,NA,NA,NA,NA,NA,NA
NA,NA,NA,NA,NA,NA,NA,NA,NA,NA,NA,NA
NA,NA,NA,NA,NA,NA,NA,NA,NA,NA,NA,NA
NA,NA,NA,NA,NA,NA,NA,NA,NA,NA,NA,NA
NA,NA,NA,NA,NA,NA,NA,NA,NA,NA,NA,NA
NA,NA,NA,NA,NA,NA,NA,NA,NA,NA,NA,NA
NA,NA,NA,NA,NA,NA,NA,NA,NA,NA,NA,NA
NA,NA,NA,NA,NA,NA,NA,NA,NA,NA,NA,NA
NA,NA,NA,NA,NA,NA,NA,NA,NA,NA,NA,NA
NA,NA,NA,NA,NA,NA,NA,NA,NA,NA,NA,NA
NA,NA,NA,NA,NA,NA,NA,NA,NA,NA,NA,NA
NA,NA,NA,NA,NA,NA,NA,NA,NA,NA,NA,NA
NA,NA,NA,NA,NA,NA,NA,NA,NA,NA,NA,NA
NA,NA,NA,NA,NA,NA,NA,NA,NA,NA,NA,NA
NA,NA,NA,NA,NA,NA,NA,NA,NA,NA,NA,NA
NA,NA,NA,NA,NA,NA,NA,NA,NA,NA,NA,NA
NA,NA,NA,NA,NA,NA,NA,NA,NA,NA,NA,NA
NA,NA,NA,NA,NA,NA,NA,NA,NA,NA,NA,NA
NA,NA,NA,NA,NA,NA,NA,NA,NA,NA,NA,NA
NA,NA,NA,NA,NA,NA,NA,NA,NA,NA,NA,NA
NA,NA,NA,NA,NA,NA,NA,NA,NA,NA,NA,NA
NA,NA,NA,NA,NA,NA,NA,NA,NA,NA,NA,NA
NA,NA,NA,NA,NA,NA,NA,NA,NA,NA,NA,NA
NA,NA,NA,NA,NA,NA,NA,NA,NA,NA,NA,NA
NA,NA,NA,NA,NA,NA,NA,NA,NA,NA,NA,NA
NA,NA,NA,NA,NA,NA,NA,NA,NA,NA,NA,NA
NA,NA,NA,NA,NA,NA,NA,NA,NA,NA,NA,NA
NA,NA,NA,NA,NA,NA,NA,NA,NA,NA,NA,NA
NA,NA,NA,NA,NA,NA,NA,NA,NA,NA,NA,NA
NA,NA,NA,NA,NA,NA,NA,NA,NA,NA,NA,NA
NA,NA,NA,NA,NA,NA,NA,NA,NA,NA,NA,NA
NA,NA,NA,NA,NA,NA,NA,NA,NA,NA,NA,NA
